# This file uses centimeters as units for non-parametric coordinates.

mtllib Lowpoly_Manometer.mtl
g default
v -3.994762 1.361240 0.032204
v -3.989733 1.361240 -0.059956
v -4.283173 1.361240 -0.029766
v -4.163782 1.361240 0.239986
v -4.086272 1.361240 0.189888
v -4.028032 1.361240 0.118290
v -3.989733 1.335196 -0.059956
v -3.994762 1.335196 0.032204
v -4.151412 1.335195 -0.001457
v -4.149113 1.335195 -0.043560
v -4.013422 1.335196 -0.149158
v -4.159932 1.335195 -0.084312
v -4.063514 1.335196 -0.226673
v -4.182822 1.335195 -0.119724
v -4.135113 1.335196 -0.284916
v -4.215532 1.335195 -0.146336
v -4.221204 1.335196 -0.318176
v -4.254864 1.335195 -0.161530
v -4.313362 1.335196 -0.323212
v -4.296963 1.335195 -0.163830
v -4.402562 1.335196 -0.299522
v -4.337712 1.335195 -0.153008
v -4.480072 1.335196 -0.249424
v -4.373122 1.335195 -0.130123
v -4.538313 1.335196 -0.177826
v -4.399733 1.335195 -0.097408
v -4.571584 1.335196 -0.091736
v -4.414932 1.335195 -0.058075
v -4.576612 1.335196 0.000423
v -4.417233 1.335195 -0.015976
v -4.552922 1.335196 0.089622
v -4.406412 1.335195 0.024776
v -4.502832 1.335196 0.167137
v -4.383522 1.335195 0.060188
v -4.431232 1.335196 0.225384
v -4.350813 1.335195 0.086800
v -4.345142 1.335196 0.258644
v -4.311482 1.335195 0.101994
v -4.252982 1.335196 0.263676
v -4.269382 1.335195 0.104294
v -4.163782 1.335196 0.239986
v -4.228633 1.335195 0.093472
v -4.086272 1.335196 0.189888
v -4.193213 1.335195 0.070587
v -4.028032 1.335196 0.118290
v -4.166602 1.335195 0.037876
v -3.916463 1.330396 0.103794
v -3.919723 1.330396 0.030411
v -3.773178 1.321710 0.146542
v -3.767039 1.321710 0.206852
v -3.948512 1.330396 -0.043022
v -3.801565 1.321710 0.085049
v -4.128622 1.330396 0.267365
v -4.050583 1.330396 0.255924
v -3.877048 1.321710 0.325535
v -3.944524 1.321710 0.331402
v -3.985264 1.330396 0.222351
v -3.821645 1.321710 0.300949
v -3.939042 1.330396 0.169930
v -3.783738 1.321710 0.260052
v -3.919812 1.356087 0.030239
v -3.916602 1.356087 0.103649
v -3.767449 1.346766 0.206444
v -3.773447 1.346766 0.146061
v -3.985453 1.356087 0.222290
v -4.050782 1.356087 0.255928
v -3.877601 1.346766 0.325542
v -3.822195 1.346766 0.300789
v -3.939222 1.356087 0.169827
v -3.784245 1.346766 0.259758
v -2.218725 1.256039 1.160152
v -2.221143 1.256039 1.162457
v -2.208833 1.256040 1.174011
v -2.223296 1.256039 1.165619
v -2.224972 1.256039 1.169056
v -2.225767 1.256039 1.172291
v -2.186969 1.239365 1.171757
v -2.187346 1.239365 1.178627
v -2.208833 1.239364 1.174011
v -2.188733 1.239365 1.165112
v -2.192467 1.239365 1.159340
v -2.197801 1.239365 1.154999
v -2.207685 1.239365 1.154087
v -2.212584 1.239367 1.154739
v -2.218022 1.239367 1.157494
v -2.221685 1.239367 1.160404
v -2.225285 1.239367 1.164463
v -2.227023 1.239367 1.169601
v -2.227731 1.239367 1.174221
v -2.227424 1.239367 1.180309
v -2.225560 1.239365 1.184891
v -2.219861 1.239365 1.193016
v -2.213450 1.239365 1.195499
v -2.206582 1.239365 1.195869
v -2.199939 1.239367 1.194107
v -2.194162 1.239367 1.190372
v -2.189823 1.239367 1.185040
v -4.017194 1.361240 -0.146778
v -3.946503 1.356087 -0.037998
v -4.066882 1.361240 -0.223660
v -4.137372 1.361240 -0.281010
v -4.222153 1.361240 -0.313763
v -4.312893 1.361240 -0.318718
v -4.400732 1.361240 -0.295391
v -4.477062 1.361240 -0.246059
v -4.534412 1.361240 -0.175560
v -4.567163 1.361240 -0.090786
v -4.572123 1.361240 -0.000038
v -4.548794 1.361240 0.087795
v -4.499462 1.361240 0.164124
v -4.428972 1.361240 0.221478
v -4.344192 1.361240 0.254227
v -4.252792 1.361240 0.259220
v -4.123273 1.356087 0.266609
v -3.804262 1.347181 0.087929
v -3.943342 1.347180 0.327625
v -2.189425 1.256039 1.178181
v -2.191665 1.256040 1.183971
v -2.189084 1.256039 1.171974
v -2.190681 1.256040 1.165977
v -2.194053 1.256040 1.160755
v -2.198310 1.256040 1.157623
v -2.208291 1.256040 1.156155
v -2.214663 1.256039 1.157158
v -2.226358 1.256039 1.177311
v -2.224082 1.256040 1.183350
v -2.217876 1.256040 1.191326
v -2.213006 1.256040 1.193420
v -2.206802 1.256040 1.193756
v -2.200798 1.256040 1.192162
v -2.195583 1.256040 1.188789
vt 0.702944 0.440122
vt 0.704636 0.441240
vt 0.700261 0.446027
vt 0.697061 0.440386
vt 0.698961 0.439673
vt 0.700988 0.439583
vt 0.697799 0.372373
vt 0.699493 0.371252
vt 0.700953 0.374459
vt 0.700179 0.374970
vt 0.696536 0.373960
vt 0.699601 0.375696
vt 0.695826 0.375862
vt 0.699278 0.376564
vt 0.695735 0.377889
vt 0.699237 0.377491
vt 0.696277 0.379845
vt 0.699485 0.378383
vt 0.697398 0.381536
vt 0.699996 0.379157
vt 0.698986 0.382800
vt 0.700722 0.379735
vt 0.700888 0.383512
vt 0.701590 0.380059
vt 0.702914 0.383600
vt 0.702516 0.380100
vt 0.704869 0.383058
vt 0.703409 0.379853
vt 0.706562 0.381937
vt 0.704182 0.379341
vt 0.707826 0.380350
vt 0.704760 0.378616
vt 0.708538 0.378450
vt 0.705085 0.377747
vt 0.708626 0.376422
vt 0.705124 0.376820
vt 0.708083 0.374466
vt 0.704877 0.375928
vt 0.706963 0.372774
vt 0.704366 0.375153
vt 0.705375 0.371511
vt 0.703641 0.374577
vt 0.703475 0.370800
vt 0.702772 0.374252
vt 0.701448 0.370712
vt 0.701846 0.374210
vt 0.699728 0.368930
vt 0.698476 0.369949
vt 0.698601 0.365834
vt 0.699587 0.364935
vt 0.697555 0.371417
vt 0.697887 0.367140
vt 0.705401 0.370525
vt 0.704173 0.369301
vt 0.703124 0.365320
vt 0.704115 0.366432
vt 0.702723 0.368588
vt 0.701964 0.364665
vt 0.701192 0.368461
vt 0.700746 0.364533
vt 0.703962 0.438820
vt 0.702706 0.437802
vt 0.702845 0.433817
vt 0.703834 0.434713
vt 0.699708 0.437465
vt 0.698259 0.438178
vt 0.699298 0.434202
vt 0.700461 0.433548
vt 0.701241 0.437337
vt 0.701684 0.433417
vt 0.706294 0.393927
vt 0.706222 0.393939
vt 0.706180 0.393571
vt 0.706137 0.393936
vt 0.706055 0.393921
vt 0.705987 0.393892
vt 0.695890 0.324354
vt 0.696015 0.324271
vt 0.696217 0.324711
vt 0.695796 0.324473
vt 0.695743 0.324614
vt 0.695735 0.324765
vt 0.695849 0.324951
vt 0.695926 0.325030
vt 0.696045 0.325090
vt 0.696145 0.325116
vt 0.696264 0.325126
vt 0.696377 0.325090
vt 0.696469 0.325041
vt 0.696571 0.324957
vt 0.696628 0.324863
vt 0.696696 0.324656
vt 0.696656 0.324509
vt 0.696572 0.324385
vt 0.696454 0.324290
vt 0.696312 0.324237
vt 0.696161 0.324231
vt 0.176295 0.272387
vt 0.176295 0.275243
vt 0.175823 0.275142
vt 0.175823 0.272324
vt 0.176330 0.270304
vt 0.175823 0.270300
vt 0.176330 0.268248
vt 0.175823 0.268248
vt 0.176330 0.266194
vt 0.175823 0.266194
vt 0.176330 0.264140
vt 0.175823 0.264140
vt 0.176330 0.262085
vt 0.175823 0.262085
vt 0.176330 0.260031
vt 0.175823 0.260031
vt 0.176330 0.257978
vt 0.175823 0.257978
vt 0.176330 0.255924
vt 0.175823 0.255924
vt 0.176330 0.253870
vt 0.175823 0.253870
vt 0.176330 0.251816
vt 0.175823 0.251816
vt 0.176330 0.249761
vt 0.175823 0.249762
vt 0.176330 0.247707
vt 0.175823 0.247707
vt 0.176330 0.245653
vt 0.175823 0.245653
vt 0.176330 0.243598
vt 0.175823 0.243585
vt 0.176330 0.240697
vt 0.175823 0.240785
vt 0.176295 0.279497
vt 0.175823 0.279537
vt 0.176330 0.236435
vt 0.175823 0.236396
vt 0.176295 0.323469
vt 0.176295 0.323616
vt 0.175823 0.323616
vt 0.175823 0.323469
vt 0.176295 0.323323
vt 0.175823 0.323323
vt 0.176295 0.323176
vt 0.175823 0.323176
vt 0.176295 0.323030
vt 0.175823 0.323030
vt 0.176295 0.322906
vt 0.175823 0.322883
vt 0.176295 0.322674
vt 0.175823 0.322666
vt 0.176295 0.322530
vt 0.175823 0.322555
vt 0.176330 0.193403
vt 0.175823 0.193377
vt 0.176330 0.193259
vt 0.175823 0.193267
vt 0.176330 0.193026
vt 0.175823 0.193049
vt 0.176330 0.192902
vt 0.175823 0.192903
vt 0.176330 0.192755
vt 0.175823 0.192756
vt 0.176330 0.192609
vt 0.175823 0.192609
vt 0.176330 0.192462
vt 0.175823 0.192464
vt 0.176330 0.192317
vt 0.175823 0.192317
vt 0.705810 0.442862
vt 0.706517 0.444747
vt 0.706606 0.446742
vt 0.706076 0.448668
vt 0.704974 0.450336
vt 0.703411 0.451582
vt 0.701540 0.452284
vt 0.699544 0.452373
vt 0.697618 0.451842
vt 0.695950 0.450739
vt 0.694705 0.449177
vt 0.694004 0.447306
vt 0.693914 0.445310
vt 0.694447 0.443384
vt 0.695554 0.441705
vt 0.704819 0.440184
vt 0.704459 0.436018
vt 0.697117 0.439315
vt 0.698398 0.435334
vt 0.706359 0.393174
vt 0.706474 0.393248
vt 0.706558 0.393355
vt 0.706606 0.393484
vt 0.706605 0.393599
vt 0.706501 0.393795
vt 0.706401 0.393894
vt 0.705891 0.393837
vt 0.705815 0.393717
vt 0.705755 0.393503
vt 0.705783 0.393390
vt 0.705857 0.393277
vt 0.705965 0.393192
vt 0.706092 0.393143
vt 0.706228 0.393137
vn 0.000000 1.000000 0.000000
vn 0.000000 1.000000 0.000000
vn 0.000000 1.000000 0.000000
vn 0.007508 0.999553 0.028957
vn 0.014737 0.999575 0.025146
vn 0.000000 1.000000 0.000000
vn 0.013361 0.999847 0.011250
vn 0.016754 0.999760 0.014107
vn 0.000000 1.000000 0.000000
vn 0.020559 0.999760 0.007546
vn 0.016396 0.999847 0.006018
vn 0.000000 1.000000 0.000000
vn -0.031838 -0.999461 0.008042
vn -0.024798 -0.999687 -0.003171
vn 0.000008 -1.000000 -0.000002
vn 0.000008 -1.000000 -0.000005
vn -0.003677 -0.999993 0.001184
vn -0.031838 -0.999461 0.008042
vn 0.000008 -1.000000 -0.000005
vn 0.000007 -1.000000 -0.000004
vn 0.000006 -1.000000 -0.000006
vn -0.003677 -0.999993 0.001184
vn 0.000007 -1.000000 -0.000004
vn 0.000006 -1.000000 -0.000006
vn 0.000004 -1.000000 -0.000006
vn 0.000006 -1.000000 -0.000006
vn 0.000006 -1.000000 -0.000006
vn 0.000004 -1.000000 -0.000006
vn 0.000001 -1.000000 -0.000006
vn 0.000004 -1.000000 -0.000006
vn 0.000004 -1.000000 -0.000006
vn 0.000001 -1.000000 -0.000006
vn -0.000002 -1.000000 -0.000004
vn 0.000001 -1.000000 -0.000006
vn 0.000001 -1.000000 -0.000006
vn -0.000002 -1.000000 -0.000004
vn -0.000001 -1.000000 -0.000007
vn -0.000002 -1.000000 -0.000004
vn -0.000002 -1.000000 -0.000004
vn -0.000001 -1.000000 -0.000007
vn -0.000002 -1.000000 -0.000008
vn -0.000001 -1.000000 -0.000007
vn -0.000001 -1.000000 -0.000007
vn -0.000002 -1.000000 -0.000008
vn -0.000005 -1.000000 -0.000003
vn -0.000002 -1.000000 -0.000008
vn -0.000002 -1.000000 -0.000008
vn -0.000005 -1.000000 -0.000003
vn -0.000008 -1.000000 0.000002
vn -0.000005 -1.000000 -0.000003
vn -0.000005 -1.000000 -0.000003
vn -0.000008 -1.000000 0.000002
vn -0.000008 -1.000000 0.000005
vn -0.000008 -1.000000 0.000002
vn -0.000008 -1.000000 0.000002
vn -0.000008 -1.000000 0.000005
vn -0.000007 -1.000000 0.000004
vn -0.000008 -1.000000 0.000005
vn -0.000008 -1.000000 0.000005
vn -0.000007 -1.000000 0.000004
vn -0.000005 -1.000000 0.000005
vn -0.000007 -1.000000 0.000004
vn -0.000007 -1.000000 0.000004
vn -0.000005 -1.000000 0.000005
vn -0.000004 -1.000000 0.000006
vn -0.000005 -1.000000 0.000005
vn -0.000005 -1.000000 0.000005
vn -0.000004 -1.000000 0.000006
vn -0.000003 -1.000000 0.000009
vn -0.000004 -1.000000 0.000006
vn -0.000004 -1.000000 0.000006
vn -0.000003 -1.000000 0.000009
vn -0.000795 -0.999993 -0.003780
vn -0.000003 -1.000000 0.000009
vn -0.000003 -1.000000 0.000009
vn 0.000000 -1.000000 0.000007
vn -0.008812 -0.999461 -0.031636
vn -0.000795 -0.999993 -0.003780
vn 0.000000 -1.000000 0.000007
vn 0.000001 -1.000000 0.000007
vn -0.015057 -0.999687 -0.019960
vn -0.008812 -0.999461 -0.031636
vn 0.000001 -1.000000 0.000007
vn 0.000002 -1.000000 0.000008
vn -0.019735 -0.999740 -0.011452
vn -0.015057 -0.999687 -0.019960
vn 0.000002 -1.000000 0.000008
vn 0.000005 -1.000000 0.000003
vn -0.024798 -0.999687 -0.003171
vn -0.019735 -0.999740 -0.011452
vn 0.000005 -1.000000 0.000003
vn 0.000008 -1.000000 -0.000002
vn -0.053467 -0.998544 -0.007131
vn -0.075902 -0.996968 0.017120
vn -0.064369 -0.997792 0.016358
vn -0.050273 -0.998720 -0.005637
vn -0.075902 -0.996968 0.017120
vn -0.121927 -0.991660 0.041757
vn -0.078631 -0.996427 0.030832
vn -0.064369 -0.997792 0.016358
vn -0.024236 -0.991659 -0.126589
vn -0.022794 -0.996968 -0.074398
vn -0.017725 -0.997791 -0.064021
vn -0.012234 -0.996427 -0.083574
vn -0.022794 -0.996968 -0.074398
vn -0.032724 -0.998544 -0.042882
vn -0.029828 -0.998720 -0.040859
vn -0.017725 -0.997791 -0.064021
vn -0.032724 -0.998544 -0.042882
vn -0.041599 -0.998843 -0.024140
vn -0.039776 -0.998942 -0.023082
vn -0.029828 -0.998720 -0.040859
vn -0.041599 -0.998843 -0.024140
vn -0.053467 -0.998544 -0.007131
vn -0.050273 -0.998720 -0.005637
vn -0.039776 -0.998942 -0.023082
vn 0.080400 0.996617 -0.017044
vn 0.057442 0.998319 0.007711
vn 0.055682 0.998434 0.005332
vn 0.070187 0.997387 -0.017138
vn 0.035194 0.998319 0.046045
vn 0.025082 0.996616 0.078281
vn 0.019913 0.997386 0.069465
vn 0.032254 0.998435 0.045694
vn 0.044727 0.998662 0.025959
vn 0.035194 0.998319 0.046045
vn 0.032254 0.998435 0.045694
vn 0.043642 0.998726 0.025317
vn 0.057442 0.998319 0.007711
vn 0.044727 0.998662 0.025959
vn 0.043642 0.998726 0.025317
vn 0.055682 0.998434 0.005332
vn 0.067859 0.997583 -0.014965
vn 0.054745 0.998482 0.006102
vn -0.000010 1.000000 -0.000009
vn 0.054745 0.998482 0.006102
vn 0.043385 0.998741 0.025166
vn -0.000010 1.000000 -0.000009
vn 0.043385 0.998741 0.025166
vn 0.032456 0.998482 0.044496
vn -0.000010 1.000000 -0.000009
vn 0.032456 0.998482 0.044496
vn 0.020647 0.997582 0.066366
vn -0.000010 1.000000 -0.000009
vn 0.000134 -1.000000 -0.000153
vn 0.000134 -1.000000 -0.000153
vn 0.000134 -1.000000 -0.000153
vn 0.000027 -1.000000 0.000016
vn 0.000027 -1.000000 0.000016
vn 0.000027 -1.000000 0.000016
vn 0.000042 -1.000000 -0.000033
vn 0.000042 -1.000000 -0.000033
vn 0.000042 -1.000000 -0.000033
vn 0.000056 -1.000000 -0.000083
vn 0.000056 -1.000000 -0.000083
vn 0.000056 -1.000000 -0.000083
vn 0.000020 -1.000000 -0.000075
vn 0.000020 -1.000000 -0.000075
vn 0.000020 -1.000000 -0.000075
vn -0.000484 -1.000000 0.000075
vn -0.000484 -1.000000 0.000075
vn -0.000484 -1.000000 0.000075
vn -0.062394 -0.997940 0.014953
vn -0.068280 -0.997368 0.024393
vn -0.000110 -1.000000 -0.000064
vn -0.049537 -0.998755 -0.005830
vn -0.062394 -0.997940 0.014953
vn 0.000048 -1.000000 -0.000367
vn -0.039411 -0.998961 -0.022870
vn -0.049537 -0.998755 -0.005830
vn -0.000130 -1.000000 -0.000075
vn -0.029627 -0.998755 -0.040127
vn -0.039411 -0.998961 -0.022870
vn -0.000130 -1.000000 -0.000075
vn -0.017960 -0.997938 -0.061617
vn -0.029627 -0.998755 -0.040127
vn -0.000296 -1.000000 0.000224
vn -0.012687 -0.997367 -0.071403
vn -0.017960 -0.997938 -0.061617
vn -0.000045 -1.000000 -0.000176
vn -0.000175 -1.000000 -0.000457
vn -0.000175 -1.000000 -0.000457
vn -0.000175 -1.000000 -0.000457
vn -0.000055 -1.000000 0.000055
vn -0.000055 -1.000000 0.000055
vn -0.000055 -1.000000 0.000055
vn -0.000044 -1.000000 0.000090
vn -0.000044 -1.000000 0.000090
vn -0.000044 -1.000000 0.000090
vn 0.000017 -1.000000 0.000010
vn 0.000017 -1.000000 0.000010
vn 0.000017 -1.000000 0.000010
vn 0.000424 -1.000000 -0.000216
vn 0.000424 -1.000000 -0.000216
vn 0.000424 -1.000000 -0.000216
vn 0.000102 -1.000000 0.000059
vn 0.000102 -1.000000 0.000059
vn 0.000102 -1.000000 0.000059
vn 0.000113 -1.000000 0.000065
vn 0.000113 -1.000000 0.000065
vn 0.000113 -1.000000 0.000065
vn -0.000188 -1.000000 0.000584
vn -0.000188 -1.000000 0.000584
vn -0.000188 -1.000000 0.000584
vn -0.024798 -0.999687 -0.003171
vn -0.031838 -0.999461 0.008042
vn -0.075902 -0.996968 0.017120
vn -0.053467 -0.998544 -0.007131
vn -0.031838 -0.999461 0.008042
vn -0.003677 -0.999993 0.001184
vn -0.121927 -0.991660 0.041757
vn -0.075902 -0.996968 0.017120
vn 0.028866 0.999553 -0.007848
vn 0.029145 0.999575 0.000324
vn 0.057442 0.998319 0.007711
vn 0.080400 0.996617 -0.017044
vn 0.016396 0.999847 0.006018
vn 0.020559 0.999760 0.007546
vn 0.044727 0.998662 0.025959
vn 0.057442 0.998319 0.007711
vn 0.016754 0.999760 0.014107
vn 0.013361 0.999847 0.011250
vn 0.035194 0.998319 0.046045
vn 0.044727 0.998662 0.025959
vn 0.014737 0.999575 0.025146
vn 0.007508 0.999553 0.028957
vn 0.025082 0.996616 0.078281
vn 0.035194 0.998319 0.046045
vn -0.000795 -0.999993 -0.003780
vn -0.008812 -0.999461 -0.031636
vn -0.022794 -0.996968 -0.074398
vn -0.024236 -0.991659 -0.126589
vn -0.008812 -0.999461 -0.031636
vn -0.015057 -0.999687 -0.019960
vn -0.032724 -0.998544 -0.042882
vn -0.022794 -0.996968 -0.074398
vn -0.015057 -0.999687 -0.019960
vn -0.019735 -0.999740 -0.011452
vn -0.041599 -0.998843 -0.024140
vn -0.032724 -0.998544 -0.042882
vn -0.019735 -0.999740 -0.011452
vn -0.024798 -0.999687 -0.003171
vn -0.053467 -0.998544 -0.007131
vn -0.041599 -0.998843 -0.024140
vn -0.039776 -0.998942 -0.023082
vn -0.050273 -0.998720 -0.005637
vn -0.049537 -0.998755 -0.005830
vn -0.039411 -0.998961 -0.022870
vn -0.029828 -0.998720 -0.040859
vn -0.039776 -0.998942 -0.023082
vn -0.039411 -0.998961 -0.022870
vn -0.029627 -0.998755 -0.040127
vn -0.017725 -0.997791 -0.064021
vn -0.029828 -0.998720 -0.040859
vn -0.029627 -0.998755 -0.040127
vn -0.017960 -0.997938 -0.061617
vn -0.012234 -0.996427 -0.083574
vn -0.017725 -0.997791 -0.064021
vn -0.017960 -0.997938 -0.061617
vn -0.012687 -0.997367 -0.071403
vn 0.032254 0.998435 0.045694
vn 0.019913 0.997386 0.069465
vn 0.020647 0.997582 0.066366
vn 0.032456 0.998482 0.044496
vn 0.043642 0.998726 0.025317
vn 0.032254 0.998435 0.045694
vn 0.032456 0.998482 0.044496
vn 0.043385 0.998741 0.025166
vn 0.055682 0.998434 0.005332
vn 0.043642 0.998726 0.025317
vn 0.043385 0.998741 0.025166
vn 0.054745 0.998482 0.006102
vn 0.070187 0.997387 -0.017138
vn 0.055682 0.998434 0.005332
vn 0.054745 0.998482 0.006102
vn 0.067859 0.997583 -0.014965
vn -0.064369 -0.997792 0.016358
vn -0.078631 -0.996427 0.030832
vn -0.068280 -0.997368 0.024393
vn -0.062394 -0.997940 0.014953
vn -0.050273 -0.998720 -0.005637
vn -0.064369 -0.997792 0.016358
vn -0.062394 -0.997940 0.014953
vn -0.049537 -0.998755 -0.005830
vn 0.837101 0.132088 -0.530863
vn 0.731091 0.117857 -0.672024
vn 0.748930 0.116138 -0.652393
vn 0.837292 0.131277 -0.530762
vn 0.733859 0.170857 -0.657464
vn 0.837101 0.132088 -0.530863
vn 0.837292 0.131277 -0.530762
vn 0.733862 0.170857 -0.657461
vn 0.494530 0.170867 -0.852200
vn 0.733859 0.170857 -0.657464
vn 0.733862 0.170857 -0.657461
vn 0.494530 0.170867 -0.852200
vn 0.206939 0.170874 -0.963316
vn 0.494530 0.170867 -0.852200
vn 0.494530 0.170867 -0.852200
vn 0.206936 0.170874 -0.963317
vn -0.100817 0.170888 -0.980119
vn 0.206939 0.170874 -0.963316
vn 0.206936 0.170874 -0.963317
vn -0.100819 0.170888 -0.980119
vn -0.398756 0.170915 -0.900989
vn -0.100817 0.170888 -0.980119
vn -0.100819 0.170888 -0.980119
vn -0.398758 0.170915 -0.900988
vn -0.657667 0.170934 -0.733659
vn -0.398756 0.170915 -0.900989
vn -0.398758 0.170915 -0.900988
vn -0.657667 0.170934 -0.733659
vn -0.852192 0.170924 -0.494525
vn -0.657667 0.170934 -0.733659
vn -0.657667 0.170934 -0.733659
vn -0.852192 0.170924 -0.494524
vn -0.963297 0.170920 -0.206991
vn -0.852192 0.170924 -0.494525
vn -0.852192 0.170924 -0.494524
vn -0.963297 0.170920 -0.206990
vn -0.980115 0.170906 0.100826
vn -0.963297 0.170920 -0.206991
vn -0.963297 0.170920 -0.206990
vn -0.980115 0.170906 0.100823
vn -0.900983 0.170887 0.398782
vn -0.980115 0.170906 0.100826
vn -0.980115 0.170906 0.100823
vn -0.900984 0.170887 0.398780
vn -0.733697 0.170872 0.657641
vn -0.900983 0.170887 0.398782
vn -0.900984 0.170887 0.398780
vn -0.733698 0.170872 0.657639
vn -0.494530 0.170867 0.852200
vn -0.733697 0.170872 0.657641
vn -0.733698 0.170872 0.657639
vn -0.494530 0.170867 0.852200
vn -0.206681 0.170853 0.963376
vn -0.494530 0.170867 0.852200
vn -0.494530 0.170867 0.852200
vn -0.206678 0.170853 0.963376
vn -0.045525 0.132084 0.990193
vn -0.206681 0.170853 0.963376
vn -0.206678 0.170853 0.963376
vn -0.045343 0.131274 0.990309
vn -0.220708 0.118012 0.968174
vn -0.045525 0.132084 0.990193
vn -0.045343 0.131274 0.990309
vn -0.194817 0.116271 0.973924
vn 0.731091 0.117857 -0.672024
vn 0.569198 0.160725 -0.806338
vn 0.567631 0.161326 -0.807322
vn 0.748930 0.116138 -0.652393
vn -0.417676 0.160893 0.894237
vn -0.220708 0.118012 0.968174
vn -0.194817 0.116271 0.973924
vn -0.419290 0.161487 0.893374
vn 0.969781 0.126517 0.208609
vn 0.857957 0.126569 0.497885
vn 0.857968 0.126569 0.497866
vn 0.969784 0.126517 0.208598
vn 0.986755 0.126610 -0.101413
vn 0.969781 0.126517 0.208609
vn 0.969784 0.126517 0.208598
vn 0.986755 0.126610 -0.101411
vn 0.907114 0.126605 -0.401392
vn 0.986755 0.126610 -0.101413
vn 0.986755 0.126610 -0.101411
vn 0.907111 0.126605 -0.401399
vn 0.735555 0.130689 -0.664740
vn 0.907114 0.126605 -0.401392
vn 0.907111 0.126605 -0.401399
vn 0.735794 0.130681 -0.664477
vn 0.318157 0.143490 -0.937116
vn 0.735555 0.130689 -0.664740
vn 0.735794 0.130681 -0.664477
vn 0.308809 0.143564 -0.940227
vn 0.019589 0.135114 -0.990636
vn 0.318157 0.143490 -0.937116
vn 0.308809 0.143564 -0.940227
vn 0.025385 0.135567 -0.990443
vn -0.145369 0.120329 -0.982033
vn 0.019589 0.135114 -0.990636
vn 0.025385 0.135567 -0.990443
vn -0.145369 0.120329 -0.982033
vn 0.569198 0.160725 -0.806338
vn 0.556774 0.165454 -0.814019
vn 0.556774 0.165454 -0.814020
vn 0.567631 0.161326 -0.807322
vn -0.430502 0.165610 0.887266
vn -0.417676 0.160893 0.894237
vn -0.419290 0.161487 0.893374
vn -0.430502 0.165610 0.887266
vn -0.851076 0.133296 0.507841
vn -0.924990 0.119627 0.360671
vn -0.924990 0.119627 0.360671
vn -0.848037 0.133713 0.512791
vn -0.655510 0.141209 0.741867
vn -0.851076 0.133296 0.507841
vn -0.848037 0.133713 0.512791
vn -0.662996 0.141277 0.735171
vn -0.211171 0.129596 0.968820
vn -0.655510 0.141209 0.741867
vn -0.662996 0.141277 0.735171
vn -0.210899 0.129591 0.968880
vn 0.102024 0.126436 0.986714
vn -0.211171 0.129596 0.968820
vn -0.210899 0.129591 0.968880
vn 0.102036 0.126436 0.986713
vn 0.401571 0.126486 0.907051
vn 0.102024 0.126436 0.986714
vn 0.102036 0.126436 0.986713
vn 0.401554 0.126486 0.907059
vn 0.662061 0.126573 0.738684
vn 0.401571 0.126486 0.907051
vn 0.401554 0.126486 0.907059
vn 0.662074 0.126573 0.738673
vn 0.857957 0.126569 0.497885
vn 0.662061 0.126573 0.738684
vn 0.662074 0.126573 0.738673
vn 0.857968 0.126569 0.497866
vn 0.028866 0.999553 -0.007848
vn 0.005450 0.999983 -0.001904
vn 0.000000 1.000000 0.000000
vn -0.000005 1.000000 0.000008
vn -0.000005 1.000000 0.000008
vn -0.000005 1.000000 0.000008
vn 0.000000 1.000000 0.000000
vn 0.000000 1.000000 0.000000
vn 0.000000 1.000000 0.000000
vn 0.000000 1.000000 0.000000
vn 0.000000 1.000000 0.000000
vn 0.000000 1.000000 0.000000
vn -0.000002 1.000000 0.000004
vn -0.000002 1.000000 0.000004
vn -0.000002 1.000000 0.000004
vn 0.000005 1.000000 -0.000008
vn 0.000005 1.000000 -0.000008
vn 0.000005 1.000000 -0.000008
vn 0.000000 1.000000 0.000000
vn 0.000000 1.000000 0.000000
vn 0.000000 1.000000 0.000000
vn 0.000000 1.000000 0.000000
vn 0.000000 1.000000 0.000000
vn 0.000000 1.000000 0.000000
vn 0.000000 1.000000 0.000000
vn 0.000000 1.000000 0.000000
vn 0.000000 1.000000 0.000000
vn 0.000000 1.000000 0.000000
vn 0.000000 1.000000 0.000000
vn 0.000000 1.000000 0.000000
vn 0.000000 1.000000 0.000000
vn 0.000000 1.000000 0.000000
vn 0.000000 1.000000 0.000000
vn 0.000000 1.000000 0.000000
vn 0.000000 1.000000 0.000000
vn 0.000000 1.000000 0.000000
vn 0.000000 1.000000 0.000000
vn 0.000000 1.000000 0.000000
vn 0.000000 1.000000 0.000000
vn 0.000000 1.000000 0.000000
vn 0.000000 1.000000 0.000000
vn 0.000000 1.000000 0.000000
vn 0.000002 1.000000 -0.000004
vn 0.000002 1.000000 -0.000004
vn 0.000002 1.000000 -0.000004
vn 0.001051 0.999983 0.005676
vn 0.007508 0.999553 0.028957
vn 0.000000 1.000000 0.000000
vn 0.131835 0.990119 -0.047794
vn 0.080400 0.996617 -0.017044
vn 0.070187 0.997387 -0.017138
vn 0.085607 0.995777 -0.033168
vn 0.025082 0.996616 0.078281
vn 0.023917 0.990114 0.138213
vn 0.013644 0.995772 0.090835
vn 0.019913 0.997386 0.069465
vn 0.000019 1.000000 0.000011
vn 0.000073 1.000000 0.000042
vn -0.000010 1.000000 -0.000009
vn 0.000073 1.000000 0.000042
vn 0.000054 1.000000 0.000032
vn -0.000010 1.000000 -0.000009
vn 0.000054 1.000000 0.000032
vn 0.000000 1.000000 0.000000
vn -0.000010 1.000000 -0.000009
vn 0.000000 1.000000 0.000000
vn -0.000003 1.000000 0.000005
vn -0.000010 1.000000 -0.000009
vn -0.000003 1.000000 0.000005
vn -0.000046 1.000000 -0.000019
vn -0.000010 1.000000 -0.000009
vn -0.000046 1.000000 -0.000019
vn 0.074642 0.996875 -0.025859
vn -0.000010 1.000000 -0.000009
vn 0.074642 0.996875 -0.025859
vn 0.067859 0.997583 -0.014965
vn -0.000010 1.000000 -0.000009
vn 0.020647 0.997582 0.066366
vn 0.014533 0.996873 0.077679
vn -0.000010 1.000000 -0.000009
vn 0.014533 0.996873 0.077679
vn -0.000043 1.000000 -0.000025
vn -0.000010 1.000000 -0.000009
vn -0.000043 1.000000 -0.000025
vn 0.000004 1.000000 -0.000007
vn -0.000010 1.000000 -0.000009
vn 0.000004 1.000000 -0.000007
vn 0.000021 1.000000 -0.000036
vn -0.000010 1.000000 -0.000009
vn 0.000021 1.000000 -0.000036
vn 0.000015 1.000000 -0.000026
vn -0.000010 1.000000 -0.000009
vn 0.000015 1.000000 -0.000026
vn 0.000000 1.000000 0.000000
vn -0.000010 1.000000 -0.000009
vn 0.000000 1.000000 0.000000
vn 0.000000 1.000000 0.000000
vn -0.000010 1.000000 -0.000009
vn 0.000000 1.000000 0.000000
vn 0.000000 1.000000 0.000000
vn -0.000010 1.000000 -0.000009
vn 0.000000 1.000000 0.000000
vn 0.000019 1.000000 0.000011
vn -0.000010 1.000000 -0.000009
vn 0.005450 0.999983 -0.001904
vn 0.028866 0.999553 -0.007848
vn 0.080400 0.996617 -0.017044
vn 0.131835 0.990119 -0.047794
vn 0.007508 0.999553 0.028957
vn 0.001051 0.999983 0.005676
vn 0.023917 0.990114 0.138213
vn 0.025082 0.996616 0.078281
vn 0.019913 0.997386 0.069465
vn 0.013644 0.995772 0.090835
vn 0.014533 0.996873 0.077679
vn 0.020647 0.997582 0.066366
vn 0.085607 0.995777 -0.033168
vn 0.070187 0.997387 -0.017138
vn 0.067859 0.997583 -0.014965
vn 0.074642 0.996875 -0.025859
s off
g LowPoly_Manometer_Pointer LowPoly_Manometer
usemtl blinn1SG
f 1/1/1 2/2/2 3/3/3
f 4/4/4 5/5/5 3/3/6
f 5/5/7 6/6/8 3/3/9
f 6/6/10 1/1/11 3/3/12
f 7/7/13 8/8/14 9/9/15 10/10/16
f 11/11/17 7/7/18 10/10/19 12/12/20
f 13/13/21 11/11/22 12/12/23 14/14/24
f 15/15/25 13/13/26 14/14/27 16/16/28
f 17/17/29 15/15/30 16/16/31 18/18/32
f 19/19/33 17/17/34 18/18/35 20/20/36
f 21/21/37 19/19/38 20/20/39 22/22/40
f 23/23/41 21/21/42 22/22/43 24/24/44
f 25/25/45 23/23/46 24/24/47 26/26/48
f 27/27/49 25/25/50 26/26/51 28/28/52
f 29/29/53 27/27/54 28/28/55 30/30/56
f 31/31/57 29/29/58 30/30/59 32/32/60
f 33/33/61 31/31/62 32/32/63 34/34/64
f 35/35/65 33/33/66 34/34/67 36/36/68
f 37/37/69 35/35/70 36/36/71 38/38/72
f 39/39/73 37/37/74 38/38/75 40/40/76
f 41/41/77 39/39/78 40/40/79 42/42/80
f 43/43/81 41/41/82 42/42/83 44/44/84
f 45/45/85 43/43/86 44/44/87 46/46/88
f 8/8/89 45/45/90 46/46/91 9/9/92
f 47/47/93 48/48/94 49/49/95 50/50/96
f 48/48/97 51/51/98 52/52/99 49/49/100
f 53/53/101 54/54/102 55/55/103 56/56/104
f 54/54/105 57/57/106 58/58/107 55/55/108
f 57/57/109 59/59/110 60/60/111 58/58/112
f 59/59/113 47/47/114 50/50/115 60/60/116
f 61/61/117 62/62/118 63/63/119 64/64/120
f 65/65/121 66/66/122 67/67/123 68/68/124
f 69/69/125 65/65/126 68/68/127 70/70/128
f 62/62/129 69/69/130 70/70/131 63/63/132
f 71/71/133 72/72/134 73/73/135
f 72/72/136 74/74/137 73/73/138
f 74/74/139 75/75/140 73/73/141
f 75/75/142 76/76/143 73/73/144
f 77/77/145 78/78/146 79/79/147
f 80/80/148 77/77/149 79/79/150
f 81/81/151 80/80/152 79/79/153
f 82/82/154 81/81/155 79/79/156
f 83/83/157 82/82/158 79/79/159
f 84/84/160 83/83/161 79/79/162
f 85/85/163 84/84/164 79/79/165
f 86/86/166 85/85/167 79/79/168
f 87/87/169 86/86/170 79/79/171
f 88/88/172 87/87/173 79/79/174
f 89/89/175 88/88/176 79/79/177
f 90/90/178 89/89/179 79/79/180
f 91/91/181 90/90/182 79/79/183
f 92/92/184 91/91/185 79/79/186
f 93/93/187 92/92/188 79/79/189
f 94/94/190 93/93/191 79/79/192
f 95/95/193 94/94/194 79/79/195
f 96/96/196 95/95/197 79/79/198
f 97/97/199 96/96/200 79/79/201
f 78/78/202 97/97/203 79/79/204
f 8/8/205 7/7/206 48/48/207 47/47/208
f 7/7/209 11/11/210 51/51/211 48/48/212
f 2/2/213 1/1/214 62/62/215 61/61/216
f 1/1/217 6/6/218 69/69/219 62/62/220
f 6/6/221 5/5/222 65/65/223 69/69/224
f 5/5/225 4/4/226 66/66/227 65/65/228
f 39/39/229 41/41/230 54/54/231 53/53/232
f 41/41/233 43/43/234 57/57/235 54/54/236
f 43/43/237 45/45/238 59/59/239 57/57/240
f 45/45/241 8/8/242 47/47/243 59/59/244
f 60/60/245 50/50/246 86/86/247 87/87/248
f 58/58/249 60/60/250 87/87/251 88/88/252
f 55/55/253 58/58/254 88/88/255 89/89/256
f 56/56/257 55/55/258 89/89/259 90/90/260
f 68/68/261 67/67/262 76/76/263 75/75/264
f 70/70/265 68/68/266 75/75/267 74/74/268
f 63/63/269 70/70/270 74/74/271 72/72/272
f 64/64/273 63/63/274 72/72/275 71/71/276
f 49/49/277 52/52/278 84/84/279 85/85/280
f 50/50/281 49/49/282 85/85/283 86/86/284
f 98/98/285 99/99/286 51/100/287 11/101/288
f 100/102/289 98/98/290 11/101/291 13/103/292
f 101/104/293 100/102/294 13/103/295 15/105/296
f 102/106/297 101/104/298 15/105/299 17/107/300
f 103/108/301 102/106/302 17/107/303 19/109/304
f 104/110/305 103/108/306 19/109/307 21/111/308
f 105/112/309 104/110/310 21/111/311 23/113/312
f 106/114/313 105/112/314 23/113/315 25/115/316
f 107/116/317 106/114/318 25/115/319 27/117/320
f 108/118/321 107/116/322 27/117/323 29/119/324
f 109/120/325 108/118/326 29/119/327 31/121/328
f 110/122/329 109/120/330 31/121/331 33/123/332
f 111/124/333 110/122/334 33/123/335 35/125/336
f 112/126/337 111/124/338 35/125/339 37/127/340
f 113/128/341 112/126/342 37/127/343 39/129/344
f 114/130/345 113/128/346 39/129/347 53/131/348
f 99/99/349 115/132/350 52/133/351 51/100/352
f 116/134/353 114/130/354 53/131/355 56/135/356
f 117/136/357 118/137/358 97/138/359 78/139/360
f 119/140/361 117/136/362 78/139/363 77/141/364
f 120/142/365 119/140/366 77/141/367 80/143/368
f 121/144/369 120/142/370 80/143/371 81/145/372
f 122/146/373 121/144/374 81/145/375 82/147/376
f 123/148/377 122/146/378 82/147/379 83/149/380
f 124/150/381 123/148/382 83/149/383 84/151/384
f 115/132/385 124/150/386 84/151/387 52/133/388
f 125/152/389 116/134/390 56/135/391 90/153/392
f 126/154/393 125/152/394 90/153/395 91/155/396
f 127/156/397 126/154/398 91/155/399 92/157/400
f 128/158/401 127/156/402 92/157/403 93/159/404
f 129/160/405 128/158/406 93/159/407 94/161/408
f 130/162/409 129/160/410 94/161/411 95/163/412
f 131/164/413 130/162/414 95/163/415 96/165/416
f 118/166/417 131/164/418 96/165/419 97/167/420
f 2/2/421 98/168/422 3/3/423
f 98/168/424 100/169/425 3/3/426
f 100/169/427 101/170/428 3/3/429
f 101/170/430 102/171/431 3/3/432
f 102/171/433 103/172/434 3/3/435
f 103/172/436 104/173/437 3/3/438
f 104/173/439 105/174/440 3/3/441
f 105/174/442 106/175/443 3/3/444
f 106/175/445 107/176/446 3/3/447
f 107/176/448 108/177/449 3/3/450
f 108/177/451 109/178/452 3/3/453
f 109/178/454 110/179/455 3/3/456
f 110/179/457 111/180/458 3/3/459
f 111/180/460 112/181/461 3/3/462
f 112/181/463 113/182/464 3/3/465
f 113/182/466 4/4/467 3/3/468
f 99/183/469 61/61/470 64/64/471 115/184/472
f 66/66/473 114/185/474 116/186/475 67/67/476
f 117/187/477 119/188/478 73/73/479
f 119/188/480 120/189/481 73/73/482
f 120/189/483 121/190/484 73/73/485
f 121/190/486 122/191/487 73/73/488
f 122/191/489 123/192/490 73/73/491
f 123/192/492 124/193/493 73/73/494
f 124/193/495 71/71/496 73/73/497
f 76/76/498 125/194/499 73/73/500
f 125/194/501 126/195/502 73/73/503
f 126/195/504 127/196/505 73/73/506
f 127/196/507 128/197/508 73/73/509
f 128/197/510 129/198/511 73/73/512
f 129/198/513 130/199/514 73/73/515
f 130/199/516 131/200/517 73/73/518
f 131/200/519 118/201/520 73/73/521
f 118/201/522 117/187/523 73/73/524
f 98/168/525 2/2/526 61/61/527 99/183/528
f 4/4/529 113/182/530 114/185/531 66/66/532
f 67/67/533 116/186/534 125/194/535 76/76/536
f 115/184/537 64/64/538 71/71/539 124/193/540
g default
v -7.437308 0.703124 -0.231781
v -7.411975 0.601272 -0.443901
v -7.582946 0.602357 -0.442226
v -7.583026 0.709420 -0.229168
v -7.384715 0.438468 -0.603001
v -7.582885 0.442230 -0.602375
v -7.365897 0.230938 -0.711765
v -7.582858 0.229174 -0.709446
v -7.356429 0.000266 -0.749943
v -7.582839 0.000000 -0.750042
v -7.366046 -0.230474 -0.711914
v -7.582858 -0.229175 -0.709446
v -7.385028 -0.438457 -0.603611
v -7.582885 -0.442231 -0.602375
v -7.411975 -0.602540 -0.443005
v -7.582946 -0.602358 -0.442226
v -7.437266 -0.708922 -0.243710
v -7.583026 -0.709421 -0.229168
v -7.476187 -0.750000 -0.000004
v -7.583106 -0.750000 -0.000004
v -7.477637 0.745405 -0.000004
v -7.583106 0.750000 -0.000004
v -7.437308 0.703124 0.231766
v -7.583026 0.709420 0.229164
v -7.582946 0.602357 0.442223
v -7.411975 0.601272 0.443890
v -7.582885 0.442230 0.602367
v -7.384715 0.438468 0.603001
v -7.582858 0.229174 0.709435
v -7.365897 0.230938 0.711765
v -7.582839 0.000000 0.750042
v -7.356429 0.000266 0.749935
v -7.582858 -0.229175 0.709435
v -7.366046 -0.230474 0.711903
v -7.582885 -0.442231 0.602367
v -7.385028 -0.438457 0.603603
v -7.582946 -0.602358 0.442223
v -7.411975 -0.602540 0.443005
v -7.583026 -0.709421 0.229164
v -7.437266 -0.708922 0.243710
v -7.582965 0.196625 -0.144360
v -7.582988 0.231573 -0.074802
v -7.582946 0.144354 -0.196629
v -7.582927 0.074808 -0.231586
v -7.582927 0.000000 -0.244831
v -7.582927 -0.074809 -0.231586
v -7.582946 -0.144355 -0.196629
v -7.582965 -0.196625 -0.144360
v -7.582988 -0.231574 -0.074802
v -7.583018 -0.244820 -0.000004
v -7.583018 0.244819 -0.000004
v -7.582988 0.231573 0.074799
v -7.582965 0.196625 0.144360
v -7.582946 0.144354 0.196629
v -7.582927 0.074808 0.231583
v -7.582927 0.000000 0.244831
v -7.582927 -0.074809 0.231583
v -7.582946 -0.144355 0.196629
v -7.582965 -0.196625 0.144360
v -7.582988 -0.231574 0.074799
v -7.687236 0.196625 -0.144360
v -7.687255 0.231573 -0.074802
v -7.687217 0.144354 -0.196629
v -7.687209 0.074808 -0.231586
v -7.687197 0.000000 -0.244831
v -7.687209 -0.074809 -0.231586
v -7.687217 -0.144355 -0.196629
v -7.687236 -0.196625 -0.144360
v -7.687255 -0.231574 -0.074802
v -7.687289 -0.244820 -0.000004
v -7.687289 0.244819 -0.000004
v -7.687255 0.231573 0.074799
v -7.687236 0.196625 0.144360
v -7.687217 0.144354 0.196629
v -7.687209 0.074808 0.231583
v -7.687197 0.000000 0.244831
v -7.687209 -0.074809 0.231583
v -7.687217 -0.144355 0.196629
v -7.687236 -0.196625 0.144360
v -7.687255 -0.231574 0.074799
v -7.687236 0.000000 -0.000004
v -1.881563 -1.398818 -1.774910
v -1.452650 -1.398818 -0.933121
v -4.324516 -1.398818 0.000000
v -2.549606 -1.398818 -2.442955
v -3.391390 -1.398818 -2.871857
v -4.324516 -1.398818 -3.019653
v -5.257636 -1.398818 -2.871857
v -6.099425 -1.398818 -2.442947
v -6.767466 -1.398818 -1.774910
v -7.196376 -1.398818 -0.933121
v -7.344168 -1.398818 0.000000
v -7.196376 -1.398818 0.933121
v -6.767466 -1.398818 1.774910
v -6.099425 -1.398818 2.442947
v -5.257636 -1.398818 2.871861
v -4.324516 -1.398818 3.019661
v -3.391390 -1.398818 2.871861
v -2.549606 -1.398818 2.442947
v -1.881565 -1.398818 1.774910
v -1.452654 -1.398818 0.933121
v -1.304863 -1.398818 0.000000
v -1.211084 1.204637 -1.011604
v -1.173000 1.256116 -1.023979
v -1.010818 1.256116 0.000000
v -1.050863 1.204637 0.000000
v -1.676073 1.204637 -1.924194
v -1.643675 1.256116 -1.947739
v -2.400310 1.204637 -2.648445
v -2.376772 1.256116 -2.680832
v -3.312900 1.204637 -3.113419
v -3.300525 1.256116 -3.151520
v -4.324516 1.204637 -3.273651
v -4.324516 1.256116 -3.313705
v -5.336127 1.204637 -3.113419
v -5.348506 1.256116 -3.151520
v -6.248717 1.204637 -2.648438
v -6.272258 1.256116 -2.680832
v -6.972956 1.204637 -1.924210
v -7.005358 1.256116 -1.947739
v -7.437945 1.204637 -1.011604
v -7.476027 1.256116 -1.023979
v -7.598166 1.204637 0.000000
v -7.638217 1.256116 0.000000
v -7.437945 1.204637 1.011620
v -7.476027 1.256116 1.023987
v -6.972956 1.204637 1.924210
v -7.005358 1.256116 1.947746
v -6.248717 1.204637 2.648438
v -6.272258 1.256116 2.680840
v -5.336127 1.204637 3.113430
v -5.348506 1.256116 3.151520
v -4.324516 1.204637 3.273663
v -4.324516 1.256116 3.313705
v -3.312902 1.204637 3.113430
v -3.300525 1.256116 3.151520
v -2.400312 1.204637 2.648438
v -2.376772 1.256116 2.680840
v -1.676075 1.204637 1.924210
v -1.643677 1.256116 1.947746
v -1.211086 1.204637 1.011620
v -1.173002 1.256116 1.023987
v -1.173000 1.352914 -1.023979
v -1.217201 1.398818 -1.009621
v -1.057295 1.398818 0.000000
v -1.010818 1.352914 0.000000
v -1.643675 1.352914 -1.947739
v -1.681276 1.398818 -1.920425
v -2.376772 1.352914 -2.680832
v -2.404091 1.398818 -2.643242
v -3.300525 1.352914 -3.151520
v -3.314888 1.398818 -3.107307
v -4.324516 1.352914 -3.313705
v -4.324516 1.398818 -3.267227
v -5.348506 1.352914 -3.151520
v -5.334136 1.398818 -3.107307
v -6.272258 1.352914 -2.680832
v -6.244937 1.398818 -2.643227
v -7.005358 1.352914 -1.947739
v -6.967757 1.398818 -1.920425
v -7.476027 1.352914 -1.023979
v -7.431826 1.398818 -1.009621
v -7.638217 1.352914 0.000000
v -7.591735 1.398818 0.000000
v -7.476027 1.352914 1.023987
v -7.431826 1.398818 1.009621
v -7.005358 1.352914 1.947746
v -6.967757 1.398818 1.920425
v -6.272258 1.352914 2.680840
v -6.244937 1.398818 2.643242
v -5.348506 1.352914 3.151520
v -5.334136 1.398818 3.107319
v -4.324516 1.352914 3.313705
v -4.324516 1.398818 3.267227
v -3.300525 1.352914 3.151520
v -3.314888 1.398818 3.107319
v -2.376772 1.352914 2.680840
v -2.404091 1.398818 2.643242
v -1.643677 1.352914 1.947746
v -1.681276 1.398818 1.920425
v -1.173002 1.352914 1.023987
v -1.217203 1.398818 1.009621
v -1.329654 1.168047 -0.973083
v -1.776935 1.168047 -1.850929
v -2.473589 1.168047 -2.547585
v -3.351425 1.168047 -2.994858
v -4.324516 1.168047 -3.148979
v -5.297606 1.168047 -2.994858
v -6.175437 1.168047 -2.547577
v -6.872096 1.168047 -1.850929
v -7.319377 1.168047 -0.973083
v -7.473498 1.168047 0.000000
v -7.319377 1.168047 0.973091
v -6.872096 1.168047 1.850922
v -6.175437 1.168047 2.547577
v -5.297606 1.168047 2.994858
v -4.324516 1.168047 3.148983
v -3.351427 1.168047 2.994858
v -2.473591 1.168047 2.547577
v -1.776935 1.168047 1.850922
v -1.329656 1.168047 0.973091
v -1.175535 1.168047 0.000000
v -1.464258 1.398818 -0.929344
v -1.317066 1.398818 0.000000
v -1.891435 1.398818 -1.767731
v -2.556780 1.398818 -2.433083
v -3.395162 1.398818 -2.860252
v -4.324516 1.398818 -3.007454
v -5.253867 1.398818 -2.860252
v -6.092246 1.398818 -2.433067
v -6.757598 1.398818 -1.767731
v -7.184775 1.398818 -0.929344
v -7.331969 1.398818 0.000000
v -7.184775 1.398818 0.929352
v -6.757598 1.398818 1.767738
v -6.092246 1.398818 2.433090
v -5.253867 1.398818 2.860268
v -4.324516 1.398818 3.007462
v -3.395162 1.398818 2.860268
v -2.556780 1.398818 2.433090
v -1.891437 1.398818 1.767738
v -1.464260 1.398818 0.929352
v -1.464258 1.057897 -0.929344
v -1.317066 1.057897 0.000000
v -1.891435 1.057897 -1.767731
v -2.556780 1.057897 -2.433083
v -3.395162 1.057897 -2.860252
v -4.324516 1.057897 -3.007454
v -5.253867 1.057897 -2.860252
v -6.092246 1.057897 -2.433067
v -6.757598 1.057897 -1.767731
v -7.184775 1.057897 -0.929344
v -7.331969 1.057897 0.000000
v -7.184775 1.057897 0.929352
v -6.757598 1.057897 1.767738
v -6.092246 1.057897 2.433090
v -5.253867 1.057897 2.860268
v -4.324516 1.057897 3.007462
v -3.395162 1.057897 2.860268
v -2.556780 1.057897 2.433090
v -1.891437 1.057897 1.767738
v -1.464260 1.057897 0.929352
v -1.329654 -1.190545 -0.973083
v -1.175535 -1.190545 0.000000
v -1.776935 -1.190545 -1.850929
v -2.473589 -1.190545 -2.547585
v -3.351425 -1.190544 -2.994858
v -4.324516 -1.190545 -3.148979
v -5.297606 -1.190544 -2.994858
v -6.175437 -1.190545 -2.547577
v -6.872096 -1.190545 -1.850929
v -7.319377 -1.190545 -0.973083
v -7.473498 -1.190545 0.000000
v -7.319377 -1.190545 0.973091
v -6.872096 -1.190545 1.850922
v -6.175437 -1.190545 2.547577
v -5.297606 -1.190545 2.994858
v -4.324516 -1.190545 3.148983
v -3.351427 -1.190545 2.994858
v -2.473591 -1.190545 2.547577
v -1.776935 -1.190545 1.850922
v -1.329656 -1.190545 0.973091
v -0.012182 0.620720 -0.201687
v -0.012182 0.528014 -0.383621
v -0.086945 0.471141 -0.342300
v -0.086945 0.553861 -0.179966
v -0.012182 0.383625 -0.528019
v -0.086945 0.342304 -0.471130
v -0.012182 0.201683 -0.620720
v -0.086945 0.179959 -0.553860
v -0.012182 0.000000 -0.652664
v -0.086945 0.000000 -0.582359
v -0.012182 -0.201683 -0.620720
v -0.086945 -0.179960 -0.553860
v -0.012182 -0.383625 -0.528019
v -0.086945 -0.342303 -0.471130
v -0.012182 -0.528014 -0.383621
v -0.086945 -0.471141 -0.342300
v -0.012182 -0.620716 -0.201687
v -0.086945 -0.553859 -0.179966
v -0.012182 -0.652662 0.000004
v -0.086945 -0.582361 0.000004
v -0.012182 -0.620716 0.201683
v -0.086945 -0.553859 0.179962
v -0.012182 -0.528014 0.383621
v -0.086945 -0.471141 0.342297
v -0.012182 -0.383625 0.528011
v -0.086945 -0.342303 0.471138
v -0.012182 -0.201683 0.620716
v -0.086945 -0.179960 0.553852
v -0.012182 0.000000 0.652664
v -0.086945 0.000000 0.582355
v -0.012182 0.201683 0.620716
v -0.086945 0.179959 0.553852
v -0.012182 0.383625 0.528011
v -0.086945 0.342304 0.471138
v -0.012182 0.528014 0.383621
v -0.086945 0.471141 0.342297
v -0.012182 0.620717 0.201683
v -0.086945 0.553861 0.179962
v -0.012182 0.652662 0.000004
v -0.086945 0.582361 0.000004
v -0.086945 0.385741 -0.280254
v -0.086945 0.453464 -0.147335
v -0.086945 0.280256 -0.385731
v -0.086945 0.147339 -0.453465
v -0.086945 0.000000 -0.476795
v -0.086945 -0.147339 -0.453465
v -0.086945 -0.280256 -0.385731
v -0.086945 -0.385738 -0.280254
v -0.086945 -0.453463 -0.147335
v -0.086945 -0.476800 0.000004
v -0.086945 -0.453463 0.147339
v -0.086945 -0.385738 0.280251
v -0.086945 -0.280256 0.385735
v -0.086945 -0.147339 0.453461
v -0.086945 0.000000 0.476799
v -0.086945 0.147339 0.453461
v -0.086945 0.280256 0.385735
v -0.086945 0.385741 0.280251
v -0.086945 0.453464 0.147339
v -0.086945 0.476799 0.000004
v 0.837449 0.620720 -0.201687
v 0.837449 0.528014 -0.383621
v 0.837449 0.383625 -0.528019
v 0.837449 0.201683 -0.620720
v 0.837449 0.000000 -0.652664
v 0.837449 -0.201683 -0.620720
v 0.837449 -0.383625 -0.528019
v 0.837449 -0.528014 -0.383621
v 0.837449 -0.620716 -0.201687
v 0.837449 -0.652662 0.000004
v 0.837449 -0.620716 0.201683
v 0.837449 -0.528014 0.383621
v 0.837449 -0.383625 0.528011
v 0.837449 -0.201683 0.620716
v 0.837449 0.000000 0.652664
v 0.837449 0.201683 0.620716
v 0.837449 0.383625 0.528011
v 0.837449 0.528014 0.383621
v 0.837449 0.620717 0.201683
v 0.837449 0.652662 0.000004
v 0.913352 0.548631 -0.178253
v 0.913352 0.466691 -0.339066
v 0.913352 0.339072 -0.466690
v 0.913352 0.178260 -0.548626
v 0.913352 0.000000 -0.576866
v 0.913352 -0.178260 -0.548626
v 0.913352 -0.339069 -0.466690
v 0.913352 -0.466691 -0.339066
v 0.913352 -0.548627 -0.178253
v 0.913352 -0.576862 0.000004
v 0.913352 -0.548627 0.178268
v 0.913352 -0.466691 0.339081
v 0.913352 -0.339069 0.466698
v 0.913352 -0.178260 0.548630
v 0.913352 0.000000 0.576874
v 0.913352 0.178260 0.548630
v 0.913352 0.339072 0.466698
v 0.913352 0.466691 0.339081
v 0.913352 0.548628 0.178268
v 0.913352 0.576865 0.000004
v 0.913352 0.472288 -0.153450
v 0.913352 0.401751 -0.291889
v 0.913352 0.291890 -0.401749
v 0.913352 0.153455 -0.472286
v 0.913352 0.000000 -0.496590
v 0.913352 -0.153452 -0.472286
v 0.913352 -0.291887 -0.401749
v 0.913352 -0.401748 -0.291889
v 0.913352 -0.472282 -0.153450
v 0.913352 -0.496588 0.000004
v 0.913352 -0.472282 0.153458
v 0.913352 -0.401748 0.291889
v 0.913352 -0.291887 0.401756
v 0.913352 -0.153452 0.472279
v 0.913352 0.000000 0.496597
v 0.913352 0.153455 0.472279
v 0.913352 0.291890 0.401756
v 0.913352 0.401751 0.291889
v 0.913352 0.472284 0.153458
v 0.913352 0.496590 0.000004
v 1.112447 0.472288 -0.153450
v 1.112447 0.401751 -0.291889
v 1.112447 0.291890 -0.401749
v 1.112447 0.153455 -0.472286
v 1.112447 0.000000 -0.496590
v 1.112447 -0.153452 -0.472286
v 1.112447 -0.291887 -0.401749
v 1.112447 -0.401748 -0.291889
v 1.112447 -0.472282 -0.153450
v 1.112447 -0.496588 0.000004
v 1.112447 -0.472282 0.153458
v 1.112447 -0.401748 0.291889
v 1.112447 -0.291887 0.401756
v 1.112447 -0.153452 0.472279
v 1.112447 0.000000 0.496597
v 1.112447 0.153455 0.472279
v 1.112447 0.291890 0.401756
v 1.112447 0.401751 0.291889
v 1.112447 0.472284 0.153458
v 1.112447 0.496590 0.000004
v 1.112447 0.092416 -0.030029
v 1.112447 0.078613 -0.057117
v 1.112447 0.057116 -0.078598
v 1.112447 0.030028 -0.092411
v 1.112447 0.000001 -0.097168
v 1.112447 -0.030026 -0.092411
v 1.112447 -0.057113 -0.078598
v 1.112447 -0.078611 -0.057117
v 1.112447 -0.092413 -0.030029
v 1.112447 -0.097170 0.000004
v 1.112447 -0.092413 0.030033
v 1.112447 -0.078611 0.057114
v 1.112447 -0.057113 0.078613
v 1.112447 -0.030026 0.092419
v 1.112447 0.000001 0.097179
v 1.112447 0.030028 0.092419
v 1.112447 0.057116 0.078613
v 1.112447 0.078613 0.057114
v 1.112447 0.092416 0.030033
v 1.112447 0.097173 0.000004
v 1.319400 0.092416 -0.030029
v 1.319400 0.078613 -0.057117
v 1.319400 0.057116 -0.078598
v 1.319400 0.030028 -0.092411
v 1.319400 0.000001 -0.097168
v 1.319400 -0.030026 -0.092411
v 1.319400 -0.057113 -0.078598
v 1.319400 -0.078611 -0.057117
v 1.319400 -0.092413 -0.030029
v 1.319400 -0.097170 0.000004
v 1.319400 -0.092413 0.030033
v 1.319400 -0.078611 0.057114
v 1.319400 -0.057113 0.078613
v 1.319400 -0.030026 0.092419
v 1.319400 0.000001 0.097179
v 1.319400 0.030028 0.092419
v 1.319400 0.057116 0.078613
v 1.319400 0.078613 0.057114
v 1.319400 0.092416 0.030033
v 1.319400 0.097173 0.000004
v 1.319400 0.049544 -0.016094
v 1.319400 0.042145 -0.030613
v 1.319400 0.030620 -0.042130
v 1.319400 0.016098 -0.049541
v 1.319400 0.000001 -0.052086
v 1.319400 -0.016095 -0.049541
v 1.319400 -0.030617 -0.042130
v 1.319400 -0.042142 -0.030613
v 1.319400 -0.049541 -0.016094
v 1.319400 -0.052090 0.000004
v 1.319400 -0.049541 0.016102
v 1.319400 -0.042142 0.030617
v 1.319400 -0.030617 0.042145
v 1.319400 -0.016095 0.049545
v 1.319400 0.000001 0.052101
v 1.319400 0.016098 0.049545
v 1.319400 0.030620 0.042145
v 1.319400 0.042145 0.030617
v 1.319400 0.049544 0.016102
v 1.319400 0.052093 0.000004
v 1.112447 0.049544 -0.016094
v 1.112447 0.042145 -0.030613
v 1.112447 0.030620 -0.042130
v 1.112447 0.016098 -0.049541
v 1.112447 0.000001 -0.052086
v 1.112447 -0.016095 -0.049541
v 1.112447 -0.030617 -0.042130
v 1.112447 -0.042142 -0.030613
v 1.112447 -0.049541 -0.016094
v 1.112447 -0.052090 0.000004
v 1.112447 -0.049541 0.016102
v 1.112447 -0.042142 0.030617
v 1.112447 -0.030617 0.042145
v 1.112447 -0.016095 0.049545
v 1.112447 0.000001 0.052101
v 1.112447 0.016098 0.049545
v 1.112447 0.030620 0.042145
v 1.112447 0.042145 0.030617
v 1.112447 0.049544 0.016102
v 1.112447 0.052093 0.000004
v 1.112447 0.000002 0.000008
v -1.365174 -0.706789 0.706802
v -0.212296 -0.706789 0.706802
v -0.212296 0.706790 0.706802
v -1.365174 0.706790 0.706802
v -1.301588 0.706790 -0.353401
v -0.212296 0.706790 -0.353401
v -0.212296 0.706790 -0.706802
v -1.365174 0.706790 -0.706802
v -0.212296 -0.706789 -0.706802
v -1.365173 -0.706789 -0.706802
v -0.212296 -0.706789 -0.353401
v -1.301588 -0.706789 -0.353401
v -0.212296 0.706790 0.353401
v -1.301588 0.706790 0.353401
v -0.212296 -0.706789 0.353401
v -1.301588 -0.706789 0.353401
v -1.251188 0.706790 0.000000
v -0.212296 0.706790 0.000000
v -0.212296 -0.706789 0.000000
v -1.251188 -0.706789 0.000000
v -1.391778 1.226171 0.909700
v -1.242982 1.226171 -0.029768
v -4.135663 1.226171 -0.029768
v -4.142884 1.226171 0.015818
v -1.391776 1.226171 -0.969244
v -4.142884 1.226171 -0.075354
v -1.823603 1.226171 -1.816763
v -4.163834 1.226171 -0.116476
v -2.496192 1.226171 -2.489340
v -4.196475 1.226171 -0.149099
v -3.343701 1.226171 -2.921164
v -4.237593 1.226171 -0.170065
v -4.283173 1.226171 -3.069960
v -4.283173 1.226171 -0.177282
v -5.222644 1.226171 -2.921164
v -4.328753 1.226171 -0.170065
v -6.070155 1.226171 -2.489340
v -4.369874 1.226171 -0.149099
v -6.742743 1.226171 -1.816763
v -4.402503 1.226171 -0.116476
v -7.174565 1.226171 -0.969244
v -4.423455 1.226171 -0.075354
v -7.323365 1.226171 -0.029768
v -4.430684 1.226171 -0.029768
v -7.174565 1.226171 0.909700
v -4.423455 1.226171 0.015818
v -6.742743 1.226171 1.757204
v -4.402503 1.226171 0.056940
v -6.070155 1.226171 2.429796
v -4.369874 1.226171 0.089563
v -5.222644 1.226171 2.861620
v -4.328753 1.226171 0.110529
v -4.283173 1.226171 3.010424
v -4.283173 1.226171 0.117746
v -3.343701 1.226171 2.861620
v -4.237593 1.226171 0.110529
v -2.496192 1.226171 2.429796
v -4.196475 1.226171 0.089563
v -1.823605 1.226171 1.757204
v -4.163834 1.226171 0.056940
v -4.148974 1.340421 -0.029768
v -4.155545 1.340421 0.011705
v -4.155545 1.340421 -0.071241
v -4.174603 1.340421 -0.108656
v -4.204295 1.340421 -0.138334
v -4.241704 1.340421 -0.157393
v -4.283173 1.340421 -0.163969
v -4.324645 1.340421 -0.157393
v -4.362054 1.340421 -0.138334
v -4.391734 1.340421 -0.108656
v -4.410794 1.340421 -0.071241
v -4.417365 1.340421 -0.029768
v -4.410794 1.340421 0.011705
v -4.391734 1.340421 0.049112
v -4.362054 1.340421 0.078798
v -4.324645 1.340421 0.097857
v -4.283173 1.340421 0.104433
v -4.241704 1.340421 0.097857
v -4.204295 1.340421 0.078798
v -4.174603 1.340421 0.049112
v -4.283173 1.340421 -0.029768
v 0.009151 0.428767 -0.247547
v 0.009151 0.247550 -0.428768
v -0.223433 0.247550 -0.428768
v -0.223433 0.428767 -0.247547
v 0.009151 0.000001 -0.495098
v -0.223433 0.000001 -0.495098
v 0.009151 -0.247549 -0.428768
v -0.223433 -0.247549 -0.428768
v 0.009151 -0.428767 -0.247547
v -0.223433 -0.428767 -0.247547
v 0.009151 -0.495098 0.000000
v -0.223433 -0.495098 0.000000
v 0.009151 -0.428767 0.247547
v -0.223433 -0.428767 0.247547
v 0.009151 -0.247549 0.428768
v -0.223433 -0.247549 0.428768
v 0.009151 0.000001 0.495098
v -0.223433 0.000001 0.495098
v 0.009151 0.247550 0.428768
v -0.223433 0.247550 0.428768
v 0.009151 0.428767 0.247547
v -0.223433 0.428767 0.247547
v 0.009151 0.495099 0.000000
v -0.223433 0.495099 0.000000
vt 0.687908 0.383066
vt 0.688556 0.388230
vt 0.684796 0.388250
vt 0.684701 0.383010
vt 0.689242 0.393222
vt 0.684884 0.393230
vt 0.689759 0.398364
vt 0.684990 0.398471
vt 0.690050 0.403502
vt 0.685073 0.403587
vt 0.689922 0.408645
vt 0.685155 0.408704
vt 0.689569 0.413805
vt 0.685219 0.413946
vt 0.689048 0.418862
vt 0.685289 0.418926
vt 0.688558 0.423835
vt 0.685354 0.424167
vt 0.687726 0.429274
vt 0.685375 0.429284
vt 0.686982 0.377893
vt 0.684661 0.377893
vt 0.687908 0.372720
vt 0.684701 0.372777
vt 0.684796 0.367534
vt 0.688556 0.367557
vt 0.684884 0.362556
vt 0.689242 0.362564
vt 0.684990 0.357314
vt 0.689759 0.357421
vt 0.685073 0.352198
vt 0.690050 0.352284
vt 0.685155 0.347082
vt 0.689922 0.347140
vt 0.685219 0.341840
vt 0.689569 0.341980
vt 0.685290 0.336862
vt 0.689048 0.336923
vt 0.685354 0.331618
vt 0.688558 0.331950
vt 0.685375 0.326501
vt 0.687726 0.326512
vt 0.401810 0.744187
vt 0.402295 0.741101
vt 0.414776 0.742654
vt 0.414776 0.745507
vt 0.402295 0.738260
vt 0.414776 0.739871
vt 0.402295 0.735508
vt 0.414776 0.736829
vt 0.402295 0.732698
vt 0.414776 0.733907
vt 0.402295 0.730018
vt 0.414776 0.730920
vt 0.402295 0.727154
vt 0.414776 0.727918
vt 0.402295 0.724485
vt 0.414776 0.725032
vt 0.402295 0.721723
vt 0.414776 0.721981
vt 0.402295 0.719005
vt 0.414776 0.719005
vt 0.401810 0.747274
vt 0.414776 0.748363
vt 0.401810 0.753532
vt 0.401810 0.750406
vt 0.414776 0.751201
vt 0.414776 0.754137
vt 0.401810 0.756510
vt 0.414776 0.756928
vt 0.401810 0.759620
vt 0.414776 0.759866
vt 0.401810 0.762602
vt 0.414776 0.762762
vt 0.401810 0.765568
vt 0.414776 0.765662
vt 0.401810 0.768602
vt 0.414776 0.768626
vt 0.401810 0.771481
vt 0.414776 0.771444
vt 0.401810 0.774456
vt 0.414776 0.774427
vt 0.401810 0.777350
vt 0.414776 0.777350
vt 0.109902 0.236873
vt 0.109902 0.238584
vt 0.107609 0.238584
vt 0.107609 0.236873
vt 0.109902 0.240209
vt 0.107610 0.240209
vt 0.109903 0.241921
vt 0.107610 0.241921
vt 0.109903 0.243592
vt 0.107610 0.243592
vt 0.109903 0.245262
vt 0.107610 0.245262
vt 0.109902 0.246973
vt 0.107610 0.246973
vt 0.109902 0.248599
vt 0.107609 0.248599
vt 0.109902 0.250310
vt 0.107609 0.250310
vt 0.109901 0.251980
vt 0.107609 0.251980
vt 0.109901 0.235202
vt 0.107609 0.235202
vt 0.109902 0.231821
vt 0.109902 0.233532
vt 0.107609 0.233532
vt 0.107609 0.231821
vt 0.109902 0.230195
vt 0.107610 0.230195
vt 0.109903 0.228484
vt 0.107610 0.228484
vt 0.109903 0.226814
vt 0.107610 0.226814
vt 0.109903 0.225145
vt 0.107610 0.225145
vt 0.109902 0.223432
vt 0.107610 0.223432
vt 0.109902 0.221808
vt 0.107609 0.221808
vt 0.109902 0.220096
vt 0.107609 0.220096
vt 0.109901 0.218426
vt 0.107609 0.218426
vt 0.163651 0.782393
vt 0.165023 0.781373
vt 0.167464 0.786149
vt 0.166566 0.780860
vt 0.168279 0.780860
vt 0.169878 0.781337
vt 0.171218 0.782336
vt 0.172239 0.783709
vt 0.172750 0.785252
vt 0.172751 0.786963
vt 0.172273 0.788564
vt 0.162652 0.783732
vt 0.162175 0.787045
vt 0.162175 0.785334
vt 0.162687 0.788587
vt 0.163707 0.789960
vt 0.165047 0.790959
vt 0.166648 0.791437
vt 0.168360 0.791436
vt 0.169903 0.790925
vt 0.171276 0.789903
vt 0.321515 0.794007
vt 0.342287 0.794007
vt 0.331901 0.859584
vt 0.301759 0.800427
vt 0.284954 0.812637
vt 0.272744 0.829442
vt 0.266325 0.849198
vt 0.266325 0.869970
vt 0.272744 0.889727
vt 0.284954 0.906531
vt 0.301760 0.918742
vt 0.321515 0.925160
vt 0.342288 0.925160
vt 0.362043 0.918742
vt 0.378849 0.906531
vt 0.391058 0.889727
vt 0.397477 0.869970
vt 0.397477 0.849197
vt 0.391058 0.829442
vt 0.378849 0.812636
vt 0.362043 0.800427
vt 0.207148 0.615677
vt 0.208498 0.615676
vt 0.208498 0.637117
vt 0.207142 0.637023
vt 0.207148 0.594343
vt 0.208498 0.594343
vt 0.207148 0.573008
vt 0.208498 0.573008
vt 0.207148 0.551674
vt 0.208498 0.551674
vt 0.207148 0.530339
vt 0.208498 0.530339
vt 0.207148 0.509004
vt 0.208498 0.509005
vt 0.207148 0.487670
vt 0.208498 0.487670
vt 0.207148 0.466335
vt 0.208498 0.466336
vt 0.207148 0.445001
vt 0.208498 0.445001
vt 0.207148 0.423666
vt 0.208498 0.423666
vt 0.207148 0.402332
vt 0.208498 0.402331
vt 0.207148 0.380997
vt 0.208498 0.380997
vt 0.207148 0.359663
vt 0.208498 0.359662
vt 0.207148 0.338328
vt 0.208498 0.338328
vt 0.207148 0.316994
vt 0.208498 0.316994
vt 0.207148 0.295659
vt 0.208498 0.295659
vt 0.207148 0.274324
vt 0.208498 0.274324
vt 0.207148 0.252990
vt 0.208498 0.252990
vt 0.207148 0.231655
vt 0.208498 0.231656
vt 0.207148 0.210321
vt 0.208498 0.210321
vt 0.158780 0.584357
vt 0.160211 0.584332
vt 0.160218 0.606856
vt 0.158780 0.607090
vt 0.158780 0.561764
vt 0.160211 0.561764
vt 0.158780 0.539195
vt 0.160211 0.539195
vt 0.158780 0.516627
vt 0.160211 0.516627
vt 0.158780 0.494057
vt 0.160211 0.494057
vt 0.158780 0.471487
vt 0.160211 0.471488
vt 0.158780 0.448917
vt 0.160211 0.448918
vt 0.158780 0.426348
vt 0.160211 0.426348
vt 0.158780 0.403780
vt 0.160211 0.403780
vt 0.158780 0.381210
vt 0.160211 0.381210
vt 0.158780 0.358640
vt 0.160211 0.358642
vt 0.158780 0.336071
vt 0.160211 0.336071
vt 0.158780 0.313501
vt 0.160211 0.313501
vt 0.158780 0.290932
vt 0.160211 0.290933
vt 0.158780 0.268363
vt 0.160211 0.268363
vt 0.158780 0.245795
vt 0.160211 0.245795
vt 0.158780 0.223225
vt 0.160211 0.223224
vt 0.158780 0.200656
vt 0.160211 0.200656
vt 0.158780 0.178086
vt 0.160211 0.178086
vt 0.158780 0.155517
vt 0.160211 0.155517
vt 0.600240 0.028632
vt 0.600240 0.051709
vt 0.597410 0.050826
vt 0.597258 0.028444
vt 0.600240 0.073800
vt 0.597410 0.072669
vt 0.600240 0.095515
vt 0.597410 0.094374
vt 0.600240 0.117220
vt 0.597410 0.116079
vt 0.600240 0.138924
vt 0.597410 0.137783
vt 0.600240 0.160629
vt 0.597410 0.159487
vt 0.600240 0.182333
vt 0.597410 0.181192
vt 0.600240 0.204038
vt 0.597410 0.202896
vt 0.600240 0.225741
vt 0.597410 0.224601
vt 0.600240 0.247446
vt 0.597410 0.246305
vt 0.600240 0.269150
vt 0.597410 0.268008
vt 0.600240 0.290855
vt 0.597410 0.289713
vt 0.600240 0.312560
vt 0.597410 0.311418
vt 0.600240 0.334264
vt 0.597410 0.333122
vt 0.600240 0.355968
vt 0.597410 0.354827
vt 0.600240 0.377672
vt 0.597410 0.376531
vt 0.600240 0.399377
vt 0.597410 0.398243
vt 0.600240 0.421391
vt 0.597410 0.420524
vt 0.600240 0.444218
vt 0.597410 0.444218
vt 0.600240 0.005184
vt 0.597258 0.005184
vt 0.154352 0.588682
vt 0.154352 0.565882
vt 0.156480 0.565882
vt 0.156480 0.588682
vt 0.154352 0.543085
vt 0.156480 0.543085
vt 0.154352 0.520287
vt 0.156480 0.520287
vt 0.154352 0.497490
vt 0.156480 0.497490
vt 0.154352 0.474690
vt 0.156480 0.474690
vt 0.154352 0.451893
vt 0.156480 0.451893
vt 0.154352 0.429093
vt 0.156480 0.429093
vt 0.154352 0.406296
vt 0.156480 0.406296
vt 0.154352 0.383499
vt 0.156480 0.383499
vt 0.154352 0.360700
vt 0.156480 0.360700
vt 0.154352 0.337902
vt 0.156480 0.337902
vt 0.154352 0.315103
vt 0.156480 0.315103
vt 0.154352 0.292306
vt 0.156480 0.292306
vt 0.154352 0.269506
vt 0.156480 0.269506
vt 0.154352 0.246709
vt 0.156480 0.246709
vt 0.154352 0.223912
vt 0.156480 0.223912
vt 0.154352 0.201112
vt 0.156480 0.201112
vt 0.154352 0.178315
vt 0.156480 0.178315
vt 0.154352 0.155517
vt 0.156481 0.155517
vt 0.154352 0.611479
vt 0.156480 0.611479
vt 0.593842 0.005188
vt 0.593831 0.026362
vt 0.588156 0.026711
vt 0.587959 0.005184
vt 0.593821 0.047965
vt 0.588145 0.048023
vt 0.593811 0.069448
vt 0.588134 0.069429
vt 0.593800 0.090885
vt 0.588125 0.090861
vt 0.593790 0.112317
vt 0.588114 0.112293
vt 0.593780 0.133750
vt 0.588103 0.133726
vt 0.593770 0.155182
vt 0.588093 0.155159
vt 0.593759 0.176616
vt 0.588084 0.176592
vt 0.593750 0.198048
vt 0.588072 0.198024
vt 0.593739 0.219480
vt 0.588062 0.219456
vt 0.593728 0.240914
vt 0.588053 0.240890
vt 0.593718 0.262347
vt 0.588043 0.262323
vt 0.593708 0.283779
vt 0.588031 0.283755
vt 0.593697 0.305213
vt 0.588022 0.305187
vt 0.593687 0.326645
vt 0.588012 0.326622
vt 0.593677 0.348077
vt 0.588000 0.348054
vt 0.593667 0.369511
vt 0.587990 0.369486
vt 0.593656 0.390943
vt 0.587981 0.390919
vt 0.593646 0.412375
vt 0.587971 0.412352
vt 0.593637 0.433792
vt 0.587959 0.433790
vt 0.460899 0.379873
vt 0.460899 0.400562
vt 0.453403 0.400562
vt 0.453403 0.379873
vt 0.460899 0.421249
vt 0.453403 0.421249
vt 0.460899 0.441938
vt 0.453403 0.441938
vt 0.460899 0.462626
vt 0.453403 0.462626
vt 0.460899 0.483313
vt 0.453403 0.483313
vt 0.460899 0.504001
vt 0.453403 0.504001
vt 0.460899 0.524690
vt 0.453403 0.524690
vt 0.460899 0.545378
vt 0.453403 0.545378
vt 0.460899 0.566066
vt 0.453403 0.566066
vt 0.460899 0.586754
vt 0.453403 0.586754
vt 0.460899 0.607442
vt 0.453403 0.607442
vt 0.460899 0.628131
vt 0.453403 0.628131
vt 0.460899 0.648818
vt 0.453403 0.648818
vt 0.460899 0.669505
vt 0.453403 0.669505
vt 0.460899 0.690195
vt 0.453403 0.690195
vt 0.460899 0.710882
vt 0.453403 0.710882
vt 0.460899 0.731570
vt 0.453402 0.731570
vt 0.460899 0.752259
vt 0.453402 0.752259
vt 0.460899 0.772947
vt 0.453402 0.772947
vt 0.460899 0.793635
vt 0.453402 0.793635
vt 0.569574 0.407781
vt 0.569574 0.429039
vt 0.564186 0.428440
vt 0.564186 0.407372
vt 0.569574 0.386518
vt 0.564193 0.386314
vt 0.569574 0.365234
vt 0.564193 0.365220
vt 0.569574 0.344051
vt 0.564193 0.344044
vt 0.569574 0.322870
vt 0.564193 0.322866
vt 0.569574 0.301692
vt 0.564193 0.301687
vt 0.569574 0.280513
vt 0.564193 0.280508
vt 0.569574 0.259334
vt 0.564193 0.259330
vt 0.569574 0.238155
vt 0.564193 0.238150
vt 0.569574 0.216973
vt 0.564193 0.216973
vt 0.569574 0.195797
vt 0.564193 0.195793
vt 0.569574 0.174619
vt 0.564193 0.174614
vt 0.569574 0.153439
vt 0.564193 0.153435
vt 0.569574 0.132260
vt 0.564193 0.132256
vt 0.569574 0.111082
vt 0.564193 0.111076
vt 0.569574 0.089903
vt 0.564193 0.089898
vt 0.569574 0.068723
vt 0.564193 0.068720
vt 0.569574 0.047544
vt 0.564193 0.047540
vt 0.569574 0.026366
vt 0.564193 0.026361
vt 0.569574 0.005184
vt 0.564193 0.005184
vt 0.508108 0.026360
vt 0.559967 0.026360
vt 0.559967 0.048023
vt 0.508108 0.048023
vt 0.559967 0.069684
vt 0.508108 0.069684
vt 0.559967 0.091348
vt 0.508108 0.091348
vt 0.559967 0.113010
vt 0.508108 0.113010
vt 0.559967 0.134671
vt 0.508108 0.134671
vt 0.559967 0.156334
vt 0.508108 0.156334
vt 0.559967 0.177996
vt 0.508108 0.177996
vt 0.559967 0.199658
vt 0.508108 0.199658
vt 0.559967 0.221321
vt 0.508108 0.221321
vt 0.559967 0.242983
vt 0.508108 0.242983
vt 0.559967 0.264644
vt 0.508108 0.264644
vt 0.559967 0.286306
vt 0.508108 0.286306
vt 0.559967 0.307970
vt 0.508108 0.307970
vt 0.559967 0.329631
vt 0.508108 0.329631
vt 0.559967 0.351293
vt 0.508108 0.351293
vt 0.559967 0.372956
vt 0.508108 0.372956
vt 0.559967 0.394619
vt 0.508108 0.394619
vt 0.559967 0.416281
vt 0.508108 0.416281
vt 0.559967 0.437943
vt 0.508108 0.437943
vt 0.559967 0.004698
vt 0.508109 0.004698
vt 0.179816 0.567571
vt 0.179836 0.563313
vt 0.182079 0.563613
vt 0.182079 0.567763
vt 0.179836 0.559245
vt 0.182079 0.559300
vt 0.179836 0.555043
vt 0.182079 0.555050
vt 0.179836 0.550816
vt 0.182079 0.550816
vt 0.179836 0.546585
vt 0.182079 0.546585
vt 0.179836 0.542351
vt 0.182079 0.542352
vt 0.179836 0.538121
vt 0.182079 0.538122
vt 0.179836 0.533891
vt 0.182079 0.533890
vt 0.179836 0.529660
vt 0.182079 0.529660
vt 0.179816 0.614394
vt 0.179816 0.610005
vt 0.182079 0.609976
vt 0.182079 0.614097
vt 0.179816 0.605760
vt 0.182079 0.605755
vt 0.179816 0.601526
vt 0.182079 0.601524
vt 0.179816 0.597296
vt 0.182079 0.597294
vt 0.179816 0.593063
vt 0.182079 0.593063
vt 0.179816 0.588830
vt 0.182079 0.588833
vt 0.179816 0.584600
vt 0.182079 0.584601
vt 0.179816 0.580368
vt 0.182079 0.580370
vt 0.179816 0.576136
vt 0.182079 0.576139
vt 0.179816 0.571890
vt 0.182079 0.571918
vt 0.339565 0.542915
vt 0.339565 0.539382
vt 0.341893 0.539348
vt 0.341875 0.542994
vt 0.339565 0.535765
vt 0.341893 0.535756
vt 0.339565 0.532158
vt 0.341893 0.532157
vt 0.339565 0.528554
vt 0.341893 0.528554
vt 0.339565 0.524951
vt 0.341893 0.524951
vt 0.339565 0.521348
vt 0.341893 0.521348
vt 0.339565 0.517746
vt 0.341893 0.517746
vt 0.339565 0.514140
vt 0.341893 0.514145
vt 0.339565 0.510540
vt 0.341893 0.510540
vt 0.339565 0.582585
vt 0.339565 0.578979
vt 0.341875 0.578985
vt 0.341875 0.582585
vt 0.339565 0.575380
vt 0.341875 0.575380
vt 0.339565 0.571777
vt 0.341875 0.571777
vt 0.339565 0.568169
vt 0.341875 0.568176
vt 0.339565 0.564571
vt 0.341875 0.564571
vt 0.339565 0.560971
vt 0.341875 0.560966
vt 0.339565 0.557368
vt 0.341875 0.557365
vt 0.339565 0.553765
vt 0.341875 0.553763
vt 0.339565 0.550145
vt 0.341875 0.550169
vt 0.339565 0.546491
vt 0.341875 0.546606
vt 0.107254 0.863958
vt 0.107254 0.859536
vt 0.125700 0.858347
vt 0.126249 0.862822
vt 0.107254 0.868378
vt 0.126249 0.867374
vt 0.107254 0.872796
vt 0.126249 0.871934
vt 0.107254 0.877213
vt 0.126249 0.876494
vt 0.107254 0.881632
vt 0.126249 0.881060
vt 0.107254 0.886052
vt 0.126249 0.885625
vt 0.107254 0.890472
vt 0.126249 0.890190
vt 0.107254 0.894895
vt 0.126249 0.894755
vt 0.107254 0.899319
vt 0.126249 0.899319
vt 0.107254 0.814064
vt 0.107254 0.809533
vt 0.125700 0.809533
vt 0.125700 0.813991
vt 0.107254 0.818595
vt 0.125700 0.818446
vt 0.107254 0.823131
vt 0.125700 0.822899
vt 0.107254 0.827668
vt 0.125700 0.827349
vt 0.107254 0.832211
vt 0.125700 0.831793
vt 0.107254 0.836757
vt 0.125700 0.836232
vt 0.107254 0.841309
vt 0.125700 0.840664
vt 0.107254 0.845864
vt 0.125700 0.845092
vt 0.107254 0.850421
vt 0.125700 0.849513
vt 0.107254 0.854980
vt 0.125700 0.853931
vt 0.319061 0.532491
vt 0.319061 0.536654
vt 0.316708 0.536864
vt 0.316708 0.532648
vt 0.319061 0.528357
vt 0.316708 0.528393
vt 0.319061 0.524169
vt 0.316708 0.524170
vt 0.319061 0.519959
vt 0.316708 0.519959
vt 0.319061 0.515745
vt 0.316708 0.515752
vt 0.319061 0.511536
vt 0.316708 0.511542
vt 0.319061 0.507326
vt 0.316708 0.507332
vt 0.319061 0.503116
vt 0.316708 0.503122
vt 0.319061 0.498910
vt 0.316708 0.498910
vt 0.319067 0.578852
vt 0.319067 0.583065
vt 0.316708 0.583065
vt 0.316708 0.578858
vt 0.319067 0.574641
vt 0.316708 0.574648
vt 0.319067 0.570433
vt 0.316708 0.570439
vt 0.319067 0.566225
vt 0.316708 0.566227
vt 0.319067 0.562016
vt 0.316708 0.562016
vt 0.319067 0.557807
vt 0.316708 0.557807
vt 0.319067 0.553601
vt 0.316708 0.553596
vt 0.319067 0.549389
vt 0.316708 0.549387
vt 0.319067 0.545167
vt 0.316708 0.545187
vt 0.319067 0.540912
vt 0.316708 0.541014
vt 0.253688 0.630802
vt 0.253688 0.627193
vt 0.255450 0.627134
vt 0.255450 0.630800
vt 0.253688 0.634461
vt 0.255450 0.634460
vt 0.253688 0.638123
vt 0.255450 0.638118
vt 0.253688 0.641783
vt 0.255450 0.641777
vt 0.253688 0.645442
vt 0.255450 0.645438
vt 0.253688 0.649103
vt 0.255450 0.649097
vt 0.253688 0.652762
vt 0.255450 0.652757
vt 0.253688 0.656422
vt 0.255450 0.656418
vt 0.253688 0.660079
vt 0.255450 0.660079
vt 0.253688 0.590588
vt 0.253688 0.586925
vt 0.255446 0.586925
vt 0.255446 0.590583
vt 0.253688 0.594248
vt 0.255446 0.594243
vt 0.253688 0.597906
vt 0.255446 0.597905
vt 0.253688 0.601565
vt 0.255446 0.601565
vt 0.253688 0.605226
vt 0.255446 0.605226
vt 0.253688 0.608885
vt 0.255446 0.608885
vt 0.253688 0.612544
vt 0.255446 0.612545
vt 0.253688 0.616203
vt 0.255446 0.616207
vt 0.253688 0.619865
vt 0.255446 0.619866
vt 0.253688 0.623554
vt 0.255446 0.623508
vt 0.301125 0.370655
vt 0.301125 0.367216
vt 0.305478 0.366863
vt 0.305478 0.370231
vt 0.301125 0.374015
vt 0.305542 0.373672
vt 0.301125 0.377366
vt 0.305542 0.377142
vt 0.301125 0.380734
vt 0.305542 0.380608
vt 0.301125 0.384121
vt 0.305542 0.384058
vt 0.301125 0.387522
vt 0.305542 0.387493
vt 0.301125 0.390933
vt 0.305542 0.390921
vt 0.301125 0.394348
vt 0.305542 0.394343
vt 0.301125 0.397764
vt 0.305542 0.397764
vt 0.301125 0.332863
vt 0.301125 0.329444
vt 0.305478 0.329444
vt 0.305478 0.332863
vt 0.301125 0.336282
vt 0.305478 0.336282
vt 0.301125 0.339702
vt 0.305478 0.339701
vt 0.301125 0.343121
vt 0.305478 0.343120
vt 0.301125 0.346542
vt 0.305478 0.346537
vt 0.301125 0.349965
vt 0.305478 0.349951
vt 0.301125 0.353394
vt 0.305478 0.353361
vt 0.301125 0.356831
vt 0.305478 0.356759
vt 0.301125 0.360283
vt 0.305478 0.360144
vt 0.301125 0.363750
vt 0.305478 0.363509
vt 0.173822 0.405364
vt 0.174005 0.406861
vt 0.162115 0.406997
vt 0.162115 0.405493
vt 0.173822 0.403905
vt 0.162115 0.403987
vt 0.173822 0.402438
vt 0.162115 0.402481
vt 0.173822 0.400930
vt 0.162115 0.400983
vt 0.173822 0.399418
vt 0.162115 0.399486
vt 0.173822 0.397937
vt 0.162115 0.397983
vt 0.173822 0.396452
vt 0.162115 0.396481
vt 0.173822 0.394964
vt 0.162115 0.394979
vt 0.173822 0.393478
vt 0.162115 0.393478
vt 0.174005 0.421974
vt 0.174005 0.423470
vt 0.162115 0.423470
vt 0.162115 0.421971
vt 0.174005 0.420511
vt 0.162115 0.420464
vt 0.174005 0.419054
vt 0.162115 0.418957
vt 0.174005 0.417563
vt 0.162115 0.417456
vt 0.174005 0.416044
vt 0.162115 0.415959
vt 0.174005 0.414525
vt 0.162115 0.414464
vt 0.174005 0.413009
vt 0.162115 0.412968
vt 0.174005 0.411492
vt 0.162115 0.411471
vt 0.174005 0.409975
vt 0.162115 0.409975
vt 0.174005 0.408420
vt 0.162115 0.408486
vt 0.250314 0.574710
vt 0.250314 0.574042
vt 0.254864 0.574042
vt 0.254864 0.574710
vt 0.250314 0.575378
vt 0.254864 0.575378
vt 0.250314 0.576047
vt 0.254864 0.576047
vt 0.250314 0.576716
vt 0.254864 0.576716
vt 0.250314 0.577384
vt 0.254864 0.577384
vt 0.250314 0.578052
vt 0.254864 0.578052
vt 0.250314 0.578721
vt 0.254864 0.578721
vt 0.250314 0.579389
vt 0.254864 0.579389
vt 0.250314 0.580058
vt 0.254864 0.580058
vt 0.250314 0.567357
vt 0.250314 0.566689
vt 0.254864 0.566689
vt 0.254864 0.567357
vt 0.250314 0.568025
vt 0.254864 0.568025
vt 0.250314 0.568694
vt 0.254864 0.568694
vt 0.250314 0.569362
vt 0.254864 0.569362
vt 0.250314 0.570031
vt 0.254864 0.570031
vt 0.250314 0.570699
vt 0.254864 0.570699
vt 0.250314 0.571368
vt 0.254864 0.571368
vt 0.250314 0.572036
vt 0.254864 0.572036
vt 0.250314 0.572704
vt 0.254864 0.572704
vt 0.250314 0.573374
vt 0.254864 0.573374
vt 0.153458 0.968603
vt 0.152931 0.969332
vt 0.151408 0.969570
vt 0.152014 0.969321
vt 0.153654 0.967829
vt 0.152575 0.968902
vt 0.153654 0.966922
vt 0.152915 0.968342
vt 0.153353 0.966177
vt 0.153120 0.967675
vt 0.152814 0.965435
vt 0.153066 0.967025
vt 0.152130 0.965006
vt 0.152839 0.966367
vt 0.151258 0.964720
vt 0.152413 0.965875
vt 0.150439 0.964763
vt 0.151846 0.965483
vt 0.149698 0.965063
vt 0.151184 0.965291
vt 0.148974 0.965590
vt 0.149698 0.965063
vt 0.151184 0.965291
vt 0.150537 0.965354
vt 0.148568 0.966253
vt 0.149881 0.965585
vt 0.148317 0.967085
vt 0.149386 0.966014
vt 0.148330 0.967973
vt 0.149038 0.966576
vt 0.148608 0.968851
vt 0.148875 0.967216
vt 0.149130 0.969508
vt 0.148882 0.967911
vt 0.149822 0.969960
vt 0.149110 0.968561
vt 0.150602 0.970158
vt 0.149532 0.969104
vt 0.151494 0.970158
vt 0.150091 0.969433
vt 0.152218 0.969860
vt 0.150757 0.969630
vt 0.098886 0.255834
vt 0.098886 0.255476
vt 0.103436 0.255476
vt 0.103436 0.255834
vt 0.098886 0.256193
vt 0.103436 0.256193
vt 0.098886 0.256551
vt 0.103436 0.256551
vt 0.098886 0.256910
vt 0.103436 0.256910
vt 0.098886 0.257268
vt 0.103436 0.257268
vt 0.098886 0.257626
vt 0.103436 0.257626
vt 0.098886 0.257984
vt 0.103436 0.257984
vt 0.098886 0.258343
vt 0.103436 0.258343
vt 0.098886 0.258701
vt 0.103436 0.258701
vt 0.098887 0.251893
vt 0.098887 0.251535
vt 0.103436 0.251535
vt 0.103436 0.251893
vt 0.098887 0.252251
vt 0.103436 0.252251
vt 0.098887 0.252610
vt 0.103436 0.252610
vt 0.098887 0.252968
vt 0.103436 0.252968
vt 0.098887 0.253326
vt 0.103436 0.253326
vt 0.098887 0.253684
vt 0.103436 0.253684
vt 0.098886 0.254043
vt 0.103436 0.254043
vt 0.098886 0.254401
vt 0.103436 0.254401
vt 0.098886 0.254759
vt 0.103436 0.254759
vt 0.098886 0.255118
vt 0.103436 0.255118
vt 0.137499 0.993233
vt 0.137839 0.993122
vt 0.138017 0.994255
vt 0.137209 0.993445
vt 0.136999 0.993733
vt 0.136888 0.994075
vt 0.136888 0.994434
vt 0.136998 0.994774
vt 0.137208 0.995065
vt 0.137498 0.995277
vt 0.137837 0.995388
vt 0.138196 0.995388
vt 0.138535 0.995278
vt 0.138825 0.995067
vt 0.139036 0.994778
vt 0.139147 0.994437
vt 0.139147 0.994076
vt 0.139036 0.993735
vt 0.138825 0.993445
vt 0.138537 0.993233
vt 0.138197 0.993122
vt 0.519808 0.688092
vt 0.545157 0.688092
vt 0.545157 0.719173
vt 0.519808 0.719173
vt 0.703505 0.029626
vt 0.727363 0.028721
vt 0.727538 0.036702
vt 0.702991 0.037238
vt 0.548692 0.719407
vt 0.548692 0.688326
vt 0.574040 0.688326
vt 0.574040 0.719407
vt 0.643676 0.331939
vt 0.643676 0.340159
vt 0.619728 0.339301
vt 0.619728 0.331939
vt 0.680474 0.361748
vt 0.672704 0.361748
vt 0.672704 0.330666
vt 0.680474 0.330666
vt 0.702991 0.006060
vt 0.726858 0.005541
vt 0.727026 0.013332
vt 0.703160 0.013846
vt 0.657164 0.330666
vt 0.657164 0.361748
vt 0.649394 0.361748
vt 0.649394 0.330666
vt 0.619728 0.355200
vt 0.643676 0.355442
vt 0.643676 0.363112
vt 0.619728 0.363112
vt 0.703334 0.021815
vt 0.727193 0.020939
vt 0.664934 0.361748
vt 0.664934 0.330666
vt 0.643676 0.347719
vt 0.619728 0.347326
vt 0.166206 0.800098
vt 0.186067 0.793599
vt 0.196213 0.856390
vt 0.195247 0.856699
vt 0.206974 0.793551
vt 0.197230 0.856379
vt 0.226895 0.799953
vt 0.198200 0.856685
vt 0.243879 0.812216
vt 0.199030 0.857273
vt 0.256226 0.829160
vt 0.199624 0.858096
vt 0.262700 0.849099
vt 0.199933 0.859063
vt 0.262700 0.870057
vt 0.199945 0.860081
vt 0.256230 0.889995
vt 0.199641 0.861052
vt 0.243892 0.906942
vt 0.199044 0.861873
vt 0.226916 0.919210
vt 0.198221 0.862468
vt 0.206997 0.925617
vt 0.197255 0.862779
vt 0.186095 0.925574
vt 0.196238 0.862792
vt 0.166232 0.919087
vt 0.195274 0.862476
vt 0.149354 0.906790
vt 0.194445 0.861889
vt 0.137100 0.889886
vt 0.193851 0.861068
vt 0.130675 0.870033
vt 0.193540 0.860104
vt 0.130671 0.849174
vt 0.193530 0.859089
vt 0.137085 0.829316
vt 0.193833 0.858120
vt 0.149329 0.812403
vt 0.194433 0.857304
vt 0.190947 0.605970
vt 0.190965 0.604995
vt 0.193491 0.605043
vt 0.193491 0.606004
vt 0.190965 0.604033
vt 0.193491 0.604069
vt 0.190965 0.603072
vt 0.193491 0.603095
vt 0.190965 0.602109
vt 0.193491 0.602123
vt 0.190965 0.601143
vt 0.193491 0.601152
vt 0.190965 0.600178
vt 0.193491 0.600183
vt 0.190965 0.599211
vt 0.193491 0.599214
vt 0.190965 0.598244
vt 0.193491 0.598245
vt 0.190965 0.597276
vt 0.193491 0.597277
vt 0.190965 0.596309
vt 0.193491 0.596309
vt 0.190965 0.595341
vt 0.193491 0.595341
vt 0.190965 0.594373
vt 0.193491 0.594373
vt 0.190965 0.593404
vt 0.193491 0.593404
vt 0.190965 0.592437
vt 0.193491 0.592437
vt 0.190965 0.591469
vt 0.193491 0.591469
vt 0.190947 0.610827
vt 0.190947 0.609856
vt 0.193491 0.609860
vt 0.193491 0.610827
vt 0.190947 0.608886
vt 0.193491 0.608894
vt 0.190947 0.607915
vt 0.193491 0.607930
vt 0.190947 0.606942
vt 0.193491 0.606965
vt 0.208915 0.746675
vt 0.207991 0.746675
vt 0.208452 0.743759
vt 0.207113 0.746389
vt 0.206366 0.745846
vt 0.205824 0.745099
vt 0.205538 0.744221
vt 0.205538 0.743299
vt 0.205823 0.742420
vt 0.206365 0.741673
vt 0.207113 0.741131
vt 0.207990 0.740846
vt 0.208913 0.740846
vt 0.209791 0.741132
vt 0.210538 0.741674
vt 0.211081 0.742420
vt 0.211366 0.743299
vt 0.211366 0.744221
vt 0.211082 0.745100
vt 0.210540 0.745846
vt 0.209792 0.746389
vt 0.277972 0.574548
vt 0.277972 0.568912
vt 0.283087 0.568912
vt 0.283087 0.574548
vt 0.277972 0.563278
vt 0.283087 0.563278
vt 0.277972 0.557643
vt 0.283087 0.557643
vt 0.277972 0.552008
vt 0.283087 0.552008
vt 0.277972 0.546374
vt 0.283087 0.546374
vt 0.277972 0.613989
vt 0.277972 0.608355
vt 0.283087 0.608355
vt 0.283087 0.613989
vt 0.277972 0.602719
vt 0.283087 0.602719
vt 0.277972 0.597084
vt 0.283087 0.597084
vt 0.277972 0.591451
vt 0.283087 0.591451
vt 0.277972 0.585816
vt 0.283087 0.585816
vt 0.277972 0.580182
vt 0.283087 0.580182
vn 0.025213 0.939993 -0.340262
vn 0.009330 0.798438 -0.602004
vn 0.009775 0.807100 -0.590334
vn 0.026863 0.945845 -0.323506
vn -0.000624 0.559371 -0.828917
vn 0.000020 0.577476 -0.816408
vn -0.005052 0.300618 -0.953731
vn -0.004989 0.312203 -0.950002
vn -0.005765 0.000335 -0.999983
vn -0.005765 0.000134 -0.999983
vn -0.005529 -0.299606 -0.954047
vn -0.005512 -0.311476 -0.950238
vn -0.002027 -0.559140 -0.829071
vn -0.001437 -0.577331 -0.816509
vn -0.006662 -0.784654 -0.619898
vn -0.008508 -0.798968 -0.601314
vn -0.016852 -0.931572 -0.363165
vn -0.015282 -0.944037 -0.329485
vn -0.008004 -0.999968 -0.000001
vn -0.008004 -0.999968 0.000000
vn 0.041494 0.999139 0.000000
vn 0.041494 0.999139 0.000000
vn 0.024133 0.935955 0.351293
vn 0.026750 0.945399 0.324816
vn 0.009769 0.806743 0.590822
vn 0.008974 0.791197 0.611496
vn 0.000001 0.577480 0.816405
vn -0.000646 0.559372 0.828917
vn -0.005007 0.312198 0.950004
vn -0.005069 0.300612 0.953733
vn -0.005752 0.000121 0.999983
vn -0.005753 0.000322 0.999983
vn -0.005499 -0.311477 0.950238
vn -0.005515 -0.299609 0.954046
vn -0.001442 -0.577318 0.816518
vn -0.002032 -0.559126 0.829080
vn -0.008521 -0.798965 0.601317
vn -0.006676 -0.784650 0.619903
vn -0.015292 -0.944039 0.329479
vn -0.016864 -0.931573 0.363163
vn -1.000000 -0.000163 -0.000274
vn -1.000000 -0.000163 -0.000274
vn -1.000000 -0.000163 -0.000274
vn -1.000000 -0.000163 -0.000274
vn -1.000000 -0.000131 -0.000231
vn -1.000000 -0.000131 -0.000231
vn -1.000000 -0.000131 -0.000231
vn -1.000000 -0.000131 -0.000231
vn -1.000000 -0.000083 -0.000194
vn -1.000000 -0.000083 -0.000194
vn -1.000000 -0.000083 -0.000194
vn -1.000000 -0.000083 -0.000194
vn -1.000000 -0.000031 -0.000177
vn -1.000000 -0.000031 -0.000177
vn -1.000000 -0.000031 -0.000177
vn -1.000000 -0.000031 -0.000177
vn -1.000000 0.000031 -0.000177
vn -1.000000 0.000031 -0.000177
vn -1.000000 0.000031 -0.000177
vn -1.000000 0.000031 -0.000177
vn -1.000000 0.000083 -0.000194
vn -1.000000 0.000083 -0.000194
vn -1.000000 0.000083 -0.000194
vn -1.000000 0.000083 -0.000194
vn -1.000000 0.000131 -0.000231
vn -1.000000 0.000131 -0.000231
vn -1.000000 0.000131 -0.000231
vn -1.000000 0.000131 -0.000231
vn -1.000000 0.000163 -0.000274
vn -1.000000 0.000163 -0.000274
vn -1.000000 0.000163 -0.000274
vn -1.000000 0.000163 -0.000274
vn -1.000000 0.000181 -0.000326
vn -1.000000 0.000181 -0.000326
vn -1.000000 0.000181 -0.000326
vn -1.000000 0.000181 -0.000326
vn -1.000000 -0.000181 -0.000326
vn -1.000000 -0.000181 -0.000326
vn -1.000000 -0.000181 -0.000326
vn -1.000000 -0.000181 -0.000326
vn -1.000000 -0.000163 0.000274
vn -1.000000 -0.000163 0.000274
vn -1.000000 -0.000163 0.000274
vn -1.000000 -0.000163 0.000274
vn -1.000000 -0.000131 0.000231
vn -1.000000 -0.000131 0.000231
vn -1.000000 -0.000131 0.000231
vn -1.000000 -0.000131 0.000231
vn -1.000000 -0.000083 0.000194
vn -1.000000 -0.000083 0.000194
vn -1.000000 -0.000083 0.000194
vn -1.000000 -0.000083 0.000194
vn -1.000000 -0.000031 0.000177
vn -1.000000 -0.000031 0.000177
vn -1.000000 -0.000031 0.000177
vn -1.000000 -0.000031 0.000177
vn -1.000000 0.000031 0.000176
vn -1.000000 0.000031 0.000176
vn -1.000000 0.000031 0.000176
vn -1.000000 0.000031 0.000176
vn -1.000000 0.000083 0.000194
vn -1.000000 0.000083 0.000194
vn -1.000000 0.000083 0.000194
vn -1.000000 0.000083 0.000194
vn -1.000000 0.000131 0.000231
vn -1.000000 0.000131 0.000231
vn -1.000000 0.000131 0.000231
vn -1.000000 0.000131 0.000231
vn -1.000000 0.000163 0.000274
vn -1.000000 0.000163 0.000274
vn -1.000000 0.000163 0.000274
vn -1.000000 0.000163 0.000274
vn -1.000000 0.000181 0.000326
vn -1.000000 0.000181 0.000326
vn -1.000000 0.000181 0.000326
vn -1.000000 0.000181 0.000326
vn -1.000000 -0.000181 0.000326
vn -1.000000 -0.000181 0.000326
vn -1.000000 -0.000181 0.000326
vn -1.000000 -0.000181 0.000326
vn 0.000000 0.948513 -0.316739
vn 0.000000 0.813065 -0.582172
vn 0.000000 0.813137 -0.582072
vn 0.000000 0.948554 -0.316616
vn 0.000000 0.813065 -0.582172
vn 0.000000 0.582146 -0.813084
vn 0.000000 0.582219 -0.813032
vn 0.000000 0.813137 -0.582072
vn 0.000000 0.582146 -0.813084
vn 0.000000 0.316710 -0.948523
vn 0.000000 0.316751 -0.948509
vn 0.000000 0.582219 -0.813032
vn 0.000000 0.316710 -0.948523
vn 0.000000 0.000000 -1.000000
vn 0.000000 0.000000 -1.000000
vn 0.000000 0.316751 -0.948509
vn 0.000000 0.000000 -1.000000
vn 0.000000 -0.316710 -0.948523
vn 0.000000 -0.316751 -0.948509
vn 0.000000 0.000000 -1.000000
vn 0.000000 -0.316710 -0.948523
vn 0.000000 -0.582148 -0.813083
vn 0.000000 -0.582222 -0.813030
vn 0.000000 -0.316751 -0.948509
vn 0.000000 -0.582148 -0.813083
vn 0.000000 -0.813065 -0.582172
vn 0.000000 -0.813137 -0.582072
vn 0.000000 -0.582222 -0.813030
vn 0.000000 -0.813065 -0.582172
vn 0.000000 -0.948513 -0.316739
vn 0.000000 -0.948554 -0.316616
vn 0.000000 -0.813137 -0.582072
vn 0.000000 -0.948513 -0.316739
vn 0.000000 -1.000000 0.000000
vn 0.000000 -1.000000 0.000000
vn 0.000000 -0.948554 -0.316616
vn 0.000000 1.000000 0.000000
vn 0.000000 0.948513 -0.316739
vn 0.000000 0.948554 -0.316616
vn 0.000000 1.000000 0.000000
vn 0.000000 0.813065 0.582172
vn 0.000000 0.948520 0.316717
vn 0.000000 0.948561 0.316593
vn 0.000000 0.813137 0.582072
vn 0.000000 0.582121 0.813102
vn 0.000000 0.813065 0.582172
vn 0.000000 0.813137 0.582072
vn 0.000000 0.582194 0.813050
vn 0.000000 0.316710 0.948523
vn 0.000000 0.582121 0.813102
vn 0.000000 0.582194 0.813050
vn 0.000000 0.316751 0.948509
vn 0.000000 0.000000 1.000000
vn 0.000000 0.316710 0.948523
vn 0.000000 0.316751 0.948509
vn 0.000000 0.000000 1.000000
vn 0.000000 -0.316710 0.948523
vn 0.000000 0.000000 1.000000
vn 0.000000 0.000000 1.000000
vn 0.000000 -0.316751 0.948509
vn 0.000000 -0.582123 0.813100
vn 0.000000 -0.316710 0.948523
vn 0.000000 -0.316751 0.948509
vn 0.000000 -0.582196 0.813048
vn 0.000000 -0.813065 0.582172
vn 0.000000 -0.582123 0.813100
vn 0.000000 -0.582196 0.813048
vn 0.000000 -0.813137 0.582072
vn 0.000000 -0.948520 0.316717
vn 0.000000 -0.813065 0.582172
vn 0.000000 -0.813137 0.582072
vn 0.000000 -0.948561 0.316593
vn 0.000000 -1.000000 0.000000
vn 0.000000 -0.948520 0.316717
vn 0.000000 -0.948561 0.316593
vn 0.000000 -1.000000 0.000000
vn 0.000000 0.948520 0.316717
vn 0.000000 1.000000 0.000000
vn 0.000000 1.000000 0.000000
vn 0.000000 0.948561 0.316593
vn -1.000000 -0.000187 -0.000269
vn -1.000000 -0.000187 -0.000269
vn -1.000000 -0.000187 -0.000269
vn -1.000000 -0.000148 -0.000216
vn -1.000000 -0.000148 -0.000216
vn -1.000000 -0.000148 -0.000216
vn -1.000000 -0.000089 -0.000173
vn -1.000000 -0.000089 -0.000173
vn -1.000000 -0.000089 -0.000173
vn -1.000000 -0.000036 -0.000155
vn -1.000000 -0.000036 -0.000155
vn -1.000000 -0.000036 -0.000155
vn -1.000000 0.000036 -0.000155
vn -1.000000 0.000036 -0.000155
vn -1.000000 0.000036 -0.000155
vn -1.000000 0.000089 -0.000174
vn -1.000000 0.000089 -0.000174
vn -1.000000 0.000089 -0.000174
vn -1.000000 0.000148 -0.000215
vn -1.000000 0.000148 -0.000215
vn -1.000000 0.000148 -0.000215
vn -1.000000 0.000187 -0.000269
vn -1.000000 0.000187 -0.000269
vn -1.000000 0.000187 -0.000269
vn -1.000000 0.000203 -0.000319
vn -1.000000 0.000203 -0.000319
vn -1.000000 0.000203 -0.000319
vn -1.000000 -0.000203 -0.000319
vn -1.000000 -0.000203 -0.000319
vn -1.000000 -0.000203 -0.000319
vn -1.000000 -0.000187 0.000269
vn -1.000000 -0.000187 0.000269
vn -1.000000 -0.000187 0.000269
vn -1.000000 -0.000148 0.000216
vn -1.000000 -0.000148 0.000216
vn -1.000000 -0.000148 0.000216
vn -1.000000 -0.000089 0.000173
vn -1.000000 -0.000089 0.000173
vn -1.000000 -0.000089 0.000173
vn -1.000000 -0.000036 0.000156
vn -1.000000 -0.000036 0.000156
vn -1.000000 -0.000036 0.000156
vn -1.000000 0.000036 0.000155
vn -1.000000 0.000036 0.000155
vn -1.000000 0.000036 0.000155
vn -1.000000 0.000089 0.000174
vn -1.000000 0.000089 0.000174
vn -1.000000 0.000089 0.000174
vn -1.000000 0.000148 0.000215
vn -1.000000 0.000148 0.000215
vn -1.000000 0.000148 0.000215
vn -1.000000 0.000187 0.000269
vn -1.000000 0.000187 0.000269
vn -1.000000 0.000187 0.000269
vn -1.000000 0.000203 0.000319
vn -1.000000 0.000203 0.000319
vn -1.000000 0.000203 0.000319
vn -1.000000 -0.000203 0.000319
vn -1.000000 -0.000203 0.000319
vn -1.000000 -0.000203 0.000319
vn 0.000000 -1.000000 0.000000
vn 0.000000 -1.000000 0.000000
vn 0.000000 -1.000000 0.000000
vn 0.000000 -1.000000 0.000000
vn 0.000000 -1.000000 0.000000
vn 0.000000 -1.000000 0.000000
vn 0.000000 -1.000000 0.000000
vn 0.000000 -1.000000 0.000000
vn 0.000000 -1.000000 0.000000
vn 0.000000 -1.000000 0.000000
vn 0.000000 -1.000000 0.000000
vn 0.000000 -1.000000 0.000000
vn 0.000000 -1.000000 0.000000
vn 0.000000 -1.000000 0.000000
vn 0.000000 -1.000000 0.000000
vn 0.000000 -1.000000 0.000000
vn 0.000000 -1.000000 0.000000
vn 0.000000 -1.000000 0.000000
vn 0.000000 -1.000000 0.000000
vn 0.000000 -1.000000 0.000000
vn 0.000000 -1.000000 0.000000
vn 0.000000 -1.000000 0.000000
vn 0.000000 -1.000000 0.000000
vn 0.000000 -1.000000 0.000000
vn 0.000000 -1.000000 0.000000
vn 0.000000 -1.000000 0.000000
vn 0.000000 -1.000000 0.000000
vn 0.000000 -1.000000 0.000000
vn 0.000000 -1.000000 0.000000
vn 0.000000 -1.000000 0.000000
vn 0.000000 -1.000000 0.000000
vn 0.000000 -1.000000 0.000000
vn 0.000000 -1.000000 0.000000
vn 0.000000 -1.000000 0.000000
vn 0.000000 -1.000000 0.000000
vn 0.000000 -1.000000 0.000000
vn 0.000000 -1.000000 0.000000
vn 0.000000 -1.000000 0.000000
vn 0.000000 -1.000000 0.000000
vn 0.000000 -1.000000 0.000000
vn 0.000000 -1.000000 0.000000
vn 0.000000 -1.000000 0.000000
vn 0.000000 -1.000000 0.000000
vn 0.000000 -1.000000 0.000000
vn 0.000000 -1.000000 0.000000
vn 0.000000 -1.000000 0.000000
vn 0.000000 -1.000000 0.000000
vn 0.000000 -1.000000 0.000000
vn 0.000000 -1.000000 0.000000
vn 0.000000 -1.000000 0.000000
vn 0.000000 -1.000000 0.000000
vn 0.000000 -1.000000 0.000000
vn 0.000000 -1.000000 0.000000
vn 0.000000 -1.000000 0.000000
vn 0.000000 -1.000000 0.000000
vn 0.000000 -1.000000 0.000000
vn 0.000000 -1.000000 0.000000
vn 0.000000 -1.000000 0.000000
vn 0.000000 -1.000000 0.000000
vn 0.000000 -1.000000 0.000000
vn 0.750676 -0.613997 -0.243911
vn 0.750677 -0.613997 -0.243909
vn 0.789318 -0.613985 0.000001
vn 0.789318 -0.613985 0.000001
vn 0.750677 -0.613997 -0.243909
vn 0.750676 -0.613997 -0.243911
vn 0.638568 -0.613995 -0.463942
vn 0.638564 -0.613995 -0.463947
vn 0.638564 -0.613995 -0.463947
vn 0.638568 -0.613995 -0.463942
vn 0.463948 -0.613986 -0.638571
vn 0.463952 -0.613986 -0.638569
vn 0.463952 -0.613986 -0.638569
vn 0.463948 -0.613986 -0.638571
vn 0.243908 -0.614017 -0.750661
vn 0.243905 -0.614017 -0.750662
vn 0.243905 -0.614017 -0.750662
vn 0.243908 -0.614017 -0.750661
vn 0.000000 -0.614048 -0.789268
vn 0.000000 -0.614048 -0.789268
vn 0.000000 -0.614048 -0.789268
vn 0.000000 -0.614048 -0.789268
vn -0.243906 -0.614032 -0.750650
vn -0.243902 -0.614032 -0.750651
vn -0.243902 -0.614032 -0.750651
vn -0.243906 -0.614032 -0.750650
vn -0.463948 -0.613988 -0.638569
vn -0.463947 -0.613988 -0.638570
vn -0.463947 -0.613988 -0.638570
vn -0.463948 -0.613988 -0.638569
vn -0.638581 -0.613968 -0.463959
vn -0.638585 -0.613968 -0.463954
vn -0.638585 -0.613968 -0.463954
vn -0.638581 -0.613968 -0.463959
vn -0.750686 -0.613985 -0.243914
vn -0.750686 -0.613985 -0.243911
vn -0.750686 -0.613985 -0.243911
vn -0.750686 -0.613985 -0.243914
vn -0.789310 -0.613995 0.000000
vn -0.789310 -0.613995 0.000000
vn -0.789310 -0.613995 0.000000
vn -0.789310 -0.613995 0.000000
vn -0.750684 -0.613986 0.243917
vn -0.750687 -0.613986 0.243907
vn -0.750687 -0.613986 0.243907
vn -0.750684 -0.613986 0.243917
vn -0.638573 -0.613983 0.463950
vn -0.638572 -0.613983 0.463951
vn -0.638572 -0.613983 0.463951
vn -0.638573 -0.613983 0.463950
vn -0.463946 -0.613994 0.638565
vn -0.463945 -0.613994 0.638565
vn -0.463945 -0.613994 0.638565
vn -0.463946 -0.613994 0.638565
vn -0.243913 -0.614000 0.750673
vn -0.243911 -0.614000 0.750674
vn -0.243911 -0.614000 0.750674
vn -0.243913 -0.614000 0.750673
vn 0.000000 -0.613999 0.789307
vn 0.000000 -0.613999 0.789307
vn 0.000000 -0.613999 0.789307
vn 0.000000 -0.613999 0.789307
vn 0.243910 -0.614006 0.750669
vn 0.243910 -0.614006 0.750669
vn 0.243910 -0.614006 0.750669
vn 0.243910 -0.614006 0.750669
vn 0.463939 -0.614007 0.638558
vn 0.463940 -0.614007 0.638557
vn 0.463940 -0.614007 0.638557
vn 0.463939 -0.614007 0.638558
vn 0.638570 -0.613987 0.463948
vn 0.638570 -0.613987 0.463948
vn 0.638570 -0.613987 0.463948
vn 0.638570 -0.613987 0.463948
vn 0.750691 -0.613976 0.243918
vn 0.750694 -0.613976 0.243910
vn 0.750694 -0.613976 0.243910
vn 0.750691 -0.613976 0.243918
vn 0.789318 -0.613985 0.000001
vn 0.789318 -0.613985 0.000001
vn 0.668327 0.711466 -0.217151
vn 0.668327 0.711466 -0.217152
vn 0.702713 0.711473 0.000001
vn 0.702713 0.711473 0.000001
vn 0.668327 0.711466 -0.217152
vn 0.668327 0.711466 -0.217151
vn 0.568527 0.711451 -0.413056
vn 0.568525 0.711451 -0.413059
vn 0.568525 0.711451 -0.413059
vn 0.568527 0.711451 -0.413056
vn 0.413061 0.711448 -0.568526
vn 0.413056 0.711448 -0.568530
vn 0.413056 0.711448 -0.568530
vn 0.413061 0.711448 -0.568526
vn 0.217150 0.711477 -0.668316
vn 0.217151 0.711477 -0.668316
vn 0.217151 0.711477 -0.668316
vn 0.217150 0.711477 -0.668316
vn 0.000000 0.711499 -0.702687
vn 0.000000 0.711499 -0.702687
vn 0.000000 0.711499 -0.702687
vn 0.000000 0.711499 -0.702687
vn -0.217145 0.711499 -0.668294
vn -0.217146 0.711499 -0.668294
vn -0.217146 0.711499 -0.668294
vn -0.217145 0.711499 -0.668294
vn -0.413034 0.711486 -0.568498
vn -0.413038 0.711486 -0.568496
vn -0.413038 0.711486 -0.568496
vn -0.413034 0.711486 -0.568498
vn -0.568508 0.711473 -0.413043
vn -0.568506 0.711473 -0.413046
vn -0.568506 0.711473 -0.413046
vn -0.568508 0.711473 -0.413043
vn -0.668318 0.711476 -0.217149
vn -0.668317 0.711476 -0.217151
vn -0.668317 0.711476 -0.217151
vn -0.668318 0.711476 -0.217149
vn -0.702707 0.711480 0.000000
vn -0.702707 0.711480 0.000000
vn -0.702707 0.711480 0.000000
vn -0.702707 0.711480 0.000000
vn -0.668317 0.711477 0.217148
vn -0.668316 0.711477 0.217150
vn -0.668316 0.711477 0.217150
vn -0.668317 0.711477 0.217148
vn -0.568519 0.711460 0.413051
vn -0.568518 0.711460 0.413053
vn -0.568518 0.711460 0.413053
vn -0.568519 0.711460 0.413051
vn -0.413065 0.711442 0.568531
vn -0.413061 0.711442 0.568534
vn -0.413061 0.711442 0.568534
vn -0.413065 0.711442 0.568531
vn -0.217159 0.711452 0.668339
vn -0.217158 0.711452 0.668340
vn -0.217158 0.711452 0.668340
vn -0.217159 0.711452 0.668339
vn 0.000000 0.711464 0.702722
vn 0.000000 0.711464 0.702722
vn 0.000000 0.711464 0.702722
vn 0.000000 0.711464 0.702722
vn 0.217158 0.711453 0.668339
vn 0.217157 0.711453 0.668339
vn 0.217157 0.711453 0.668339
vn 0.217158 0.711453 0.668339
vn 0.413064 0.711445 0.568528
vn 0.413059 0.711445 0.568531
vn 0.413059 0.711445 0.568531
vn 0.413064 0.711445 0.568528
vn 0.568521 0.711457 0.413052
vn 0.568521 0.711457 0.413053
vn 0.568521 0.711457 0.413053
vn 0.568521 0.711457 0.413052
vn 0.668323 0.711471 0.217150
vn 0.668323 0.711471 0.217151
vn 0.668323 0.711471 0.217151
vn 0.668323 0.711471 0.217150
vn 0.702713 0.711473 0.000001
vn 0.702713 0.711473 0.000001
vn 0.267832 -0.959527 -0.087024
vn 0.227835 -0.959526 -0.165533
vn 0.227837 -0.959526 -0.165530
vn 0.267832 -0.959527 -0.087024
vn 0.227835 -0.959526 -0.165533
vn 0.165530 -0.959527 -0.227833
vn 0.165530 -0.959527 -0.227833
vn 0.227837 -0.959526 -0.165530
vn 0.165530 -0.959527 -0.227833
vn 0.087023 -0.959528 -0.267829
vn 0.087023 -0.959528 -0.267829
vn 0.165530 -0.959527 -0.227833
vn 0.087023 -0.959528 -0.267829
vn 0.000000 -0.959529 -0.281611
vn 0.000000 -0.959529 -0.281611
vn 0.087023 -0.959528 -0.267829
vn 0.000000 -0.959529 -0.281611
vn -0.087023 -0.959528 -0.267829
vn -0.087024 -0.959528 -0.267829
vn 0.000000 -0.959529 -0.281611
vn -0.087023 -0.959528 -0.267829
vn -0.165526 -0.959529 -0.227829
vn -0.165526 -0.959529 -0.227829
vn -0.087024 -0.959528 -0.267829
vn -0.165526 -0.959529 -0.227829
vn -0.227826 -0.959529 -0.165526
vn -0.227826 -0.959529 -0.165525
vn -0.165526 -0.959529 -0.227829
vn -0.227826 -0.959529 -0.165526
vn -0.267825 -0.959530 -0.087022
vn -0.267825 -0.959530 -0.087021
vn -0.227826 -0.959529 -0.165525
vn -0.267825 -0.959530 -0.087022
vn -0.281606 -0.959530 0.000000
vn -0.281606 -0.959530 0.000000
vn -0.267825 -0.959530 -0.087021
vn -0.281606 -0.959530 0.000000
vn -0.267823 -0.959530 0.087020
vn -0.267822 -0.959530 0.087021
vn -0.281606 -0.959530 0.000000
vn -0.267823 -0.959530 0.087020
vn -0.227824 -0.959530 0.165524
vn -0.227824 -0.959530 0.165524
vn -0.267822 -0.959530 0.087021
vn -0.227824 -0.959530 0.165524
vn -0.165524 -0.959530 0.227825
vn -0.165525 -0.959530 0.227825
vn -0.227824 -0.959530 0.165524
vn -0.165524 -0.959530 0.227825
vn -0.087022 -0.959530 0.267823
vn -0.087022 -0.959530 0.267823
vn -0.165525 -0.959530 0.227825
vn -0.087022 -0.959530 0.267823
vn 0.000000 -0.959531 0.281604
vn 0.000000 -0.959531 0.281604
vn -0.087022 -0.959530 0.267823
vn 0.000000 -0.959531 0.281604
vn 0.087022 -0.959530 0.267823
vn 0.087022 -0.959530 0.267823
vn 0.000000 -0.959531 0.281604
vn 0.087022 -0.959530 0.267823
vn 0.165526 -0.959529 0.227826
vn 0.165526 -0.959529 0.227827
vn 0.087022 -0.959530 0.267823
vn 0.165526 -0.959529 0.227826
vn 0.227826 -0.959529 0.165525
vn 0.227826 -0.959529 0.165526
vn 0.165526 -0.959529 0.227827
vn 0.227826 -0.959529 0.165525
vn 0.267825 -0.959530 0.087021
vn 0.267824 -0.959530 0.087022
vn 0.227826 -0.959529 0.165526
vn 0.267825 -0.959530 0.087021
vn 0.281610 -0.959529 0.000000
vn 0.281610 -0.959529 0.000000
vn 0.267824 -0.959530 0.087022
vn 0.281610 -0.959529 0.000000
vn 0.267832 -0.959527 -0.087024
vn 0.267832 -0.959527 -0.087024
vn 0.281610 -0.959529 0.000000
vn 0.951057 0.000000 -0.309017
vn 0.809017 0.000000 -0.587785
vn 0.809017 0.000000 -0.587785
vn 0.951057 0.000000 -0.309017
vn 0.809017 0.000000 -0.587785
vn 0.587786 0.000000 -0.809016
vn 0.587786 0.000000 -0.809016
vn 0.809017 0.000000 -0.587785
vn 0.587786 0.000000 -0.809016
vn 0.309022 0.000000 -0.951055
vn 0.309022 0.000000 -0.951055
vn 0.587786 0.000000 -0.809016
vn 0.309022 0.000000 -0.951055
vn 0.000000 0.000000 -1.000000
vn 0.000000 0.000000 -1.000000
vn 0.309022 0.000000 -0.951055
vn 0.000000 0.000000 -1.000000
vn -0.309022 0.000000 -0.951055
vn -0.309022 0.000000 -0.951055
vn 0.000000 0.000000 -1.000000
vn -0.309022 0.000000 -0.951055
vn -0.587786 0.000000 -0.809016
vn -0.587786 0.000000 -0.809016
vn -0.309022 0.000000 -0.951055
vn -0.587786 0.000000 -0.809016
vn -0.809017 0.000000 -0.587786
vn -0.809017 0.000000 -0.587786
vn -0.587786 0.000000 -0.809016
vn -0.809017 0.000000 -0.587786
vn -0.951056 0.000000 -0.309018
vn -0.951056 0.000000 -0.309018
vn -0.809017 0.000000 -0.587786
vn -0.951056 0.000000 -0.309018
vn -1.000000 0.000000 0.000000
vn -1.000000 0.000000 0.000000
vn -0.951056 0.000000 -0.309018
vn -1.000000 0.000000 0.000000
vn -0.951057 0.000000 0.309017
vn -0.951057 0.000000 0.309017
vn -1.000000 0.000000 0.000000
vn -0.951057 0.000000 0.309017
vn -0.809017 0.000000 0.587785
vn -0.809017 0.000000 0.587785
vn -0.951057 0.000000 0.309017
vn -0.809017 0.000000 0.587785
vn -0.587786 0.000000 0.809016
vn -0.587786 0.000000 0.809016
vn -0.809017 0.000000 0.587785
vn -0.587786 0.000000 0.809016
vn -0.309020 0.000000 0.951055
vn -0.309020 0.000000 0.951055
vn -0.587786 0.000000 0.809016
vn -0.309020 0.000000 0.951055
vn 0.000000 0.000000 1.000000
vn 0.000000 0.000000 1.000000
vn -0.309020 0.000000 0.951055
vn 0.000000 0.000000 1.000000
vn 0.309020 0.000000 0.951055
vn 0.309020 0.000000 0.951055
vn 0.000000 0.000000 1.000000
vn 0.309020 0.000000 0.951055
vn 0.587786 0.000000 0.809016
vn 0.587786 0.000000 0.809016
vn 0.309020 0.000000 0.951055
vn 0.587786 0.000000 0.809016
vn 0.809018 0.000000 0.587784
vn 0.809018 0.000000 0.587784
vn 0.587786 0.000000 0.809016
vn 0.809018 0.000000 0.587784
vn 0.951057 0.000000 0.309016
vn 0.951057 0.000000 0.309016
vn 0.809018 0.000000 0.587784
vn 0.951057 0.000000 0.309016
vn 1.000000 0.000000 0.000001
vn 1.000000 0.000000 0.000001
vn 0.951057 0.000000 0.309016
vn 1.000000 0.000000 0.000001
vn 0.951057 0.000000 -0.309017
vn 0.951057 0.000000 -0.309017
vn 1.000000 0.000000 0.000001
vn 0.000000 1.000000 0.000000
vn 0.000000 1.000000 0.000000
vn 0.000000 1.000000 0.000000
vn 0.000000 1.000000 0.000000
vn 0.000000 1.000000 0.000000
vn 0.000000 1.000000 0.000000
vn 0.000000 1.000000 0.000000
vn 0.000000 1.000000 0.000000
vn 0.000000 1.000000 0.000000
vn 0.000000 1.000000 0.000000
vn 0.000000 1.000000 0.000000
vn 0.000000 1.000000 0.000000
vn 0.000000 1.000000 0.000000
vn 0.000000 1.000000 0.000000
vn 0.000000 1.000000 0.000000
vn 0.000000 1.000000 0.000000
vn 0.000000 1.000000 0.000000
vn 0.000000 1.000000 0.000000
vn 0.000000 1.000000 0.000000
vn 0.000000 1.000000 0.000000
vn 0.000000 1.000000 0.000000
vn 0.000000 1.000000 0.000000
vn 0.000000 1.000000 0.000000
vn 0.000000 1.000000 0.000000
vn 0.000000 1.000000 0.000000
vn 0.000000 1.000000 0.000000
vn 0.000000 1.000000 0.000000
vn 0.000000 1.000000 0.000000
vn 0.000000 1.000000 0.000000
vn 0.000000 1.000000 0.000000
vn 0.000000 1.000000 0.000000
vn 0.000000 1.000000 0.000000
vn 0.000000 1.000000 0.000000
vn 0.000000 1.000000 0.000000
vn 0.000000 1.000000 0.000000
vn 0.000000 1.000000 0.000000
vn 0.000000 1.000000 0.000000
vn 0.000000 1.000000 0.000000
vn 0.000000 1.000000 0.000000
vn 0.000000 1.000000 0.000000
vn 0.000000 1.000000 0.000000
vn 0.000000 1.000000 0.000000
vn 0.000000 1.000000 0.000000
vn 0.000000 1.000000 0.000000
vn 0.000000 1.000000 0.000000
vn 0.000000 1.000000 0.000000
vn 0.000000 1.000000 0.000000
vn 0.000000 1.000000 0.000000
vn 0.000000 1.000000 0.000000
vn 0.000000 1.000000 0.000000
vn 0.000000 1.000000 0.000000
vn 0.000000 1.000000 0.000000
vn 0.000000 1.000000 0.000000
vn 0.000000 1.000000 0.000000
vn 0.000000 1.000000 0.000000
vn 0.000000 1.000000 0.000000
vn 0.000000 1.000000 0.000000
vn 0.000000 1.000000 0.000000
vn 0.000000 1.000000 0.000000
vn 0.000000 1.000000 0.000000
vn 0.000000 1.000000 0.000000
vn 0.000000 1.000000 0.000000
vn 0.000000 1.000000 0.000000
vn 0.000000 1.000000 0.000000
vn 0.000000 1.000000 0.000000
vn 0.000000 1.000000 0.000000
vn 0.000000 1.000000 0.000000
vn 0.000000 1.000000 0.000000
vn 0.000000 1.000000 0.000000
vn 0.000000 1.000000 0.000000
vn 0.000000 1.000000 0.000000
vn 0.000000 1.000000 0.000000
vn 0.000000 1.000000 0.000000
vn 0.000000 1.000000 0.000000
vn 0.000000 1.000000 0.000000
vn 0.000000 1.000000 0.000000
vn 0.000000 1.000000 0.000000
vn 0.000000 1.000000 0.000000
vn 0.000000 1.000000 0.000000
vn 0.000000 1.000000 0.000000
vn -1.000000 0.000000 -0.000002
vn -0.951057 0.000000 0.309016
vn -0.951057 0.000000 0.309016
vn -1.000000 0.000000 -0.000002
vn -0.951057 0.000000 0.309016
vn -0.809018 0.000000 0.587784
vn -0.809018 0.000000 0.587784
vn -0.951057 0.000000 0.309016
vn -0.809018 0.000000 0.587784
vn -0.587784 0.000000 0.809018
vn -0.587784 0.000000 0.809018
vn -0.809018 0.000000 0.587784
vn -0.587784 0.000000 0.809018
vn -0.309017 0.000000 0.951057
vn -0.309017 0.000000 0.951057
vn -0.587784 0.000000 0.809018
vn -0.309017 0.000000 0.951057
vn 0.000000 0.000000 1.000000
vn 0.000000 0.000000 1.000000
vn -0.309017 0.000000 0.951057
vn 0.000000 0.000000 1.000000
vn 0.309024 0.000000 0.951054
vn 0.309024 0.000000 0.951054
vn 0.000000 0.000000 1.000000
vn 0.309024 0.000000 0.951054
vn 0.587783 0.000000 0.809019
vn 0.587783 0.000000 0.809019
vn 0.309024 0.000000 0.951054
vn 0.587783 0.000000 0.809019
vn 0.809016 0.000000 0.587787
vn 0.809016 0.000000 0.587787
vn 0.587783 0.000000 0.809019
vn 0.809016 0.000000 0.587787
vn 0.951056 0.000000 0.309017
vn 0.951056 0.000000 0.309017
vn 0.809016 0.000000 0.587787
vn 0.951056 0.000000 0.309017
vn 1.000000 0.000000 0.000000
vn 1.000000 0.000000 0.000000
vn 0.951056 0.000000 0.309017
vn 1.000000 0.000000 0.000000
vn 0.951057 0.000000 -0.309017
vn 0.951057 0.000000 -0.309017
vn 1.000000 0.000000 0.000000
vn 0.951057 0.000000 -0.309017
vn 0.809018 0.000000 -0.587784
vn 0.809018 0.000000 -0.587784
vn 0.951057 0.000000 -0.309017
vn 0.809018 0.000000 -0.587784
vn 0.587788 0.000000 -0.809015
vn 0.587788 0.000000 -0.809015
vn 0.809018 0.000000 -0.587784
vn 0.587788 0.000000 -0.809015
vn 0.309018 0.000000 -0.951056
vn 0.309018 0.000000 -0.951056
vn 0.587788 0.000000 -0.809015
vn 0.309018 0.000000 -0.951056
vn 0.000000 0.000000 -1.000000
vn 0.000000 0.000000 -1.000000
vn 0.309018 0.000000 -0.951056
vn 0.000000 0.000000 -1.000000
vn -0.309018 0.000000 -0.951056
vn -0.309018 0.000000 -0.951056
vn 0.000000 0.000000 -1.000000
vn -0.309018 0.000000 -0.951056
vn -0.587789 0.000000 -0.809014
vn -0.587789 0.000000 -0.809014
vn -0.309018 0.000000 -0.951056
vn -0.587789 0.000000 -0.809014
vn -0.809019 0.000000 -0.587782
vn -0.809019 0.000000 -0.587782
vn -0.587789 0.000000 -0.809014
vn -0.809019 0.000000 -0.587782
vn -0.951057 0.000000 -0.309017
vn -0.951057 0.000000 -0.309017
vn -0.809019 0.000000 -0.587782
vn -0.951057 0.000000 -0.309017
vn -1.000000 0.000000 -0.000002
vn -1.000000 0.000000 -0.000002
vn -0.951057 0.000000 -0.309017
vn 0.807962 -0.527522 -0.262521
vn 0.849541 -0.527522 0.000001
vn 0.849541 -0.527522 0.000001
vn 0.807962 -0.527522 -0.262521
vn 0.687293 -0.527524 -0.499346
vn 0.807962 -0.527522 -0.262521
vn 0.807962 -0.527522 -0.262521
vn 0.687293 -0.527524 -0.499346
vn 0.499343 -0.527528 -0.687293
vn 0.687293 -0.527524 -0.499346
vn 0.687293 -0.527524 -0.499346
vn 0.499343 -0.527528 -0.687293
vn 0.262521 -0.527527 -0.807959
vn 0.499343 -0.527528 -0.687293
vn 0.499343 -0.527528 -0.687293
vn 0.262521 -0.527527 -0.807959
vn 0.000000 -0.527525 -0.849539
vn 0.262521 -0.527527 -0.807959
vn 0.262521 -0.527527 -0.807959
vn 0.000000 -0.527525 -0.849539
vn -0.262524 -0.527527 -0.807958
vn 0.000000 -0.527525 -0.849539
vn 0.000000 -0.527525 -0.849539
vn -0.262524 -0.527527 -0.807958
vn -0.499343 -0.527527 -0.687293
vn -0.262524 -0.527527 -0.807958
vn -0.262524 -0.527527 -0.807958
vn -0.499343 -0.527527 -0.687293
vn -0.687292 -0.527525 -0.499346
vn -0.499343 -0.527527 -0.687293
vn -0.499343 -0.527527 -0.687293
vn -0.687292 -0.527525 -0.499346
vn -0.807961 -0.527524 -0.262522
vn -0.687292 -0.527525 -0.499346
vn -0.687292 -0.527525 -0.499346
vn -0.807961 -0.527524 -0.262522
vn -0.849541 -0.527523 0.000000
vn -0.807961 -0.527524 -0.262522
vn -0.807961 -0.527524 -0.262522
vn -0.849541 -0.527523 0.000000
vn -0.807962 -0.527523 0.262522
vn -0.849541 -0.527523 0.000000
vn -0.849541 -0.527523 0.000000
vn -0.807962 -0.527523 0.262522
vn -0.687294 -0.527521 0.499348
vn -0.807962 -0.527523 0.262522
vn -0.807962 -0.527523 0.262522
vn -0.687294 -0.527521 0.499348
vn -0.499348 -0.527521 0.687294
vn -0.687294 -0.527521 0.499348
vn -0.687294 -0.527521 0.499348
vn -0.499348 -0.527521 0.687294
vn -0.262525 -0.527522 0.807961
vn -0.499348 -0.527521 0.687294
vn -0.499348 -0.527521 0.687294
vn -0.262525 -0.527522 0.807961
vn 0.000000 -0.527521 0.849542
vn -0.262525 -0.527522 0.807961
vn -0.262525 -0.527522 0.807961
vn 0.000000 -0.527521 0.849542
vn 0.262525 -0.527520 0.807962
vn 0.000000 -0.527521 0.849542
vn 0.000000 -0.527521 0.849542
vn 0.262526 -0.527520 0.807962
vn 0.499348 -0.527520 0.687295
vn 0.262525 -0.527520 0.807962
vn 0.262526 -0.527520 0.807962
vn 0.499348 -0.527520 0.687294
vn 0.687294 -0.527521 0.499348
vn 0.499348 -0.527520 0.687295
vn 0.499348 -0.527520 0.687294
vn 0.687294 -0.527521 0.499348
vn 0.807962 -0.527522 0.262522
vn 0.687294 -0.527521 0.499348
vn 0.687294 -0.527521 0.499348
vn 0.807962 -0.527522 0.262522
vn 0.849541 -0.527522 0.000001
vn 0.807962 -0.527522 0.262522
vn 0.807962 -0.527522 0.262522
vn 0.849541 -0.527522 0.000001
vn 0.951057 0.000000 -0.309015
vn 0.951057 0.000000 -0.309015
vn 0.809018 0.000000 -0.587784
vn 0.809018 0.000000 -0.587784
vn 0.809018 0.000000 -0.587784
vn 0.587783 0.000000 -0.809019
vn 0.587783 0.000000 -0.809019
vn 0.809018 0.000000 -0.587784
vn 0.587783 0.000000 -0.809019
vn 0.309015 0.000000 -0.951057
vn 0.309015 0.000000 -0.951057
vn 0.587783 0.000000 -0.809019
vn 0.309015 0.000000 -0.951057
vn 0.000000 0.000000 -1.000000
vn 0.000000 0.000000 -1.000000
vn 0.309015 0.000000 -0.951057
vn 0.000000 0.000000 -1.000000
vn -0.309019 0.000000 -0.951056
vn -0.309019 0.000000 -0.951056
vn 0.000000 0.000000 -1.000000
vn -0.309019 0.000000 -0.951056
vn -0.587783 0.000000 -0.809019
vn -0.587783 0.000000 -0.809019
vn -0.309019 0.000000 -0.951056
vn -0.587783 0.000000 -0.809019
vn -0.809017 0.000000 -0.587785
vn -0.809017 0.000000 -0.587785
vn -0.587783 0.000000 -0.809019
vn -0.809017 0.000000 -0.587785
vn -0.951057 0.000000 -0.309016
vn -0.951057 0.000000 -0.309016
vn -0.809017 0.000000 -0.587785
vn -0.951057 0.000000 -0.309016
vn -1.000000 0.000000 0.000000
vn -1.000000 0.000000 0.000000
vn -0.951057 0.000000 -0.309016
vn -1.000000 0.000000 0.000000
vn -0.951057 0.000000 0.309017
vn -0.951057 0.000000 0.309017
vn -1.000000 0.000000 0.000000
vn -0.951057 0.000000 0.309017
vn -0.809017 0.000000 0.587785
vn -0.809017 0.000000 0.587785
vn -0.951057 0.000000 0.309017
vn -0.809017 0.000000 0.587785
vn -0.587785 0.000000 0.809017
vn -0.587785 0.000000 0.809017
vn -0.809017 0.000000 0.587785
vn -0.587785 0.000000 0.809017
vn -0.309019 0.000000 0.951056
vn -0.309019 0.000000 0.951056
vn -0.587785 0.000000 0.809017
vn -0.309019 0.000000 0.951056
vn 0.000000 0.000000 1.000000
vn 0.000000 0.000000 1.000000
vn -0.309019 0.000000 0.951056
vn 0.000000 0.000000 1.000000
vn 0.309019 0.000000 0.951056
vn 0.309019 0.000000 0.951056
vn 0.000000 0.000000 1.000000
vn 0.309019 0.000000 0.951056
vn 0.587785 0.000000 0.809017
vn 0.587785 0.000000 0.809017
vn 0.309019 0.000000 0.951056
vn 0.587785 0.000000 0.809017
vn 0.809017 0.000000 0.587785
vn 0.809017 0.000000 0.587785
vn 0.587785 0.000000 0.809017
vn 0.809017 0.000000 0.587785
vn 0.951057 0.000000 0.309016
vn 0.951057 0.000000 0.309016
vn 0.809017 0.000000 0.587785
vn 0.951057 0.000000 0.309016
vn 1.000000 0.000000 0.000002
vn 1.000000 0.000000 0.000002
vn 0.951057 0.000000 0.309016
vn 1.000000 0.000000 0.000002
vn 0.951057 0.000000 -0.309015
vn 0.951057 0.000000 -0.309015
vn 1.000000 0.000000 0.000002
vn -0.685024 0.692865 -0.225122
vn -0.685034 0.589371 -0.428218
vn -0.685034 0.589371 -0.428219
vn -0.685024 0.692864 -0.225126
vn -0.685053 0.428198 -0.589362
vn -0.685053 0.428210 -0.589354
vn -0.685051 0.225121 -0.692838
vn -0.685051 0.225122 -0.692838
vn -0.685042 0.000000 -0.728504
vn -0.685042 0.000000 -0.728504
vn -0.685052 -0.225122 -0.692838
vn -0.685052 -0.225123 -0.692838
vn -0.685055 -0.428198 -0.589361
vn -0.685055 -0.428209 -0.589353
vn -0.685029 -0.589377 -0.428218
vn -0.685029 -0.589377 -0.428218
vn -0.685013 -0.692875 -0.225124
vn -0.685013 -0.692873 -0.225132
vn -0.685018 -0.728526 0.000000
vn -0.685018 -0.728526 0.000000
vn -0.685019 -0.692868 0.225129
vn -0.685019 -0.692867 0.225131
vn -0.685026 -0.589381 0.428217
vn -0.685026 -0.589383 0.428213
vn -0.685037 -0.428208 0.589375
vn -0.685037 -0.428209 0.589374
vn -0.685046 -0.225118 0.692845
vn -0.685046 -0.225121 0.692844
vn -0.685054 0.000000 0.728492
vn -0.685054 0.000000 0.728492
vn -0.685046 0.225118 0.692845
vn -0.685046 0.225120 0.692844
vn -0.685035 0.428208 0.589377
vn -0.685035 0.428210 0.589375
vn -0.685023 0.589382 0.428220
vn -0.685023 0.589385 0.428216
vn -0.685018 0.692868 0.225131
vn -0.685018 0.692868 0.225132
vn -0.685020 0.728524 0.000002
vn -0.685020 0.728524 0.000002
vn -1.000000 0.000000 0.000000
vn -1.000000 0.000000 0.000000
vn -1.000000 0.000000 0.000000
vn -1.000000 0.000000 0.000000
vn -1.000000 0.000000 0.000000
vn -1.000000 0.000000 0.000000
vn -1.000000 0.000000 0.000000
vn -1.000000 0.000000 0.000000
vn -1.000000 0.000000 0.000000
vn -1.000000 0.000000 0.000000
vn -1.000000 0.000000 0.000000
vn -1.000000 0.000000 0.000000
vn -1.000000 0.000000 0.000000
vn -1.000000 0.000000 0.000000
vn -1.000000 0.000000 0.000000
vn -1.000000 0.000000 0.000000
vn -1.000000 0.000000 0.000000
vn -1.000000 0.000000 0.000000
vn -1.000000 0.000000 0.000000
vn -1.000000 0.000000 0.000000
vn -1.000000 0.000000 0.000000
vn -1.000000 0.000000 0.000000
vn -1.000000 0.000000 0.000000
vn -1.000000 0.000000 0.000000
vn -1.000000 0.000000 0.000000
vn -1.000000 0.000000 0.000000
vn -1.000000 0.000000 0.000000
vn -1.000000 0.000000 0.000000
vn -1.000000 0.000000 0.000000
vn -1.000000 0.000000 0.000000
vn -1.000000 0.000000 0.000000
vn -1.000000 0.000000 0.000000
vn -1.000000 0.000000 0.000000
vn -1.000000 0.000000 0.000000
vn -1.000000 0.000000 0.000000
vn -1.000000 0.000000 0.000000
vn -1.000000 0.000000 0.000000
vn -1.000000 0.000000 0.000000
vn -1.000000 0.000000 0.000000
vn -1.000000 0.000000 0.000000
vn -1.000000 0.000000 0.000000
vn -1.000000 0.000000 0.000000
vn -1.000000 0.000000 0.000000
vn -1.000000 0.000000 0.000000
vn -1.000000 0.000000 0.000000
vn -1.000000 0.000000 0.000000
vn -1.000000 0.000000 0.000000
vn -1.000000 0.000000 0.000000
vn -1.000000 0.000000 0.000000
vn -1.000000 0.000000 0.000000
vn -1.000000 0.000000 0.000000
vn -1.000000 0.000000 0.000000
vn -1.000000 0.000000 0.000000
vn -1.000000 0.000000 0.000000
vn -1.000000 0.000000 0.000000
vn -1.000000 0.000000 0.000000
vn -1.000000 0.000000 0.000000
vn -1.000000 0.000000 0.000000
vn -1.000000 0.000000 0.000000
vn -1.000000 0.000000 0.000000
vn -1.000000 0.000000 0.000000
vn -1.000000 0.000000 0.000000
vn -1.000000 0.000000 0.000000
vn -1.000000 0.000000 0.000000
vn -1.000000 0.000000 0.000000
vn -1.000000 0.000000 0.000000
vn -1.000000 0.000000 0.000000
vn -1.000000 0.000000 0.000000
vn -1.000000 0.000000 0.000000
vn -1.000000 0.000000 0.000000
vn -1.000000 0.000000 0.000000
vn -1.000000 0.000000 0.000000
vn -1.000000 0.000000 0.000000
vn -1.000000 0.000000 0.000000
vn -1.000000 0.000000 0.000000
vn -1.000000 0.000000 0.000000
vn -1.000000 0.000000 0.000000
vn -1.000000 0.000000 0.000000
vn -1.000000 0.000000 0.000000
vn -1.000000 0.000000 0.000000
vn 0.000000 0.809018 -0.587784
vn 0.000000 0.951056 -0.309020
vn 0.000000 0.951056 -0.309020
vn 0.000000 0.809018 -0.587784
vn 0.000000 0.587796 -0.809009
vn 0.000000 0.809018 -0.587784
vn 0.000000 0.809018 -0.587784
vn 0.000000 0.587796 -0.809009
vn 0.000000 0.309014 -0.951058
vn 0.000000 0.587796 -0.809009
vn 0.000000 0.587796 -0.809009
vn 0.000000 0.309014 -0.951058
vn 0.000000 0.000000 -1.000000
vn 0.000000 0.309014 -0.951058
vn 0.000000 0.309014 -0.951058
vn 0.000000 0.000000 -1.000000
vn 0.000000 -0.309014 -0.951058
vn 0.000000 0.000000 -1.000000
vn 0.000000 0.000000 -1.000000
vn 0.000000 -0.309014 -0.951058
vn 0.000000 -0.587796 -0.809009
vn 0.000000 -0.309014 -0.951058
vn 0.000000 -0.309014 -0.951058
vn 0.000000 -0.587796 -0.809009
vn 0.000000 -0.809022 -0.587778
vn 0.000000 -0.587796 -0.809009
vn 0.000000 -0.587796 -0.809009
vn 0.000000 -0.809022 -0.587778
vn 0.000000 -0.951056 -0.309019
vn 0.000000 -0.809022 -0.587778
vn 0.000000 -0.809022 -0.587778
vn 0.000000 -0.951056 -0.309019
vn 0.000000 -1.000000 0.000000
vn 0.000000 -0.951056 -0.309019
vn 0.000000 -0.951056 -0.309019
vn 0.000000 -1.000000 0.000000
vn 0.000000 -0.951055 0.309022
vn 0.000000 -1.000000 0.000000
vn 0.000000 -1.000000 0.000000
vn 0.000000 -0.951055 0.309022
vn 0.000000 -0.809018 0.587783
vn 0.000000 -0.951055 0.309022
vn 0.000000 -0.951055 0.309022
vn 0.000000 -0.809018 0.587783
vn 0.000000 -0.587788 0.809015
vn 0.000000 -0.809018 0.587783
vn 0.000000 -0.809018 0.587783
vn 0.000000 -0.587788 0.809015
vn 0.000000 -0.309024 0.951054
vn 0.000000 -0.587788 0.809015
vn 0.000000 -0.587788 0.809015
vn 0.000000 -0.309024 0.951054
vn 0.000000 0.000000 1.000000
vn 0.000000 -0.309024 0.951054
vn 0.000000 -0.309024 0.951054
vn 0.000000 0.000000 1.000000
vn 0.000000 0.309024 0.951054
vn 0.000000 0.000000 1.000000
vn 0.000000 0.000000 1.000000
vn 0.000000 0.309024 0.951054
vn 0.000000 0.587789 0.809014
vn 0.000000 0.309024 0.951054
vn 0.000000 0.309024 0.951054
vn 0.000000 0.587789 0.809014
vn 0.000000 0.809017 0.587785
vn 0.000000 0.587789 0.809014
vn 0.000000 0.587789 0.809014
vn 0.000000 0.809017 0.587785
vn 0.000000 0.951054 0.309024
vn 0.000000 0.809017 0.587785
vn 0.000000 0.809017 0.587785
vn 0.000000 0.951054 0.309024
vn 0.000000 1.000000 0.000006
vn 0.000000 0.951054 0.309024
vn 0.000000 0.951054 0.309024
vn 0.000000 1.000000 0.000006
vn 0.000000 0.951056 -0.309020
vn 0.000000 1.000000 0.000006
vn 0.000000 1.000000 0.000006
vn 0.000000 0.951056 -0.309020
vn 0.706638 0.572441 -0.415902
vn 0.706630 0.672949 -0.218666
vn 0.706630 0.672952 -0.218655
vn 0.706638 0.572442 -0.415900
vn 0.706648 0.415899 -0.572430
vn 0.706638 0.572441 -0.415902
vn 0.706638 0.572442 -0.415900
vn 0.706648 0.415906 -0.572425
vn 0.706642 0.218656 -0.672938
vn 0.706648 0.415899 -0.572430
vn 0.706648 0.415906 -0.572425
vn 0.706642 0.218658 -0.672938
vn 0.706635 0.000000 -0.707578
vn 0.706642 0.218656 -0.672938
vn 0.706642 0.218658 -0.672938
vn 0.706635 0.000000 -0.707578
vn 0.706644 -0.218657 -0.672936
vn 0.706635 0.000000 -0.707578
vn 0.706635 0.000000 -0.707578
vn 0.706644 -0.218659 -0.672935
vn 0.706653 -0.415898 -0.572426
vn 0.706644 -0.218657 -0.672936
vn 0.706644 -0.218659 -0.672935
vn 0.706653 -0.415902 -0.572422
vn 0.706642 -0.572439 -0.415897
vn 0.706653 -0.415898 -0.572426
vn 0.706653 -0.415902 -0.572422
vn 0.706643 -0.572440 -0.415895
vn 0.706634 -0.672945 -0.218661
vn 0.706642 -0.572439 -0.415897
vn 0.706643 -0.572440 -0.415895
vn 0.706634 -0.672949 -0.218650
vn 0.706628 -0.707585 0.000000
vn 0.706634 -0.672945 -0.218661
vn 0.706634 -0.672949 -0.218650
vn 0.706628 -0.707585 0.000000
vn 0.706614 -0.672968 0.218655
vn 0.706628 -0.707585 0.000000
vn 0.706628 -0.707585 0.000000
vn 0.706615 -0.672965 0.218665
vn 0.706601 -0.572475 0.415918
vn 0.706614 -0.672968 0.218655
vn 0.706615 -0.672965 0.218665
vn 0.706601 -0.572467 0.415929
vn 0.706603 -0.415922 0.572469
vn 0.706601 -0.572475 0.415918
vn 0.706601 -0.572467 0.415929
vn 0.706603 -0.415914 0.572475
vn 0.706605 -0.218669 0.672974
vn 0.706603 -0.415922 0.572469
vn 0.706603 -0.415914 0.572475
vn 0.706605 -0.218670 0.672974
vn 0.706605 0.000000 0.707608
vn 0.706605 -0.218669 0.672974
vn 0.706605 -0.218670 0.672974
vn 0.706605 0.000000 0.707608
vn 0.706603 0.218669 0.672976
vn 0.706605 0.000000 0.707608
vn 0.706605 0.000000 0.707608
vn 0.706603 0.218669 0.672976
vn 0.706598 0.415924 0.572474
vn 0.706603 0.218669 0.672976
vn 0.706603 0.218669 0.672976
vn 0.706598 0.415919 0.572478
vn 0.706597 0.572478 0.415920
vn 0.706598 0.415924 0.572474
vn 0.706598 0.415919 0.572478
vn 0.706597 0.572471 0.415930
vn 0.706611 0.672971 0.218659
vn 0.706597 0.572478 0.415920
vn 0.706597 0.572471 0.415930
vn 0.706611 0.672967 0.218670
vn 0.706620 0.707593 0.000005
vn 0.706611 0.672971 0.218659
vn 0.706611 0.672967 0.218670
vn 0.706620 0.707593 0.000005
vn 0.706630 0.672949 -0.218666
vn 0.706620 0.707593 0.000005
vn 0.706620 0.707593 0.000005
vn 0.706630 0.672952 -0.218655
vn 1.000000 0.000000 0.000000
vn 1.000000 0.000000 0.000000
vn 1.000000 0.000000 0.000000
vn 1.000000 0.000000 0.000000
vn 1.000000 0.000000 0.000000
vn 1.000000 0.000000 0.000000
vn 1.000000 0.000000 0.000000
vn 1.000000 0.000000 0.000000
vn 1.000000 0.000000 0.000000
vn 1.000000 0.000000 0.000000
vn 1.000000 0.000000 0.000000
vn 1.000000 0.000000 0.000000
vn 1.000000 0.000000 0.000000
vn 1.000000 0.000000 0.000000
vn 1.000000 0.000000 0.000000
vn 1.000000 0.000000 0.000000
vn 1.000000 0.000000 0.000000
vn 1.000000 0.000000 0.000000
vn 1.000000 0.000000 0.000000
vn 1.000000 0.000000 0.000000
vn 1.000000 0.000000 0.000000
vn 1.000000 0.000000 0.000000
vn 1.000000 0.000000 0.000000
vn 1.000000 0.000000 0.000000
vn 1.000000 0.000000 0.000000
vn 1.000000 0.000000 0.000000
vn 1.000000 0.000000 0.000000
vn 1.000000 0.000000 0.000000
vn 1.000000 0.000000 0.000000
vn 1.000000 0.000000 0.000000
vn 1.000000 0.000000 0.000000
vn 1.000000 0.000000 0.000000
vn 1.000000 0.000000 0.000000
vn 1.000000 0.000000 0.000000
vn 1.000000 0.000000 0.000000
vn 1.000000 0.000000 0.000000
vn 1.000000 0.000000 0.000000
vn 1.000000 0.000000 0.000000
vn 1.000000 0.000000 0.000000
vn 1.000000 0.000000 0.000000
vn 1.000000 0.000000 0.000000
vn 1.000000 0.000000 0.000000
vn 1.000000 0.000000 0.000000
vn 1.000000 0.000000 0.000000
vn 1.000000 0.000000 0.000000
vn 1.000000 0.000000 0.000000
vn 1.000000 0.000000 0.000000
vn 1.000000 0.000000 0.000000
vn 1.000000 0.000000 0.000000
vn 1.000000 0.000000 0.000000
vn 1.000000 0.000000 0.000000
vn 1.000000 0.000000 0.000000
vn 1.000000 0.000000 0.000000
vn 1.000000 0.000000 0.000000
vn 1.000000 0.000000 0.000000
vn 1.000000 0.000000 0.000000
vn 1.000000 0.000000 0.000000
vn 1.000000 0.000000 0.000000
vn 1.000000 0.000000 0.000000
vn 1.000000 0.000000 0.000000
vn 1.000000 0.000000 0.000000
vn 1.000000 0.000000 0.000000
vn 1.000000 0.000000 0.000000
vn 1.000000 0.000000 0.000000
vn 1.000000 0.000000 0.000000
vn 1.000000 0.000000 0.000000
vn 1.000000 0.000000 0.000000
vn 1.000000 0.000000 0.000000
vn 1.000000 0.000000 0.000000
vn 1.000000 0.000000 0.000000
vn 1.000000 0.000000 0.000000
vn 1.000000 0.000000 0.000000
vn 1.000000 0.000000 0.000000
vn 1.000000 0.000000 0.000000
vn 1.000000 0.000000 0.000000
vn 1.000000 0.000000 0.000000
vn 1.000000 0.000000 0.000000
vn 1.000000 0.000000 0.000000
vn 1.000000 0.000000 0.000000
vn 1.000000 0.000000 0.000000
vn 0.000000 0.809018 -0.587784
vn 0.000000 0.951058 -0.309011
vn 0.000000 0.951058 -0.309011
vn 0.000000 0.809018 -0.587784
vn 0.000000 0.587786 -0.809016
vn 0.000000 0.809018 -0.587784
vn 0.000000 0.809018 -0.587784
vn 0.000000 0.587786 -0.809016
vn 0.000000 0.309019 -0.951056
vn 0.000000 0.587786 -0.809016
vn 0.000000 0.587786 -0.809016
vn 0.000000 0.309019 -0.951056
vn 0.000000 0.000000 -1.000000
vn 0.000000 0.309019 -0.951056
vn 0.000000 0.309019 -0.951056
vn 0.000000 0.000000 -1.000000
vn 0.000000 -0.309023 -0.951055
vn 0.000000 0.000000 -1.000000
vn 0.000000 0.000000 -1.000000
vn 0.000000 -0.309023 -0.951055
vn 0.000000 -0.587786 -0.809016
vn 0.000000 -0.309023 -0.951055
vn 0.000000 -0.309023 -0.951055
vn 0.000000 -0.587786 -0.809016
vn 0.000000 -0.809022 -0.587778
vn 0.000000 -0.587786 -0.809016
vn 0.000000 -0.587786 -0.809016
vn 0.000000 -0.809022 -0.587778
vn 0.000000 -0.951058 -0.309013
vn 0.000000 -0.809022 -0.587778
vn 0.000000 -0.809022 -0.587778
vn 0.000000 -0.951058 -0.309013
vn 0.000000 -1.000000 0.000000
vn 0.000000 -0.951058 -0.309013
vn 0.000000 -0.951058 -0.309013
vn 0.000000 -1.000000 0.000000
vn 0.000000 -0.951056 0.309017
vn 0.000000 -1.000000 0.000000
vn 0.000000 -1.000000 0.000000
vn 0.000000 -0.951056 0.309017
vn 0.000000 -0.809022 0.587778
vn 0.000000 -0.951056 0.309017
vn 0.000000 -0.951056 0.309017
vn 0.000000 -0.809022 0.587778
vn 0.000000 -0.587767 0.809030
vn 0.000000 -0.809022 0.587778
vn 0.000000 -0.809022 0.587778
vn 0.000000 -0.587767 0.809030
vn 0.000000 -0.309023 0.951055
vn 0.000000 -0.587767 0.809030
vn 0.000000 -0.587767 0.809030
vn 0.000000 -0.309023 0.951055
vn 0.000000 0.000000 1.000000
vn 0.000000 -0.309023 0.951055
vn 0.000000 -0.309023 0.951055
vn 0.000000 0.000000 1.000000
vn 0.000000 0.309019 0.951056
vn 0.000000 0.000000 1.000000
vn 0.000000 0.000000 1.000000
vn 0.000000 0.309019 0.951056
vn 0.000000 0.587767 0.809030
vn 0.000000 0.309019 0.951056
vn 0.000000 0.309019 0.951056
vn 0.000000 0.587767 0.809030
vn 0.000000 0.809023 0.587777
vn 0.000000 0.587767 0.809030
vn 0.000000 0.587767 0.809030
vn 0.000000 0.809023 0.587777
vn 0.000000 0.951057 0.309016
vn 0.000000 0.809023 0.587777
vn 0.000000 0.809023 0.587777
vn 0.000000 0.951057 0.309016
vn 0.000000 1.000000 0.000011
vn 0.000000 0.951057 0.309016
vn 0.000000 0.951057 0.309016
vn 0.000000 1.000000 0.000011
vn 0.000000 0.951058 -0.309011
vn 0.000000 1.000000 0.000011
vn 0.000000 1.000000 0.000011
vn 0.000000 0.951058 -0.309011
vn 1.000000 0.000000 0.000001
vn 1.000000 0.000000 0.000001
vn 1.000000 0.000000 0.000001
vn 1.000000 0.000000 0.000001
vn 1.000000 0.000000 0.000000
vn 1.000000 0.000000 0.000000
vn 1.000000 0.000000 0.000000
vn 1.000000 0.000000 0.000000
vn 1.000000 0.000000 0.000000
vn 1.000000 0.000000 0.000000
vn 1.000000 0.000000 0.000000
vn 1.000000 0.000000 0.000000
vn 1.000000 0.000000 0.000000
vn 1.000000 0.000000 0.000000
vn 1.000000 0.000000 0.000000
vn 1.000000 0.000000 0.000000
vn 1.000000 0.000000 0.000000
vn 1.000000 0.000000 0.000000
vn 1.000000 0.000000 0.000000
vn 1.000000 0.000000 0.000000
vn 1.000000 0.000000 0.000000
vn 1.000000 0.000000 0.000000
vn 1.000000 0.000000 0.000000
vn 1.000000 0.000000 0.000000
vn 1.000000 0.000000 0.000001
vn 1.000000 0.000000 0.000001
vn 1.000000 0.000000 0.000001
vn 1.000000 0.000000 0.000001
vn 1.000000 0.000000 0.000000
vn 1.000000 0.000000 0.000000
vn 1.000000 0.000000 0.000000
vn 1.000000 0.000000 0.000000
vn 1.000000 0.000000 0.000000
vn 1.000000 0.000000 0.000000
vn 1.000000 0.000000 0.000000
vn 1.000000 0.000000 0.000000
vn 1.000000 0.000000 0.000000
vn 1.000000 0.000000 0.000000
vn 1.000000 0.000000 0.000000
vn 1.000000 0.000000 0.000000
vn 1.000000 0.000000 0.000000
vn 1.000000 0.000000 0.000000
vn 1.000000 0.000000 0.000000
vn 1.000000 0.000000 0.000000
vn 1.000000 0.000000 0.000000
vn 1.000000 0.000000 0.000000
vn 1.000000 0.000000 0.000000
vn 1.000000 0.000000 0.000000
vn 1.000000 0.000000 0.000000
vn 1.000000 0.000000 0.000000
vn 1.000000 0.000000 0.000000
vn 1.000000 0.000000 0.000000
vn 1.000000 0.000000 0.000000
vn 1.000000 0.000000 0.000000
vn 1.000000 0.000000 0.000000
vn 1.000000 0.000000 0.000000
vn 1.000000 0.000000 0.000000
vn 1.000000 0.000000 0.000000
vn 1.000000 0.000000 0.000000
vn 1.000000 0.000000 0.000000
vn 1.000000 0.000000 0.000000
vn 1.000000 0.000000 0.000000
vn 1.000000 0.000000 0.000000
vn 1.000000 0.000000 0.000000
vn 1.000000 0.000000 0.000000
vn 1.000000 0.000000 0.000000
vn 1.000000 0.000000 0.000000
vn 1.000000 0.000000 0.000000
vn 1.000000 0.000000 -0.000001
vn 1.000000 0.000000 -0.000001
vn 1.000000 0.000000 -0.000001
vn 1.000000 0.000000 -0.000001
vn 1.000000 0.000000 0.000001
vn 1.000000 0.000000 0.000001
vn 1.000000 0.000000 0.000001
vn 1.000000 0.000000 0.000001
vn 1.000000 0.000000 -0.000001
vn 1.000000 0.000000 -0.000001
vn 1.000000 0.000000 -0.000001
vn 1.000000 0.000000 -0.000001
vn 0.000000 0.808933 -0.587901
vn 0.000000 0.951056 -0.309018
vn 0.000000 0.951056 -0.309018
vn 0.000000 0.808933 -0.587901
vn 0.000000 0.587746 -0.809046
vn 0.000000 0.808933 -0.587901
vn 0.000000 0.808933 -0.587901
vn 0.000000 0.587746 -0.809046
vn 0.000000 0.309171 -0.951006
vn 0.000000 0.587746 -0.809046
vn 0.000000 0.587746 -0.809046
vn 0.000000 0.309171 -0.951006
vn 0.000000 0.000000 -1.000000
vn 0.000000 0.309171 -0.951006
vn 0.000000 0.309171 -0.951006
vn 0.000000 0.000000 -1.000000
vn 0.000000 -0.309180 -0.951004
vn 0.000000 0.000000 -1.000000
vn 0.000000 0.000000 -1.000000
vn 0.000000 -0.309180 -0.951004
vn 0.000000 -0.587750 -0.809042
vn 0.000000 -0.309180 -0.951004
vn 0.000000 -0.309180 -0.951004
vn 0.000000 -0.587750 -0.809042
vn 0.000000 -0.808932 -0.587902
vn 0.000000 -0.587750 -0.809042
vn 0.000000 -0.587750 -0.809042
vn 0.000000 -0.808932 -0.587902
vn 0.000000 -0.951059 -0.309010
vn 0.000000 -0.808932 -0.587902
vn 0.000000 -0.808932 -0.587902
vn 0.000000 -0.951059 -0.309010
vn 0.000000 -1.000000 0.000000
vn 0.000000 -0.951059 -0.309010
vn 0.000000 -0.951059 -0.309010
vn 0.000000 -1.000000 0.000000
vn 0.000000 -0.951044 0.309055
vn 0.000000 -1.000000 0.000000
vn 0.000000 -1.000000 0.000000
vn 0.000000 -0.951044 0.309055
vn 0.000000 -0.808986 0.587828
vn 0.000000 -0.951044 0.309055
vn 0.000000 -0.951044 0.309055
vn 0.000000 -0.808986 0.587828
vn 0.000000 -0.587851 0.808969
vn 0.000000 -0.808986 0.587828
vn 0.000000 -0.808986 0.587828
vn 0.000000 -0.587851 0.808969
vn 0.000000 -0.309110 0.951026
vn 0.000000 -0.587851 0.808969
vn 0.000000 -0.587851 0.808969
vn 0.000000 -0.309110 0.951026
vn 0.000000 0.000000 1.000000
vn 0.000000 -0.309110 0.951026
vn 0.000000 -0.309110 0.951026
vn 0.000000 0.000000 1.000000
vn 0.000000 0.309102 0.951029
vn 0.000000 0.000000 1.000000
vn 0.000000 0.000000 1.000000
vn 0.000000 0.309102 0.951029
vn 0.000000 0.587846 0.808973
vn 0.000000 0.309102 0.951029
vn 0.000000 0.309102 0.951029
vn 0.000000 0.587846 0.808973
vn 0.000000 0.808986 0.587828
vn 0.000000 0.587846 0.808973
vn 0.000000 0.587846 0.808973
vn 0.000000 0.808986 0.587828
vn 0.000000 0.951042 0.309063
vn 0.000000 0.808986 0.587828
vn 0.000000 0.808986 0.587828
vn 0.000000 0.951042 0.309063
vn 0.000000 1.000000 0.000000
vn 0.000000 0.951042 0.309063
vn 0.000000 0.951042 0.309063
vn 0.000000 1.000000 0.000000
vn 0.000000 0.951056 -0.309018
vn 0.000000 1.000000 0.000000
vn 0.000000 1.000000 0.000000
vn 0.000000 0.951056 -0.309018
vn 1.000000 0.000000 0.000000
vn 1.000000 0.000000 0.000000
vn 1.000000 0.000000 0.000000
vn 1.000000 0.000000 0.000000
vn 1.000000 0.000000 0.000000
vn 1.000000 0.000000 0.000000
vn 1.000000 0.000000 0.000000
vn 1.000000 0.000000 0.000000
vn 1.000000 0.000000 0.000002
vn 1.000000 0.000000 0.000002
vn 1.000000 0.000000 0.000002
vn 1.000000 0.000000 0.000002
vn 1.000000 0.000000 0.000000
vn 1.000000 0.000000 0.000000
vn 1.000000 0.000000 0.000000
vn 1.000000 0.000000 0.000000
vn 1.000000 0.000000 0.000001
vn 1.000000 0.000000 0.000001
vn 1.000000 0.000000 0.000001
vn 1.000000 0.000000 0.000001
vn 1.000000 0.000000 0.000000
vn 1.000000 0.000000 0.000000
vn 1.000000 0.000000 0.000000
vn 1.000000 0.000000 0.000000
vn 1.000000 0.000000 0.000000
vn 1.000000 0.000000 0.000000
vn 1.000000 0.000000 0.000000
vn 1.000000 0.000000 0.000000
vn 1.000000 0.000000 0.000000
vn 1.000000 0.000000 0.000000
vn 1.000000 0.000000 0.000000
vn 1.000000 0.000000 0.000000
vn 1.000000 0.000000 0.000000
vn 1.000000 0.000000 0.000000
vn 1.000000 0.000000 0.000000
vn 1.000000 0.000000 0.000000
vn 1.000000 0.000000 0.000000
vn 1.000000 0.000000 0.000000
vn 1.000000 0.000000 0.000000
vn 1.000000 0.000000 0.000000
vn 1.000000 0.000000 0.000000
vn 1.000000 0.000000 0.000000
vn 1.000000 0.000000 0.000000
vn 1.000000 0.000000 0.000000
vn 1.000000 0.000000 0.000000
vn 1.000000 0.000000 0.000000
vn 1.000000 0.000000 0.000000
vn 1.000000 0.000000 0.000000
vn 1.000000 0.000000 0.000000
vn 1.000000 0.000000 0.000000
vn 1.000000 0.000000 0.000000
vn 1.000000 0.000000 0.000000
vn 1.000000 0.000000 -0.000001
vn 1.000000 0.000000 -0.000001
vn 1.000000 0.000000 -0.000001
vn 1.000000 0.000000 -0.000001
vn 1.000000 0.000000 0.000000
vn 1.000000 0.000000 0.000000
vn 1.000000 0.000000 0.000000
vn 1.000000 0.000000 0.000000
vn 1.000000 0.000000 -0.000002
vn 1.000000 0.000000 -0.000002
vn 1.000000 0.000000 -0.000002
vn 1.000000 0.000000 -0.000002
vn 1.000000 0.000000 0.000000
vn 1.000000 0.000000 0.000000
vn 1.000000 0.000000 0.000000
vn 1.000000 0.000000 0.000000
vn 1.000000 0.000000 0.000000
vn 1.000000 0.000000 0.000000
vn 1.000000 0.000000 0.000000
vn 1.000000 0.000000 0.000000
vn 1.000000 0.000000 0.000000
vn 1.000000 0.000000 0.000000
vn 1.000000 0.000000 0.000000
vn 1.000000 0.000000 0.000000
vn 1.000000 0.000000 0.000002
vn 1.000000 0.000000 0.000002
vn 1.000000 0.000000 0.000002
vn 1.000000 0.000000 0.000002
vn 0.000000 -0.808887 0.587964
vn 0.000000 -0.951044 0.309057
vn 0.000000 -0.951044 0.309057
vn 0.000000 -0.808887 0.587964
vn 0.000000 -0.587890 0.808941
vn 0.000000 -0.808887 0.587964
vn 0.000000 -0.808887 0.587964
vn 0.000000 -0.587890 0.808941
vn 0.000000 -0.309188 0.951001
vn 0.000000 -0.587890 0.808941
vn 0.000000 -0.587890 0.808941
vn 0.000000 -0.309188 0.951001
vn 0.000000 0.000000 1.000000
vn 0.000000 -0.309188 0.951001
vn 0.000000 -0.309188 0.951001
vn 0.000000 0.000000 1.000000
vn 0.000000 0.309193 0.950999
vn 0.000000 0.000000 1.000000
vn 0.000000 0.000000 1.000000
vn 0.000000 0.309193 0.950999
vn 0.000000 0.587890 0.808941
vn 0.000000 0.309193 0.950999
vn 0.000000 0.309193 0.950999
vn 0.000000 0.587890 0.808941
vn 0.000000 0.808896 0.587952
vn 0.000000 0.587890 0.808941
vn 0.000000 0.587890 0.808941
vn 0.000000 0.808896 0.587952
vn 0.000000 0.951044 0.309057
vn 0.000000 0.808896 0.587952
vn 0.000000 0.808896 0.587952
vn 0.000000 0.951044 0.309057
vn 0.000000 1.000000 0.000000
vn 0.000000 0.951044 0.309057
vn 0.000000 0.951044 0.309057
vn 0.000000 1.000000 0.000000
vn 0.000000 0.951044 -0.309057
vn 0.000000 1.000000 0.000000
vn 0.000000 1.000000 0.000000
vn 0.000000 0.951044 -0.309057
vn 0.000000 0.808995 -0.587815
vn 0.000000 0.951044 -0.309057
vn 0.000000 0.951044 -0.309057
vn 0.000000 0.808995 -0.587815
vn 0.000000 0.587890 -0.808941
vn 0.000000 0.808995 -0.587815
vn 0.000000 0.808995 -0.587815
vn 0.000000 0.587890 -0.808941
vn 0.000000 0.309193 -0.950999
vn 0.000000 0.587890 -0.808941
vn 0.000000 0.587890 -0.808941
vn 0.000000 0.309193 -0.950999
vn 0.000000 0.000000 -1.000000
vn 0.000000 0.309193 -0.950999
vn 0.000000 0.309193 -0.950999
vn 0.000000 0.000000 -1.000000
vn 0.000000 -0.309188 -0.951001
vn 0.000000 0.000000 -1.000000
vn 0.000000 0.000000 -1.000000
vn 0.000000 -0.309188 -0.951001
vn 0.000000 -0.587890 -0.808941
vn 0.000000 -0.309188 -0.951001
vn 0.000000 -0.309188 -0.951001
vn 0.000000 -0.587890 -0.808941
vn 0.000000 -0.808987 -0.587827
vn 0.000000 -0.587890 -0.808941
vn 0.000000 -0.587890 -0.808941
vn 0.000000 -0.808987 -0.587827
vn 0.000000 -0.951044 -0.309057
vn 0.000000 -0.808987 -0.587827
vn 0.000000 -0.808987 -0.587827
vn 0.000000 -0.951044 -0.309057
vn 0.000000 -1.000000 0.000000
vn 0.000000 -0.951044 -0.309057
vn 0.000000 -0.951044 -0.309057
vn 0.000000 -1.000000 0.000000
vn 0.000000 -0.951044 0.309057
vn 0.000000 -1.000000 0.000000
vn 0.000000 -1.000000 0.000000
vn 0.000000 -0.951044 0.309057
vn 1.000000 0.000000 0.000000
vn 1.000000 0.000000 0.000000
vn 1.000000 0.000000 0.000000
vn 1.000000 0.000000 -0.000003
vn 1.000000 0.000000 -0.000003
vn 1.000000 0.000000 -0.000003
vn 1.000000 0.000000 0.000002
vn 1.000000 0.000000 0.000002
vn 1.000000 0.000000 0.000002
vn 1.000000 0.000000 0.000000
vn 1.000000 0.000000 0.000000
vn 1.000000 0.000000 0.000000
vn 1.000000 0.000000 0.000000
vn 1.000000 0.000000 0.000000
vn 1.000000 0.000000 0.000000
vn 1.000000 0.000000 -0.000003
vn 1.000000 0.000000 -0.000003
vn 1.000000 0.000000 -0.000003
vn 1.000000 0.000000 0.000000
vn 1.000000 0.000000 0.000000
vn 1.000000 0.000000 0.000000
vn 1.000000 0.000000 0.000000
vn 1.000000 0.000000 0.000000
vn 1.000000 0.000000 0.000000
vn 1.000000 0.000000 0.000000
vn 1.000000 0.000000 0.000000
vn 1.000000 0.000000 0.000000
vn 1.000000 0.000000 0.000000
vn 1.000000 0.000000 0.000000
vn 1.000000 0.000000 0.000000
vn 1.000000 0.000000 0.000000
vn 1.000000 0.000000 0.000000
vn 1.000000 0.000000 0.000000
vn 1.000000 0.000000 0.000000
vn 1.000000 0.000000 0.000000
vn 1.000000 0.000000 0.000000
vn 1.000000 0.000000 0.000003
vn 1.000000 0.000000 0.000003
vn 1.000000 0.000000 0.000003
vn 1.000000 0.000000 0.000000
vn 1.000000 0.000000 0.000000
vn 1.000000 0.000000 0.000000
vn 1.000000 0.000000 0.000000
vn 1.000000 0.000000 0.000000
vn 1.000000 0.000000 0.000000
vn 1.000000 0.000000 0.000000
vn 1.000000 0.000000 0.000000
vn 1.000000 0.000000 0.000000
vn 1.000000 0.000000 0.000006
vn 1.000000 0.000000 0.000006
vn 1.000000 0.000000 0.000006
vn 1.000000 0.000000 0.000000
vn 1.000000 0.000000 0.000000
vn 1.000000 0.000000 0.000000
vn 1.000000 0.000000 0.000000
vn 1.000000 0.000000 0.000000
vn 1.000000 0.000000 0.000000
vn 1.000000 0.000000 0.000000
vn 1.000000 0.000000 0.000000
vn 1.000000 0.000000 0.000000
vn 0.000000 0.000000 1.000000
vn 0.000000 0.000000 1.000000
vn 0.000000 0.000000 1.000000
vn 0.000000 0.000000 1.000000
vn 0.000000 1.000000 0.000000
vn 0.000000 1.000000 0.000000
vn 0.000000 1.000000 0.000000
vn 0.000000 1.000000 0.000000
vn 0.000000 0.000000 -1.000000
vn 0.000000 0.000000 -1.000000
vn 0.000000 0.000000 -1.000000
vn 0.000000 0.000000 -1.000000
vn 0.000000 -1.000000 0.000000
vn 0.000000 -1.000000 0.000000
vn 0.000000 -1.000000 0.000000
vn 0.000000 -1.000000 0.000000
vn 1.000000 0.000000 0.000000
vn 1.000000 0.000000 0.000000
vn 1.000000 0.000000 0.000000
vn 1.000000 0.000000 0.000000
vn 0.000000 1.000000 0.000000
vn 0.000000 1.000000 0.000000
vn 0.000000 1.000000 0.000000
vn 0.000000 1.000000 0.000000
vn 1.000000 0.000000 0.000000
vn 1.000000 0.000000 0.000000
vn 1.000000 0.000000 0.000000
vn 1.000000 0.000000 0.000000
vn 0.000000 -1.000000 0.000000
vn 0.000000 -1.000000 0.000000
vn 0.000000 -1.000000 0.000000
vn 0.000000 -1.000000 0.000000
vn 0.000000 1.000000 0.000000
vn 0.000000 1.000000 0.000000
vn 0.000000 1.000000 0.000000
vn 0.000000 1.000000 0.000000
vn 1.000000 0.000000 0.000000
vn 1.000000 0.000000 0.000000
vn 1.000000 0.000000 0.000000
vn 1.000000 0.000000 0.000000
vn 0.000000 -1.000000 0.000000
vn 0.000000 -1.000000 0.000000
vn 0.000000 -1.000000 0.000000
vn 0.000000 -1.000000 0.000000
vn 0.000000 -1.000000 0.000000
vn 0.000000 -1.000000 0.000000
vn 0.000000 -1.000000 0.000000
vn 0.000000 -1.000000 0.000000
vn 1.000000 0.000000 0.000000
vn 1.000000 0.000000 0.000000
vn 1.000000 0.000000 0.000000
vn 1.000000 0.000000 0.000000
vn 0.000000 1.000000 0.000000
vn 0.000000 1.000000 0.000000
vn 0.000000 1.000000 0.000000
vn 0.000000 1.000000 0.000000
vn 0.000000 1.000000 0.000000
vn 0.000000 1.000000 0.000000
vn 0.000000 1.000000 0.000000
vn 0.000000 1.000000 0.000000
vn 0.000000 1.000000 0.000001
vn 0.000000 1.000000 0.000001
vn 0.000000 1.000000 0.000001
vn 0.000000 1.000000 0.000001
vn 0.000000 1.000000 -0.000001
vn 0.000000 1.000000 -0.000001
vn 0.000000 1.000000 -0.000001
vn 0.000000 1.000000 -0.000001
vn 0.000000 1.000000 0.000000
vn 0.000000 1.000000 0.000000
vn 0.000000 1.000000 0.000000
vn 0.000000 1.000000 0.000000
vn 0.000000 1.000000 -0.000001
vn 0.000000 1.000000 -0.000001
vn 0.000000 1.000000 -0.000001
vn 0.000000 1.000000 -0.000001
vn 0.000000 1.000000 0.000000
vn 0.000000 1.000000 0.000000
vn 0.000000 1.000000 0.000000
vn 0.000000 1.000000 0.000000
vn 0.000000 1.000000 0.000000
vn 0.000000 1.000000 0.000000
vn 0.000000 1.000000 0.000000
vn 0.000000 1.000000 0.000000
vn 0.000000 1.000000 0.000000
vn 0.000000 1.000000 0.000000
vn 0.000000 1.000000 0.000000
vn 0.000000 1.000000 0.000000
vn 0.000000 1.000000 0.000001
vn 0.000000 1.000000 0.000001
vn 0.000000 1.000000 0.000001
vn 0.000000 1.000000 0.000001
vn 0.000000 1.000000 -0.000001
vn 0.000000 1.000000 -0.000001
vn 0.000000 1.000000 -0.000001
vn 0.000000 1.000000 -0.000001
vn 0.000000 1.000000 0.000001
vn 0.000000 1.000000 0.000001
vn 0.000000 1.000000 0.000001
vn 0.000000 1.000000 0.000001
vn 0.000000 1.000000 -0.000001
vn 0.000000 1.000000 -0.000001
vn 0.000000 1.000000 -0.000001
vn 0.000000 1.000000 -0.000001
vn 0.000000 1.000000 0.000001
vn 0.000000 1.000000 0.000001
vn 0.000000 1.000000 0.000001
vn 0.000000 1.000000 0.000001
vn 0.000000 1.000000 0.000000
vn 0.000000 1.000000 0.000000
vn 0.000000 1.000000 0.000000
vn 0.000000 1.000000 0.000000
vn 0.000000 1.000000 0.000001
vn 0.000000 1.000000 0.000001
vn 0.000000 1.000000 0.000001
vn 0.000000 1.000000 0.000001
vn 0.000000 1.000000 0.000000
vn 0.000000 1.000000 0.000000
vn 0.000000 1.000000 0.000000
vn 0.000000 1.000000 0.000000
vn 0.000000 1.000000 0.000000
vn 0.000000 1.000000 0.000000
vn 0.000000 1.000000 0.000000
vn 0.000000 1.000000 0.000000
vn 0.000000 1.000000 0.000000
vn 0.000000 1.000000 0.000000
vn 0.000000 1.000000 0.000000
vn 0.000000 1.000000 0.000000
vn 0.000000 1.000000 -0.000001
vn 0.000000 1.000000 -0.000001
vn 0.000000 1.000000 -0.000001
vn 0.000000 1.000000 -0.000001
vn 0.000000 1.000000 0.000001
vn 0.000000 1.000000 0.000001
vn 0.000000 1.000000 0.000001
vn 0.000000 1.000000 0.000001
vn 0.944670 0.115740 0.306926
vn 0.993281 0.115726 0.000000
vn 0.993281 0.115726 0.000000
vn 0.944669 0.115740 0.306928
vn 0.993281 0.115726 0.000000
vn 0.944675 0.115731 -0.306912
vn 0.944675 0.115731 -0.306913
vn 0.993281 0.115726 0.000000
vn 0.944675 0.115731 -0.306912
vn 0.803560 0.115719 -0.583867
vn 0.803555 0.115719 -0.583873
vn 0.944675 0.115731 -0.306913
vn 0.803560 0.115719 -0.583867
vn 0.583790 0.115735 -0.803613
vn 0.583786 0.115735 -0.803616
vn 0.803555 0.115719 -0.583873
vn 0.583790 0.115735 -0.803613
vn 0.306967 0.115780 -0.944651
vn 0.306976 0.115780 -0.944648
vn 0.583786 0.115735 -0.803616
vn 0.306967 0.115780 -0.944651
vn 0.000000 0.115793 -0.993273
vn 0.000000 0.115793 -0.993273
vn 0.306976 0.115780 -0.944648
vn 0.000000 0.115793 -0.993273
vn -0.306971 0.115780 -0.944650
vn -0.306978 0.115780 -0.944648
vn 0.000000 0.115793 -0.993273
vn -0.306971 0.115780 -0.944650
vn -0.583788 0.115739 -0.803615
vn -0.583782 0.115739 -0.803619
vn -0.306978 0.115780 -0.944648
vn -0.583788 0.115739 -0.803615
vn -0.803559 0.115723 -0.583868
vn -0.803554 0.115723 -0.583874
vn -0.583782 0.115739 -0.803619
vn -0.803559 0.115723 -0.583868
vn -0.944673 0.115733 -0.306918
vn -0.944672 0.115733 -0.306920
vn -0.803554 0.115723 -0.583874
vn -0.944673 0.115733 -0.306918
vn -0.993281 0.115731 0.000000
vn -0.993281 0.115731 0.000000
vn -0.944672 0.115733 -0.306920
vn -0.993281 0.115731 0.000000
vn -0.944667 0.115745 0.306931
vn -0.944666 0.115745 0.306934
vn -0.993281 0.115731 0.000000
vn -0.944667 0.115745 0.306931
vn -0.803571 0.115739 0.583847
vn -0.803573 0.115739 0.583845
vn -0.944666 0.115745 0.306934
vn -0.803571 0.115739 0.583847
vn -0.583818 0.115750 0.803591
vn -0.583814 0.115750 0.803594
vn -0.803573 0.115739 0.583845
vn -0.583818 0.115750 0.803591
vn -0.306928 0.115782 0.944664
vn -0.306935 0.115782 0.944662
vn -0.583814 0.115750 0.803594
vn -0.306928 0.115782 0.944664
vn 0.000000 0.115792 0.993273
vn 0.000000 0.115792 0.993273
vn -0.306935 0.115782 0.944662
vn 0.000000 0.115792 0.993273
vn 0.306925 0.115781 0.944665
vn 0.306934 0.115781 0.944662
vn 0.000000 0.115792 0.993273
vn 0.306925 0.115781 0.944665
vn 0.583819 0.115747 0.803590
vn 0.583815 0.115747 0.803593
vn 0.306934 0.115781 0.944662
vn 0.583819 0.115747 0.803590
vn 0.803569 0.115736 0.583852
vn 0.803570 0.115736 0.583850
vn 0.583815 0.115747 0.803593
vn 0.803569 0.115736 0.583852
vn 0.944670 0.115740 0.306926
vn 0.944669 0.115740 0.306928
vn 0.803570 0.115736 0.583850
vn 0.000000 1.000000 0.000000
vn 0.000000 1.000000 0.000000
vn 0.000000 1.000000 0.000000
vn 0.000000 1.000000 0.000000
vn 0.000000 1.000000 0.000000
vn 0.000000 1.000000 0.000000
vn 0.000000 1.000000 0.000000
vn 0.000000 1.000000 0.000000
vn 0.000000 1.000000 0.000000
vn 0.000000 1.000000 0.000000
vn 0.000000 1.000000 0.000000
vn 0.000000 1.000000 0.000000
vn 0.000000 1.000000 0.000000
vn 0.000000 1.000000 0.000000
vn 0.000000 1.000000 0.000000
vn 0.000000 1.000000 0.000000
vn 0.000000 1.000000 0.000000
vn 0.000000 1.000000 0.000000
vn 0.000000 1.000000 0.000000
vn 0.000000 1.000000 0.000000
vn 0.000000 1.000000 0.000000
vn 0.000000 1.000000 0.000011
vn 0.000000 1.000000 0.000011
vn 0.000000 1.000000 0.000011
vn 0.000000 1.000000 0.000000
vn 0.000000 1.000000 0.000000
vn 0.000000 1.000000 0.000000
vn 0.000000 1.000000 0.000000
vn 0.000000 1.000000 0.000000
vn 0.000000 1.000000 0.000000
vn 0.000000 1.000000 0.000000
vn 0.000000 1.000000 0.000000
vn 0.000000 1.000000 0.000000
vn 0.000000 1.000000 0.000000
vn 0.000000 1.000000 0.000000
vn 0.000000 1.000000 0.000000
vn 0.000000 1.000000 0.000000
vn 0.000000 1.000000 0.000000
vn 0.000000 1.000000 0.000000
vn 0.000000 1.000000 0.000000
vn 0.000000 1.000000 0.000000
vn 0.000000 1.000000 0.000000
vn 0.000000 1.000000 0.000000
vn 0.000000 1.000000 0.000000
vn 0.000000 1.000000 0.000000
vn 0.000000 1.000000 0.000000
vn 0.000000 1.000000 0.000000
vn 0.000000 1.000000 0.000000
vn 0.000000 1.000000 0.000000
vn 0.000000 1.000000 0.000000
vn 0.000000 1.000000 0.000000
vn 0.000000 1.000000 0.000011
vn 0.000000 1.000000 0.000011
vn 0.000000 1.000000 0.000011
vn 0.000000 1.000000 0.000000
vn 0.000000 1.000000 0.000000
vn 0.000000 1.000000 0.000000
vn 0.000000 1.000000 0.000021
vn 0.000000 1.000000 0.000021
vn 0.000000 1.000000 0.000021
vn 0.000000 0.866026 -0.499999
vn 0.000000 0.500004 -0.866023
vn 0.000000 0.500004 -0.866023
vn 0.000000 0.866026 -0.499999
vn 0.000000 0.000000 -1.000000
vn 0.000000 0.000000 -1.000000
vn 0.000000 -0.500000 -0.866025
vn 0.000000 -0.500000 -0.866025
vn 0.000000 -0.866025 -0.500000
vn 0.000000 -0.866025 -0.500000
vn 0.000000 -1.000000 0.000000
vn 0.000000 -1.000000 0.000000
vn 0.000000 -0.866025 0.500000
vn 0.000000 -0.866025 0.500000
vn 0.000000 -0.500000 0.866025
vn 0.000000 -0.500000 0.866025
vn 0.000000 0.000000 1.000000
vn 0.000000 0.000000 1.000000
vn 0.000000 0.500000 0.866025
vn 0.000000 0.500000 0.866025
vn 0.000000 0.866025 0.500000
vn 0.000000 0.866025 0.500000
vn 0.000000 1.000000 0.000000
vn 0.000000 1.000000 0.000000
s 1
g LowPoly_Manometer LowPoly_ManometerMain
usemtl blinn1SG
f 132/202/541 133/203/542 134/204/543 135/205/544
f 133/203/542 136/206/545 137/207/546 134/204/543
f 136/206/545 138/208/547 139/209/548 137/207/546
f 138/208/547 140/210/549 141/211/550 139/209/548
f 140/210/549 142/212/551 143/213/552 141/211/550
f 142/212/551 144/214/553 145/215/554 143/213/552
f 144/214/553 146/216/555 147/217/556 145/215/554
f 146/216/555 148/218/557 149/219/558 147/217/556
f 148/218/557 150/220/559 151/221/560 149/219/558
f 152/222/561 132/202/541 135/205/544 153/223/562
f 154/224/563 155/225/564 156/226/565 157/227/566
f 157/227/566 156/226/565 158/228/567 159/229/568
f 159/229/568 158/228/567 160/230/569 161/231/570
f 161/231/570 160/230/569 162/232/571 163/233/572
f 163/233/572 162/232/571 164/234/573 165/235/574
f 165/235/574 164/234/573 166/236/575 167/237/576
f 167/237/576 166/236/575 168/238/577 169/239/578
f 169/239/578 168/238/577 170/240/579 171/241/580
f 171/241/580 170/240/579 151/242/560 150/243/559
f 152/222/561 153/223/562 155/225/564 154/224/563
s off
f 135/244/581 134/245/582 172/246/583 173/247/584
f 134/245/585 137/248/586 174/249/587 172/246/588
f 137/248/589 139/250/590 175/251/591 174/249/592
f 139/250/593 141/252/594 176/253/595 175/251/596
f 141/252/597 143/254/598 177/255/599 176/253/600
f 143/254/601 145/256/602 178/257/603 177/255/604
f 145/256/605 147/258/606 179/259/607 178/257/608
f 147/258/609 149/260/610 180/261/611 179/259/612
f 149/260/613 151/262/614 181/263/615 180/261/616
f 153/264/617 135/244/618 173/247/619 182/265/620
f 156/266/621 155/267/622 183/268/623 184/269/624
f 158/270/625 156/266/626 184/269/627 185/271/628
f 160/272/629 158/270/630 185/271/631 186/273/632
f 162/274/633 160/272/634 186/273/635 187/275/636
f 164/276/637 162/274/638 187/275/639 188/277/640
f 166/278/641 164/276/642 188/277/643 189/279/644
f 168/280/645 166/278/646 189/279/647 190/281/648
f 170/282/649 168/280/650 190/281/651 191/283/652
f 151/284/653 170/282/654 191/283/655 181/285/656
f 155/267/657 153/264/658 182/265/659 183/268/660
f 173/286/661 172/287/662 192/288/663 193/289/664
f 172/287/665 174/290/666 194/291/667 192/288/668
f 174/290/669 175/292/670 195/293/671 194/291/672
f 175/292/673 176/294/674 196/295/675 195/293/676
f 176/294/677 177/296/678 197/297/679 196/295/680
f 177/296/681 178/298/682 198/299/683 197/297/684
f 178/298/685 179/300/686 199/301/687 198/299/688
f 179/300/689 180/302/690 200/303/691 199/301/692
f 180/302/693 181/304/694 201/305/695 200/303/696
f 182/306/697 173/286/698 193/289/699 202/307/700
f 184/308/701 183/309/702 203/310/703 204/311/704
f 185/312/705 184/308/706 204/311/707 205/313/708
f 186/314/709 185/312/710 205/313/711 206/315/712
f 187/316/713 186/314/714 206/315/715 207/317/716
f 188/318/717 187/316/718 207/317/719 208/319/720
f 189/320/721 188/318/722 208/319/723 209/321/724
f 190/322/725 189/320/726 209/321/727 210/323/728
f 191/324/729 190/322/730 210/323/731 211/325/732
f 181/326/733 191/324/734 211/325/735 201/327/736
f 183/309/737 182/306/738 202/307/739 203/310/740
f 193/328/741 192/329/742 212/330/743
f 192/329/744 194/331/745 212/330/746
f 194/331/747 195/332/748 212/330/749
f 195/332/750 196/333/751 212/330/752
f 196/333/753 197/334/754 212/330/755
f 197/334/756 198/335/757 212/330/758
f 198/335/759 199/336/760 212/330/761
f 199/336/762 200/337/763 212/330/764
f 200/337/765 201/338/766 212/330/767
f 202/339/768 193/328/769 212/330/770
f 204/340/771 203/341/772 212/330/773
f 205/342/774 204/340/775 212/330/776
f 206/343/777 205/342/778 212/330/779
f 207/344/780 206/343/781 212/330/782
f 208/345/783 207/344/784 212/330/785
f 209/346/786 208/345/787 212/330/788
f 210/347/789 209/346/790 212/330/791
f 211/348/792 210/347/793 212/330/794
f 201/338/795 211/348/796 212/330/797
f 203/341/798 202/339/799 212/330/800
f 213/349/801 214/350/802 215/351/803
f 216/352/804 213/349/805 215/351/806
f 217/353/807 216/352/808 215/351/809
f 218/354/810 217/353/811 215/351/812
f 219/355/813 218/354/814 215/351/815
f 220/356/816 219/355/817 215/351/818
f 221/357/819 220/356/820 215/351/821
f 222/358/822 221/357/823 215/351/824
f 223/359/825 222/358/826 215/351/827
f 224/360/828 223/359/829 215/351/830
f 225/361/831 224/360/832 215/351/833
f 226/362/834 225/361/835 215/351/836
f 227/363/837 226/362/838 215/351/839
f 228/364/840 227/363/841 215/351/842
f 229/365/843 228/364/844 215/351/845
f 230/366/846 229/365/847 215/351/848
f 231/367/849 230/366/850 215/351/851
f 232/368/852 231/367/853 215/351/854
f 233/369/855 232/368/856 215/351/857
f 214/350/858 233/369/859 215/351/860
f 234/370/861 235/371/862 236/372/863 237/373/864
f 235/371/865 234/370/866 238/374/867 239/375/868
f 239/375/869 238/374/870 240/376/871 241/377/872
f 241/377/873 240/376/874 242/378/875 243/379/876
f 243/379/877 242/378/878 244/380/879 245/381/880
f 245/381/881 244/380/882 246/382/883 247/383/884
f 247/383/885 246/382/886 248/384/887 249/385/888
f 249/385/889 248/384/890 250/386/891 251/387/892
f 251/387/893 250/386/894 252/388/895 253/389/896
f 253/389/897 252/388/898 254/390/899 255/391/900
f 255/391/901 254/390/902 256/392/903 257/393/904
f 257/393/905 256/392/906 258/394/907 259/395/908
f 259/395/909 258/394/910 260/396/911 261/397/912
f 261/397/913 260/396/914 262/398/915 263/399/916
f 263/399/917 262/398/918 264/400/919 265/401/920
f 265/401/921 264/400/922 266/402/923 267/403/924
f 267/403/925 266/402/926 268/404/927 269/405/928
f 269/405/929 268/404/930 270/406/931 271/407/932
f 271/407/933 270/406/934 272/408/935 273/409/936
f 273/409/937 272/408/938 237/410/939 236/411/940
f 274/412/941 275/413/942 276/414/943 277/415/944
f 275/413/945 274/412/946 278/416/947 279/417/948
f 279/417/949 278/416/950 280/418/951 281/419/952
f 281/419/953 280/418/954 282/420/955 283/421/956
f 283/421/957 282/420/958 284/422/959 285/423/960
f 285/423/961 284/422/962 286/424/963 287/425/964
f 287/425/965 286/424/966 288/426/967 289/427/968
f 289/427/969 288/426/970 290/428/971 291/429/972
f 291/429/973 290/428/974 292/430/975 293/431/976
f 293/431/977 292/430/978 294/432/979 295/433/980
f 295/433/981 294/432/982 296/434/983 297/435/984
f 297/435/985 296/434/986 298/436/987 299/437/988
f 299/437/989 298/436/990 300/438/991 301/439/992
f 301/439/993 300/438/994 302/440/995 303/441/996
f 303/441/997 302/440/998 304/442/999 305/443/1000
f 305/443/1001 304/442/1002 306/444/1003 307/445/1004
f 307/445/1005 306/444/1006 308/446/1007 309/447/1008
f 309/447/1009 308/446/1010 310/448/1011 311/449/1012
f 311/449/1013 310/448/1014 312/450/1015 313/451/1016
f 313/451/1017 312/450/1018 277/452/1019 276/453/1020
f 314/454/1021 315/455/1022 238/456/1023 234/457/1024
f 315/455/1025 316/458/1026 240/459/1027 238/456/1028
f 316/458/1029 317/460/1030 242/461/1031 240/459/1032
f 317/460/1033 318/462/1034 244/463/1035 242/461/1036
f 318/462/1037 319/464/1038 246/465/1039 244/463/1040
f 319/464/1041 320/466/1042 248/467/1043 246/465/1044
f 320/466/1045 321/468/1046 250/469/1047 248/467/1048
f 321/468/1049 322/470/1050 252/471/1051 250/469/1052
f 322/470/1053 323/472/1054 254/473/1055 252/471/1056
f 323/472/1057 324/474/1058 256/475/1059 254/473/1060
f 324/474/1061 325/476/1062 258/477/1063 256/475/1064
f 325/476/1065 326/478/1066 260/479/1067 258/477/1068
f 326/478/1069 327/480/1070 262/481/1071 260/479/1072
f 327/480/1073 328/482/1074 264/483/1075 262/481/1076
f 328/482/1077 329/484/1078 266/485/1079 264/483/1080
f 329/484/1081 330/486/1082 268/487/1083 266/485/1084
f 330/486/1085 331/488/1086 270/489/1087 268/487/1088
f 331/488/1089 332/490/1090 272/491/1091 270/489/1092
f 332/490/1093 333/492/1094 237/493/1095 272/491/1096
f 333/494/1097 314/454/1098 234/457/1099 237/495/1100
f 235/496/1101 239/497/1102 278/498/1103 274/499/1104
f 239/497/1105 241/500/1106 280/501/1107 278/498/1108
f 241/500/1109 243/502/1110 282/503/1111 280/501/1112
f 243/502/1113 245/504/1114 284/505/1115 282/503/1116
f 245/504/1117 247/506/1118 286/507/1119 284/505/1120
f 247/506/1121 249/508/1122 288/509/1123 286/507/1124
f 249/508/1125 251/510/1126 290/511/1127 288/509/1128
f 251/510/1129 253/512/1130 292/513/1131 290/511/1132
f 253/512/1133 255/514/1134 294/515/1135 292/513/1136
f 255/514/1137 257/516/1138 296/517/1139 294/515/1140
f 257/516/1141 259/518/1142 298/519/1143 296/517/1144
f 259/518/1145 261/520/1146 300/521/1147 298/519/1148
f 261/520/1149 263/522/1150 302/523/1151 300/521/1152
f 263/522/1153 265/524/1154 304/525/1155 302/523/1156
f 265/524/1157 267/526/1158 306/527/1159 304/525/1160
f 267/526/1161 269/528/1162 308/529/1163 306/527/1164
f 269/528/1165 271/530/1166 310/531/1167 308/529/1168
f 271/530/1169 273/532/1170 312/533/1171 310/531/1172
f 273/532/1173 236/534/1174 277/535/1175 312/533/1176
f 236/536/1177 235/496/1178 274/499/1179 277/537/1180
f 276/538/1181 275/539/1182 334/540/1183 335/541/1184
f 275/539/1185 279/542/1186 336/543/1187 334/540/1188
f 279/542/1189 281/544/1190 337/545/1191 336/543/1192
f 281/544/1193 283/546/1194 338/547/1195 337/545/1196
f 283/546/1197 285/548/1198 339/549/1199 338/547/1200
f 285/548/1201 287/550/1202 340/551/1203 339/549/1204
f 287/550/1205 289/552/1206 341/553/1207 340/551/1208
f 289/552/1209 291/554/1210 342/555/1211 341/553/1212
f 291/554/1213 293/556/1214 343/557/1215 342/555/1216
f 293/556/1217 295/558/1218 344/559/1219 343/557/1220
f 295/558/1221 297/560/1222 345/561/1223 344/559/1224
f 297/560/1225 299/562/1226 346/563/1227 345/561/1228
f 299/562/1229 301/564/1230 347/565/1231 346/563/1232
f 301/564/1233 303/566/1234 348/567/1235 347/565/1236
f 303/566/1237 305/568/1238 349/569/1239 348/567/1240
f 305/568/1241 307/570/1242 350/571/1243 349/569/1244
f 307/570/1245 309/572/1246 351/573/1247 350/571/1248
f 309/572/1249 311/574/1250 352/575/1251 351/573/1252
f 311/574/1253 313/576/1254 353/577/1255 352/575/1256
f 313/576/1257 276/578/1258 335/579/1259 353/577/1260
f 335/580/1261 334/581/1262 354/582/1263 355/583/1264
f 334/581/1265 336/584/1266 356/585/1267 354/582/1268
f 336/584/1269 337/586/1270 357/587/1271 356/585/1272
f 337/586/1273 338/588/1274 358/589/1275 357/587/1276
f 338/588/1277 339/590/1278 359/591/1279 358/589/1280
f 339/590/1281 340/592/1282 360/593/1283 359/591/1284
f 340/592/1285 341/594/1286 361/595/1287 360/593/1288
f 341/594/1289 342/596/1290 362/597/1291 361/595/1292
f 342/596/1293 343/598/1294 363/599/1295 362/597/1296
f 343/598/1297 344/600/1298 364/601/1299 363/599/1300
f 344/600/1301 345/602/1302 365/603/1303 364/601/1304
f 345/602/1305 346/604/1306 366/605/1307 365/603/1308
f 346/604/1309 347/606/1310 367/607/1311 366/605/1312
f 347/606/1313 348/608/1314 368/609/1315 367/607/1316
f 348/608/1317 349/610/1318 369/611/1319 368/609/1320
f 349/610/1321 350/612/1322 370/613/1323 369/611/1324
f 350/612/1325 351/614/1326 371/615/1327 370/613/1328
f 351/614/1329 352/616/1330 372/617/1331 371/615/1332
f 352/616/1333 353/618/1334 373/619/1335 372/617/1336
f 353/618/1337 335/620/1338 355/621/1339 373/619/1340
f 374/622/1341 375/623/1342 233/624/1343 214/625/1344
f 376/626/1345 374/622/1346 214/625/1347 213/627/1348
f 377/628/1349 376/626/1350 213/627/1351 216/629/1352
f 378/630/1353 377/628/1354 216/629/1355 217/631/1356
f 379/632/1357 378/630/1358 217/631/1359 218/633/1360
f 380/634/1361 379/632/1362 218/633/1363 219/635/1364
f 381/636/1365 380/634/1366 219/635/1367 220/637/1368
f 382/638/1369 381/636/1370 220/637/1371 221/639/1372
f 383/640/1373 382/638/1374 221/639/1375 222/641/1376
f 384/642/1377 383/640/1378 222/641/1379 223/643/1380
f 385/644/1381 384/642/1382 223/643/1383 224/645/1384
f 386/646/1385 385/644/1386 224/645/1387 225/647/1388
f 387/648/1389 386/646/1390 225/647/1391 226/649/1392
f 388/650/1393 387/648/1394 226/649/1395 227/651/1396
f 389/652/1397 388/650/1398 227/651/1399 228/653/1400
f 390/654/1401 389/652/1402 228/653/1403 229/655/1404
f 391/656/1405 390/654/1406 229/655/1407 230/657/1408
f 392/658/1409 391/656/1410 230/657/1411 231/659/1412
f 393/660/1413 392/658/1414 231/659/1415 232/661/1416
f 375/662/1417 393/660/1418 232/661/1419 233/663/1420
f 314/664/1421 374/665/1422 376/666/1423 315/667/1424
f 376/666/1425 377/668/1426 316/669/1427 315/667/1428
f 377/668/1429 378/670/1430 317/671/1431 316/669/1432
f 378/670/1433 379/672/1434 318/673/1435 317/671/1436
f 379/672/1437 380/674/1438 319/675/1439 318/673/1440
f 380/674/1441 381/676/1442 320/677/1443 319/675/1444
f 381/676/1445 382/678/1446 321/679/1447 320/677/1448
f 382/678/1449 383/680/1450 322/681/1451 321/679/1452
f 383/680/1453 384/682/1454 323/683/1455 322/681/1456
f 384/682/1457 385/684/1458 324/685/1459 323/683/1460
f 385/684/1461 386/686/1462 325/687/1463 324/685/1464
f 386/686/1465 387/688/1466 326/689/1467 325/687/1468
f 387/688/1469 388/690/1470 327/691/1471 326/689/1472
f 388/690/1473 389/692/1474 328/693/1475 327/691/1476
f 389/692/1477 390/694/1478 329/695/1479 328/693/1480
f 390/694/1481 391/696/1482 330/697/1483 329/695/1484
f 391/696/1485 392/698/1486 331/699/1487 330/697/1488
f 392/698/1489 393/700/1490 332/701/1491 331/699/1492
f 393/700/1493 375/702/1494 333/703/1495 332/701/1496
f 375/704/1497 374/665/1498 314/664/1499 333/705/1500
s 2
f 394/706/1501 395/707/1502 396/708/1503 397/709/1504
f 395/707/1502 398/710/1505 399/711/1506 396/708/1503
f 398/710/1505 400/712/1507 401/713/1508 399/711/1506
f 400/712/1507 402/714/1509 403/715/1510 401/713/1508
f 402/714/1509 404/716/1511 405/717/1512 403/715/1510
f 404/716/1511 406/718/1513 407/719/1514 405/717/1512
f 406/718/1513 408/720/1515 409/721/1516 407/719/1514
f 408/720/1515 410/722/1517 411/723/1518 409/721/1516
f 410/722/1517 412/724/1519 413/725/1520 411/723/1518
f 412/726/1519 414/727/1521 415/728/1522 413/729/1520
f 414/727/1521 416/730/1523 417/731/1524 415/728/1522
f 416/730/1523 418/732/1525 419/733/1526 417/731/1524
f 418/732/1525 420/734/1527 421/735/1528 419/733/1526
f 420/734/1527 422/736/1529 423/737/1530 421/735/1528
f 422/736/1529 424/738/1531 425/739/1532 423/737/1530
f 424/738/1531 426/740/1533 427/741/1534 425/739/1532
f 426/740/1533 428/742/1535 429/743/1536 427/741/1534
f 428/742/1535 430/744/1537 431/745/1538 429/743/1536
f 430/744/1537 432/746/1539 433/747/1540 431/745/1538
f 432/746/1539 394/706/1501 397/709/1504 433/747/1540
s off
f 397/748/1541 396/749/1542 434/750/1543 435/751/1544
f 396/749/1545 399/752/1546 436/753/1547 434/750/1548
f 399/752/1549 401/754/1550 437/755/1551 436/753/1552
f 401/754/1553 403/756/1554 438/757/1555 437/755/1556
f 403/756/1557 405/758/1558 439/759/1559 438/757/1560
f 405/758/1561 407/760/1562 440/761/1563 439/759/1564
f 407/760/1565 409/762/1566 441/763/1567 440/761/1568
f 409/762/1569 411/764/1570 442/765/1571 441/763/1572
f 411/764/1573 413/766/1574 443/767/1575 442/765/1576
f 413/768/1577 415/769/1578 444/770/1579 443/771/1580
f 415/769/1581 417/772/1582 445/773/1583 444/770/1584
f 417/772/1585 419/774/1586 446/775/1587 445/773/1588
f 419/774/1589 421/776/1590 447/777/1591 446/775/1592
f 421/776/1593 423/778/1594 448/779/1595 447/777/1596
f 423/778/1597 425/780/1598 449/781/1599 448/779/1600
f 425/780/1601 427/782/1602 450/783/1603 449/781/1604
f 427/782/1605 429/784/1606 451/785/1607 450/783/1608
f 429/784/1609 431/786/1610 452/787/1611 451/785/1612
f 431/786/1613 433/788/1614 453/789/1615 452/787/1616
f 433/788/1617 397/748/1618 435/751/1619 453/789/1620
f 395/790/1621 394/791/1622 454/792/1623 455/793/1624
f 398/794/1625 395/790/1626 455/793/1627 456/795/1628
f 400/796/1629 398/794/1630 456/795/1631 457/797/1632
f 402/798/1633 400/796/1634 457/797/1635 458/799/1636
f 404/800/1637 402/798/1638 458/799/1639 459/801/1640
f 406/802/1641 404/800/1642 459/801/1643 460/803/1644
f 408/804/1645 406/802/1646 460/803/1647 461/805/1648
f 410/806/1649 408/804/1650 461/805/1651 462/807/1652
f 412/808/1653 410/806/1654 462/807/1655 463/809/1656
f 414/810/1657 412/811/1658 463/812/1659 464/813/1660
f 416/814/1661 414/810/1662 464/813/1663 465/815/1664
f 418/816/1665 416/814/1666 465/815/1667 466/817/1668
f 420/818/1669 418/816/1670 466/817/1671 467/819/1672
f 422/820/1673 420/818/1674 467/819/1675 468/821/1676
f 424/822/1677 422/820/1678 468/821/1679 469/823/1680
f 426/824/1681 424/822/1682 469/823/1683 470/825/1684
f 428/826/1685 426/824/1686 470/825/1687 471/827/1688
f 430/828/1689 428/826/1690 471/827/1691 472/829/1692
f 432/830/1693 430/828/1694 472/829/1695 473/831/1696
f 394/791/1697 432/830/1698 473/831/1699 454/792/1700
f 455/832/1701 454/833/1702 474/834/1703 475/835/1704
f 456/836/1705 455/832/1706 475/835/1707 476/837/1708
f 457/838/1709 456/836/1710 476/837/1711 477/839/1712
f 458/840/1713 457/838/1714 477/839/1715 478/841/1716
f 459/842/1717 458/840/1718 478/841/1719 479/843/1720
f 460/844/1721 459/842/1722 479/843/1723 480/845/1724
f 461/846/1725 460/844/1726 480/845/1727 481/847/1728
f 462/848/1729 461/846/1730 481/847/1731 482/849/1732
f 463/850/1733 462/848/1734 482/849/1735 483/851/1736
f 464/852/1737 463/853/1738 483/854/1739 484/855/1740
f 465/856/1741 464/852/1742 484/855/1743 485/857/1744
f 466/858/1745 465/856/1746 485/857/1747 486/859/1748
f 467/860/1749 466/858/1750 486/859/1751 487/861/1752
f 468/862/1753 467/860/1754 487/861/1755 488/863/1756
f 469/864/1757 468/862/1758 488/863/1759 489/865/1760
f 470/866/1761 469/864/1762 489/865/1763 490/867/1764
f 471/868/1765 470/866/1766 490/867/1767 491/869/1768
f 472/870/1769 471/868/1770 491/869/1771 492/871/1772
f 473/872/1773 472/870/1774 492/871/1775 493/873/1776
f 454/833/1777 473/872/1778 493/873/1779 474/834/1780
f 475/874/1781 474/875/1782 494/876/1783 495/877/1784
f 476/878/1785 475/874/1786 495/877/1787 496/879/1788
f 477/880/1789 476/878/1790 496/879/1791 497/881/1792
f 478/882/1793 477/880/1794 497/881/1795 498/883/1796
f 479/884/1797 478/882/1798 498/883/1799 499/885/1800
f 480/886/1801 479/884/1802 499/885/1803 500/887/1804
f 481/888/1805 480/886/1806 500/887/1807 501/889/1808
f 482/890/1809 481/888/1810 501/889/1811 502/891/1812
f 483/892/1813 482/890/1814 502/891/1815 503/893/1816
f 484/894/1817 483/895/1818 503/896/1819 504/897/1820
f 485/898/1821 484/894/1822 504/897/1823 505/899/1824
f 486/900/1825 485/898/1826 505/899/1827 506/901/1828
f 487/902/1829 486/900/1830 506/901/1831 507/903/1832
f 488/904/1833 487/902/1834 507/903/1835 508/905/1836
f 489/906/1837 488/904/1838 508/905/1839 509/907/1840
f 490/908/1841 489/906/1842 509/907/1843 510/909/1844
f 491/910/1845 490/908/1846 510/909/1847 511/911/1848
f 492/912/1849 491/910/1850 511/911/1851 512/913/1852
f 493/914/1853 492/912/1854 512/913/1855 513/915/1856
f 474/875/1857 493/914/1858 513/915/1859 494/876/1860
f 495/916/1861 494/917/1862 514/918/1863 515/919/1864
f 496/920/1865 495/916/1866 515/919/1867 516/921/1868
f 497/922/1869 496/920/1870 516/921/1871 517/923/1872
f 498/924/1873 497/922/1874 517/923/1875 518/925/1876
f 499/926/1877 498/924/1878 518/925/1879 519/927/1880
f 500/928/1881 499/926/1882 519/927/1883 520/929/1884
f 501/930/1885 500/928/1886 520/929/1887 521/931/1888
f 502/932/1889 501/930/1890 521/931/1891 522/933/1892
f 503/934/1893 502/932/1894 522/933/1895 523/935/1896
f 504/936/1897 503/937/1898 523/938/1899 524/939/1900
f 505/940/1901 504/936/1902 524/939/1903 525/941/1904
f 506/942/1905 505/940/1906 525/941/1907 526/943/1908
f 507/944/1909 506/942/1910 526/943/1911 527/945/1912
f 508/946/1913 507/944/1914 527/945/1915 528/947/1916
f 509/948/1917 508/946/1918 528/947/1919 529/949/1920
f 510/950/1921 509/948/1922 529/949/1923 530/951/1924
f 511/952/1925 510/950/1926 530/951/1927 531/953/1928
f 512/954/1929 511/952/1930 531/953/1931 532/955/1932
f 513/956/1933 512/954/1934 532/955/1935 533/957/1936
f 494/917/1937 513/956/1938 533/957/1939 514/918/1940
f 515/958/1941 514/959/1942 534/960/1943 535/961/1944
f 516/962/1945 515/958/1946 535/961/1947 536/963/1948
f 517/964/1949 516/962/1950 536/963/1951 537/965/1952
f 518/966/1953 517/964/1954 537/965/1955 538/967/1956
f 519/968/1957 518/966/1958 538/967/1959 539/969/1960
f 520/970/1961 519/968/1962 539/969/1963 540/971/1964
f 521/972/1965 520/970/1966 540/971/1967 541/973/1968
f 522/974/1969 521/972/1970 541/973/1971 542/975/1972
f 523/976/1973 522/974/1974 542/975/1975 543/977/1976
f 524/978/1977 523/979/1978 543/980/1979 544/981/1980
f 525/982/1981 524/978/1982 544/981/1983 545/983/1984
f 526/984/1985 525/982/1986 545/983/1987 546/985/1988
f 527/986/1989 526/984/1990 546/985/1991 547/987/1992
f 528/988/1993 527/986/1994 547/987/1995 548/989/1996
f 529/990/1997 528/988/1998 548/989/1999 549/991/2000
f 530/992/2001 529/990/2002 549/991/2003 550/993/2004
f 531/994/2005 530/992/2006 550/993/2007 551/995/2008
f 532/996/2009 531/994/2010 551/995/2011 552/997/2012
f 533/998/2013 532/996/2014 552/997/2015 553/999/2016
f 514/959/2017 533/998/2018 553/999/2019 534/960/2020
f 535/1000/2021 534/1001/2022 554/1002/2023 555/1003/2024
f 536/1004/2025 535/1000/2026 555/1003/2027 556/1005/2028
f 537/1006/2029 536/1004/2030 556/1005/2031 557/1007/2032
f 538/1008/2033 537/1006/2034 557/1007/2035 558/1009/2036
f 539/1010/2037 538/1008/2038 558/1009/2039 559/1011/2040
f 540/1012/2041 539/1010/2042 559/1011/2043 560/1013/2044
f 541/1014/2045 540/1012/2046 560/1013/2047 561/1015/2048
f 542/1016/2049 541/1014/2050 561/1015/2051 562/1017/2052
f 543/1018/2053 542/1016/2054 562/1017/2055 563/1019/2056
f 544/1020/2057 543/1021/2058 563/1022/2059 564/1023/2060
f 545/1024/2061 544/1020/2062 564/1023/2063 565/1025/2064
f 546/1026/2065 545/1024/2066 565/1025/2067 566/1027/2068
f 547/1028/2069 546/1026/2070 566/1027/2071 567/1029/2072
f 548/1030/2073 547/1028/2074 567/1029/2075 568/1031/2076
f 549/1032/2077 548/1030/2078 568/1031/2079 569/1033/2080
f 550/1034/2081 549/1032/2082 569/1033/2083 570/1035/2084
f 551/1036/2085 550/1034/2086 570/1035/2087 571/1037/2088
f 552/1038/2089 551/1036/2090 571/1037/2091 572/1039/2092
f 553/1040/2093 552/1038/2094 572/1039/2095 573/1041/2096
f 534/1001/2097 553/1040/2098 573/1041/2099 554/1002/2100
f 555/1042/2101 554/1043/2102 574/1044/2103 575/1045/2104
f 556/1046/2105 555/1042/2106 575/1045/2107 576/1047/2108
f 557/1048/2109 556/1046/2110 576/1047/2111 577/1049/2112
f 558/1050/2113 557/1048/2114 577/1049/2115 578/1051/2116
f 559/1052/2117 558/1050/2118 578/1051/2119 579/1053/2120
f 560/1054/2121 559/1052/2122 579/1053/2123 580/1055/2124
f 561/1056/2125 560/1054/2126 580/1055/2127 581/1057/2128
f 562/1058/2129 561/1056/2130 581/1057/2131 582/1059/2132
f 563/1060/2133 562/1058/2134 582/1059/2135 583/1061/2136
f 564/1062/2137 563/1063/2138 583/1064/2139 584/1065/2140
f 565/1066/2141 564/1062/2142 584/1065/2143 585/1067/2144
f 566/1068/2145 565/1066/2146 585/1067/2147 586/1069/2148
f 567/1070/2149 566/1068/2150 586/1069/2151 587/1071/2152
f 568/1072/2153 567/1070/2154 587/1071/2155 588/1073/2156
f 569/1074/2157 568/1072/2158 588/1073/2159 589/1075/2160
f 570/1076/2161 569/1074/2162 589/1075/2163 590/1077/2164
f 571/1078/2165 570/1076/2166 590/1077/2167 591/1079/2168
f 572/1080/2169 571/1078/2170 591/1079/2171 592/1081/2172
f 573/1082/2173 572/1080/2174 592/1081/2175 593/1083/2176
f 554/1043/2177 573/1082/2178 593/1083/2179 574/1044/2180
f 575/1084/2181 574/1085/2182 594/1086/2183 595/1087/2184
f 576/1088/2185 575/1084/2186 595/1087/2187 596/1089/2188
f 577/1090/2189 576/1088/2190 596/1089/2191 597/1091/2192
f 578/1092/2193 577/1090/2194 597/1091/2195 598/1093/2196
f 579/1094/2197 578/1092/2198 598/1093/2199 599/1095/2200
f 580/1096/2201 579/1094/2202 599/1095/2203 600/1097/2204
f 581/1098/2205 580/1096/2206 600/1097/2207 601/1099/2208
f 582/1100/2209 581/1098/2210 601/1099/2211 602/1101/2212
f 583/1102/2213 582/1100/2214 602/1101/2215 603/1103/2216
f 584/1104/2217 583/1105/2218 603/1106/2219 604/1107/2220
f 585/1108/2221 584/1104/2222 604/1107/2223 605/1109/2224
f 586/1110/2225 585/1108/2226 605/1109/2227 606/1111/2228
f 587/1112/2229 586/1110/2230 606/1111/2231 607/1113/2232
f 588/1114/2233 587/1112/2234 607/1113/2235 608/1115/2236
f 589/1116/2237 588/1114/2238 608/1115/2239 609/1117/2240
f 590/1118/2241 589/1116/2242 609/1117/2243 610/1119/2244
f 591/1120/2245 590/1118/2246 610/1119/2247 611/1121/2248
f 592/1122/2249 591/1120/2250 611/1121/2251 612/1123/2252
f 593/1124/2253 592/1122/2254 612/1123/2255 613/1125/2256
f 574/1085/2257 593/1124/2258 613/1125/2259 594/1086/2260
f 595/1126/2261 594/1127/2262 614/1128/2263
f 596/1129/2264 595/1126/2265 614/1128/2266
f 597/1130/2267 596/1129/2268 614/1128/2269
f 598/1131/2270 597/1130/2271 614/1128/2272
f 599/1132/2273 598/1131/2274 614/1128/2275
f 600/1133/2276 599/1132/2277 614/1128/2278
f 601/1134/2279 600/1133/2280 614/1128/2281
f 602/1135/2282 601/1134/2283 614/1128/2284
f 603/1136/2285 602/1135/2286 614/1128/2287
f 604/1137/2288 603/1136/2289 614/1128/2290
f 605/1138/2291 604/1137/2292 614/1128/2293
f 606/1139/2294 605/1138/2295 614/1128/2296
f 607/1140/2297 606/1139/2298 614/1128/2299
f 608/1141/2300 607/1140/2301 614/1128/2302
f 609/1142/2303 608/1141/2304 614/1128/2305
f 610/1143/2306 609/1142/2307 614/1128/2308
f 611/1144/2309 610/1143/2310 614/1128/2311
f 612/1145/2312 611/1144/2313 614/1128/2314
f 613/1146/2315 612/1145/2316 614/1128/2317
f 594/1127/2318 613/1146/2319 614/1128/2320
f 615/1147/2321 616/1148/2322 617/1149/2323 618/1150/2324
f 619/1151/2325 620/1152/2326 621/1153/2327 622/1154/2328
f 621/1155/2329 623/1156/2330 624/1157/2331 622/1158/2332
f 623/1159/2333 625/1160/2334 626/1161/2335 624/1162/2336
f 621/1163/2337 620/1164/2338 625/1165/2339 623/1166/2340
f 618/1167/2341 617/1168/2342 627/1169/2343 628/1170/2344
f 629/1171/2345 627/1172/2346 617/1173/2347 616/1174/2348
f 630/1175/2349 629/1176/2350 616/1177/2351 615/1178/2352
f 631/1179/2353 632/1180/2354 620/1152/2355 619/1151/2356
f 625/1165/2357 620/1164/2358 632/1181/2359 633/1182/2360
f 626/1161/2361 625/1160/2362 633/1183/2363 634/1184/2364
f 634/1184/2365 633/1183/2366 629/1176/2367 630/1175/2368
f 633/1182/2369 632/1181/2370 627/1172/2371 629/1171/2372
f 628/1170/2373 627/1169/2374 632/1180/2375 631/1179/2376
f 635/1185/2377 636/1186/2378 637/1187/2379 638/1188/2380
f 636/1186/2381 639/1189/2382 640/1190/2383 637/1187/2384
f 639/1189/2385 641/1191/2386 642/1192/2387 640/1190/2388
f 641/1191/2389 643/1193/2390 644/1194/2391 642/1192/2392
f 643/1193/2393 645/1195/2394 646/1196/2395 644/1194/2396
f 645/1195/2397 647/1197/2398 648/1198/2399 646/1196/2400
f 647/1197/2401 649/1199/2402 650/1200/2403 648/1198/2404
f 649/1199/2405 651/1201/2406 652/1202/2407 650/1200/2408
f 651/1201/2409 653/1203/2410 654/1204/2411 652/1202/2412
f 653/1203/2413 655/1205/2414 656/1206/2415 654/1204/2416
f 655/1205/2417 657/1207/2418 658/1208/2419 656/1206/2420
f 657/1207/2421 659/1209/2422 660/1210/2423 658/1208/2424
f 659/1209/2425 661/1211/2426 662/1212/2427 660/1210/2428
f 661/1211/2429 663/1213/2430 664/1214/2431 662/1212/2432
f 663/1213/2433 665/1215/2434 666/1216/2435 664/1214/2436
f 665/1215/2437 667/1217/2438 668/1218/2439 666/1216/2440
f 667/1217/2441 669/1219/2442 670/1220/2443 668/1218/2444
f 669/1219/2445 671/1221/2446 672/1222/2447 670/1220/2448
f 671/1221/2449 673/1223/2450 674/1224/2451 672/1222/2452
f 673/1223/2453 635/1185/2454 638/1188/2455 674/1224/2456
f 638/1225/2457 637/1226/2458 675/1227/2459 676/1228/2460
f 637/1226/2461 640/1229/2462 677/1230/2463 675/1227/2464
f 640/1229/2465 642/1231/2466 678/1232/2467 677/1230/2468
f 642/1231/2469 644/1233/2470 679/1234/2471 678/1232/2472
f 644/1233/2473 646/1235/2474 680/1236/2475 679/1234/2476
f 646/1235/2477 648/1237/2478 681/1238/2479 680/1236/2480
f 648/1237/2481 650/1239/2482 682/1240/2483 681/1238/2484
f 650/1239/2485 652/1241/2486 683/1242/2487 682/1240/2488
f 652/1241/2489 654/1243/2490 684/1244/2491 683/1242/2492
f 654/1243/2493 656/1245/2494 685/1246/2495 684/1244/2496
f 656/1245/2497 658/1247/2498 686/1248/2499 685/1246/2500
f 658/1247/2501 660/1249/2502 687/1250/2503 686/1248/2504
f 660/1249/2505 662/1251/2506 688/1252/2507 687/1250/2508
f 662/1251/2509 664/1253/2510 689/1254/2511 688/1252/2512
f 664/1253/2513 666/1255/2514 690/1256/2515 689/1254/2516
f 666/1257/2517 668/1258/2518 691/1259/2519 690/1260/2520
f 668/1258/2521 670/1261/2522 692/1262/2523 691/1259/2524
f 670/1261/2525 672/1263/2526 693/1264/2527 692/1262/2528
f 672/1263/2529 674/1265/2530 694/1266/2531 693/1264/2532
f 674/1265/2533 638/1225/2534 676/1228/2535 694/1266/2536
f 676/1267/2537 675/1268/2538 695/1269/2539
f 675/1268/2540 677/1270/2541 695/1269/2542
f 677/1270/2543 678/1271/2544 695/1269/2545
f 678/1271/2546 679/1272/2547 695/1269/2548
f 679/1272/2549 680/1273/2550 695/1269/2551
f 680/1273/2552 681/1274/2553 695/1269/2554
f 681/1274/2555 682/1275/2556 695/1269/2557
f 682/1275/2558 683/1276/2559 695/1269/2560
f 683/1276/2561 684/1277/2562 695/1269/2563
f 684/1277/2564 685/1278/2565 695/1269/2566
f 685/1278/2567 686/1279/2568 695/1269/2569
f 686/1279/2570 687/1280/2571 695/1269/2572
f 687/1280/2573 688/1281/2574 695/1269/2575
f 688/1281/2576 689/1282/2577 695/1269/2578
f 689/1282/2579 690/1283/2580 695/1269/2581
f 690/1283/2582 691/1284/2583 695/1269/2584
f 691/1284/2585 692/1285/2586 695/1269/2587
f 692/1285/2588 693/1286/2589 695/1269/2590
f 693/1286/2591 694/1287/2592 695/1269/2593
f 694/1287/2594 676/1267/2595 695/1269/2596
s 3
f 696/1288/2597 697/1289/2598 698/1290/2599 699/1291/2600
f 697/1289/2598 700/1292/2601 701/1293/2602 698/1290/2599
f 700/1292/2601 702/1294/2603 703/1295/2604 701/1293/2602
f 702/1294/2603 704/1296/2605 705/1297/2606 703/1295/2604
f 704/1296/2605 706/1298/2607 707/1299/2608 705/1297/2606
f 706/1300/2607 708/1301/2609 709/1302/2610 707/1303/2608
f 708/1301/2609 710/1304/2611 711/1305/2612 709/1302/2610
f 710/1304/2611 712/1306/2613 713/1307/2614 711/1305/2612
f 712/1306/2613 714/1308/2615 715/1309/2616 713/1307/2614
f 714/1308/2615 716/1310/2617 717/1311/2618 715/1309/2616
f 716/1310/2617 718/1312/2619 719/1313/2620 717/1311/2618
f 718/1312/2619 696/1288/2597 699/1291/2600 719/1313/2620
g default
v 5.352137 0.908297 -0.223526
v 5.394345 0.896493 -0.219696
v 5.394345 0.765821 -0.476158
v 5.352137 0.775862 -0.483444
v 5.411824 0.867996 -0.210442
v 5.411824 0.741579 -0.458534
v 5.394345 0.562294 -0.679688
v 5.352137 0.569590 -0.689735
v 5.411824 0.544682 -0.655449
v 5.394345 0.305835 -0.810371
v 5.352137 0.309671 -0.822174
v 5.411824 0.296577 -0.781876
v 5.394345 0.021549 -0.855370
v 5.352137 0.021549 -0.867783
v 5.411824 0.021549 -0.825417
v 5.394345 -0.262738 -0.810371
v 5.352137 -0.266574 -0.822174
v 5.411824 -0.253479 -0.781876
v 5.394345 -0.519196 -0.679688
v 5.352137 -0.526491 -0.689735
v 5.411824 -0.501584 -0.655449
v 5.394345 -0.722723 -0.476158
v 5.352137 -0.732763 -0.483444
v 5.411824 -0.698481 -0.458534
v 5.394345 -0.853395 -0.219696
v 5.352137 -0.865199 -0.223526
v 5.411824 -0.824898 -0.210442
v 5.394345 -0.898422 0.064575
v 5.352137 -0.910834 0.064575
v 5.411824 -0.868459 0.064575
v 5.394345 -0.853395 0.348869
v 5.352137 -0.865199 0.352699
v 5.411824 -0.824898 0.339615
v 5.394345 -0.722723 0.605347
v 5.352137 -0.732763 0.612640
v 5.411824 -0.698481 0.587723
v 5.394345 -0.519196 0.808861
v 5.352137 -0.526491 0.818909
v 5.411824 -0.501584 0.784630
v 5.394345 -0.262738 0.939537
v 5.352137 -0.266574 0.951347
v 5.411824 -0.253479 0.911049
v 5.394345 0.021549 0.984543
v 5.352137 0.021549 0.996956
v 5.411824 0.021549 0.954582
v 5.394345 0.305835 0.939537
v 5.352137 0.309671 0.951347
v 5.411824 0.296577 0.911049
v 5.394345 0.562294 0.808861
v 5.352137 0.569589 0.818909
v 5.411824 0.544682 0.784630
v 5.394345 0.765821 0.605347
v 5.352137 0.775862 0.612640
v 5.411824 0.741579 0.587723
v 5.394345 0.896492 0.348869
v 5.352137 0.908296 0.352699
v 5.411824 0.867995 0.339615
v 5.394345 0.941518 0.064575
v 5.352137 0.953929 0.064575
v 5.411824 0.911555 0.064575
v 5.309929 0.896493 -0.219696
v 5.309929 0.941518 0.064575
v 5.292450 0.867996 -0.210442
v 5.292450 0.911555 0.064575
v 5.309929 0.765821 -0.476158
v 5.292450 0.741579 -0.458534
v 5.309929 0.562294 -0.679688
v 5.292450 0.544682 -0.655449
v 5.309929 0.305835 -0.810371
v 5.292450 0.296577 -0.781876
v 5.309929 0.021549 -0.855370
v 5.292450 0.021549 -0.825417
v 5.309929 -0.262738 -0.810371
v 5.292450 -0.253479 -0.781876
v 5.309929 -0.519196 -0.679688
v 5.292450 -0.501584 -0.655449
v 5.309929 -0.722723 -0.476158
v 5.292450 -0.698481 -0.458534
v 5.309929 -0.853395 -0.219696
v 5.292450 -0.824898 -0.210442
v 5.309929 -0.898422 0.064575
v 5.292450 -0.868459 0.064575
v 5.309929 -0.853395 0.348869
v 5.292450 -0.824898 0.339615
v 5.309929 -0.722723 0.605347
v 5.292450 -0.698481 0.587723
v 5.309929 -0.519196 0.808861
v 5.292450 -0.501584 0.784630
v 5.309929 -0.262738 0.939537
v 5.292450 -0.253479 0.911049
v 5.309929 0.021549 0.984543
v 5.292450 0.021549 0.954582
v 5.309929 0.305835 0.939537
v 5.292450 0.296577 0.911049
v 5.309929 0.562294 0.808861
v 5.292450 0.544682 0.784630
v 5.309929 0.765821 0.605347
v 5.292450 0.741579 0.587723
v 5.309929 0.896492 0.348869
v 5.292450 0.867995 0.339615
v 4.288738 0.105443 -0.503021
v 4.288738 -0.044350 -0.505409
v 4.037738 -0.044350 -0.505409
v 4.037738 0.105443 -0.503021
v 4.288738 -0.428097 -0.291847
v 4.288738 -0.505039 -0.163315
v 4.037738 -0.505039 -0.163315
v 4.037738 -0.428097 -0.291847
v 4.288738 -0.511991 0.275764
v 4.288738 -0.439145 0.406670
v 4.037738 -0.439145 0.406670
v 4.037738 -0.511991 0.275764
v 4.288738 -0.062314 0.632286
v 4.288738 0.087451 0.634621
v 4.037738 0.087451 0.634621
v 4.037738 -0.062314 0.632286
v 4.288738 0.471225 0.421097
v 4.288738 0.548162 0.292564
v 4.037738 0.548162 0.292564
v 4.037738 0.471225 0.421097
v 4.288738 0.555092 -0.146591
v 4.288738 0.482256 -0.277473
v 4.037738 0.482256 -0.277473
v 4.037738 0.555092 -0.146591
v 4.288738 0.378029 -0.385033
v 4.288738 0.249498 -0.461960
v 4.037738 0.249498 -0.461960
v 4.037738 0.378029 -0.385033
v 4.288738 0.589216 0.148506
v 4.288738 0.591579 -0.001274
v 4.037738 0.591579 -0.001274
v 4.037738 0.589216 0.148506
v 4.288738 -0.189627 -0.468941
v 4.288738 -0.320522 -0.396118
v 4.037738 -0.320522 -0.396118
v 4.037738 -0.189627 -0.468941
v 4.288738 -0.546077 -0.019226
v 4.288738 -0.548458 0.130562
v 4.037738 -0.548458 0.130562
v 4.037738 -0.546077 -0.019226
v 4.288738 -0.334903 0.514290
v 4.288738 -0.206379 0.591232
v 4.037738 -0.206379 0.591232
v 4.037738 -0.334903 0.514290
v 4.288738 0.232736 0.598137
v 4.288738 0.363637 0.525299
v 4.037738 0.363637 0.525299
v 4.037738 0.232736 0.598137
v 4.037738 -0.048488 -0.541260
v 4.037738 0.110718 -0.538696
v 4.037738 -0.538135 -0.177643
v 4.037738 -0.456357 -0.314232
v 4.037738 -0.468097 0.428192
v 4.037738 -0.545521 0.289047
v 4.037738 0.091593 0.670425
v 4.037738 -0.067586 0.667946
v 4.037738 0.581259 0.306892
v 4.037738 0.499480 0.443481
v 4.037738 0.511204 -0.298958
v 4.037738 0.588622 -0.159882
v 4.037738 0.263829 -0.495056
v 4.037738 0.400429 -0.413307
v 4.037738 0.627403 -0.005432
v 4.037738 0.624894 0.153786
v 4.037738 -0.342020 -0.425064
v 4.037738 -0.202910 -0.502457
v 4.037738 -0.584284 0.134697
v 4.037738 -0.581755 -0.024506
v 4.037738 -0.220704 0.624344
v 4.037738 -0.357308 0.542526
v 4.037738 0.385132 0.554253
v 4.037738 0.246003 0.631645
v 3.986215 -0.053969 -0.588661
v 3.986215 0.117693 -0.585915
v 3.986215 -0.581935 -0.196617
v 3.986215 -0.493754 -0.343895
v 3.986215 -0.506414 0.456627
v 3.986215 -0.589895 0.306633
v 3.986215 0.097070 0.717834
v 3.986215 -0.074558 0.715187
v 3.986215 0.625053 0.325851
v 3.986215 0.536876 0.473122
v 3.986215 0.549525 -0.327431
v 3.986215 0.632996 -0.177437
v 3.986215 0.282782 -0.538864
v 3.986215 0.430075 -0.450691
v 3.986215 0.674810 -0.010895
v 3.986215 0.672097 0.160767
v 3.986215 -0.370474 -0.463394
v 3.986215 -0.220474 -0.546829
v 3.986215 -0.631682 0.140160
v 3.986215 -0.628967 -0.031487
v 3.986215 -0.239661 0.668106
v 3.986215 -0.386956 0.579918
v 3.986215 0.413583 0.592583
v 3.986215 0.263569 0.676033
v 3.137125 -0.053969 -0.588661
v 3.137125 0.117693 -0.585915
v 3.137125 -0.581935 -0.196617
v 3.137125 -0.493754 -0.343895
v 3.137125 -0.506414 0.456627
v 3.137125 -0.589895 0.306633
v 3.137125 0.097070 0.717834
v 3.137125 -0.074558 0.715187
v 3.137125 0.625053 0.325851
v 3.137125 0.536876 0.473122
v 3.137125 0.549525 -0.327431
v 3.137125 0.632996 -0.177437
v 3.137125 0.282782 -0.538864
v 3.137125 0.430075 -0.450691
v 3.137125 0.674810 -0.010895
v 3.137125 0.672097 0.160767
v 3.137125 -0.370474 -0.463394
v 3.137125 -0.220474 -0.546829
v 3.137125 -0.631682 0.140160
v 3.137125 -0.628967 -0.031487
v 3.137125 -0.239661 0.668106
v 3.137125 -0.386956 0.579918
v 3.137125 0.413583 0.592583
v 3.137125 0.263569 0.676033
v 3.087599 -0.048175 -0.538544
v 3.087599 0.110317 -0.536003
v 3.087599 -0.535630 -0.176567
v 3.087599 -0.454215 -0.312546
v 3.087599 -0.465907 0.426544
v 3.087599 -0.542982 0.288055
v 3.087599 0.091278 0.667725
v 3.087599 -0.067181 0.665260
v 3.087599 0.578750 0.305794
v 3.087599 0.497343 0.441780
v 3.087599 0.509019 -0.297356
v 3.087599 0.586084 -0.158875
v 3.087599 0.262740 -0.492561
v 3.087599 0.398734 -0.411156
v 3.087599 0.624696 -0.005104
v 3.087599 0.622185 0.153374
v 3.087599 -0.340394 -0.422890
v 3.087599 -0.201902 -0.499931
v 3.087599 -0.581566 0.134361
v 3.087599 -0.579057 -0.024124
v 3.087599 -0.219614 0.621819
v 3.087599 -0.355610 0.540390
v 3.087599 0.383504 0.552063
v 3.087599 0.245000 0.629112
v 3.087599 -0.004596 -0.161659
v 3.087599 0.054855 -0.160706
v 3.087599 -0.187454 -0.025871
v 3.087599 -0.156914 -0.076881
v 3.087599 -0.161299 0.200378
v 3.087599 -0.190212 0.148430
v 3.087599 0.047715 0.290840
v 3.087599 -0.011729 0.289917
v 3.087599 0.230580 0.155075
v 3.087599 0.200041 0.206085
v 3.087599 0.204422 -0.071175
v 3.087599 0.233330 -0.019234
v 3.087599 0.112036 -0.144409
v 3.087599 0.163051 -0.113876
v 3.087599 0.247814 0.038445
v 3.087599 0.246873 0.097893
v 3.087599 -0.114218 -0.118279
v 3.087599 -0.062265 -0.147179
v 3.087599 -0.204687 0.090775
v 3.087599 -0.203748 0.031311
v 3.087599 -0.068907 0.273628
v 3.087599 -0.119920 0.243073
v 3.087599 0.157336 0.247452
v 3.087599 0.105380 0.276360
v 4.305625 -0.072788 -0.916542
v 4.288738 -0.086076 -0.866348
v 4.288738 0.158559 -0.862450
v 4.324415 0.172785 -1.013725
v 4.305625 -0.875298 -0.344254
v 4.288738 -0.838475 -0.307648
v 4.288738 -0.712814 -0.517548
v 4.324415 -0.836690 -0.605545
v 4.305625 -0.780953 0.636856
v 4.288738 -0.730854 0.623276
v 4.288738 -0.849828 0.409531
v 4.324415 -0.987929 0.472786
v 4.305625 0.115885 1.045685
v 4.288738 0.129167 0.995529
v 4.288738 -0.115433 0.991753
v 4.324415 -0.129683 1.142906
v 4.305625 0.918391 0.473457
v 4.288738 0.881603 0.436913
v 4.288738 0.755941 0.646805
v 4.324415 0.879781 0.734726
v 4.305625 0.824054 -0.507652
v 4.288738 0.773964 -0.494064
v 4.288738 0.892912 -0.280327
v 4.324415 1.031014 -0.343605
v 4.288738 0.953496 0.202324
v 4.288738 0.952503 -0.043007
v 4.305625 0.998317 -0.067398
v 4.288738 0.606787 -0.673622
v 4.288738 0.393829 -0.795395
v 4.305625 0.395612 -0.847328
v 4.288738 -0.325162 -0.811363
v 4.288738 -0.537132 -0.687820
v 4.305625 -0.581157 -0.715286
v 4.288738 -0.910390 -0.073097
v 4.288738 -0.909376 0.172287
v 4.305625 -0.955217 0.196571
v 4.288738 -0.563673 0.802841
v 4.288738 -0.350704 0.924667
v 4.305625 -0.352525 0.976471
v 4.288738 0.368255 0.940529
v 4.288738 0.580216 0.817032
v 4.305625 0.624237 0.844482
v 5.267645 0.918391 0.473457
v 5.284532 0.953496 0.202324
v 5.267645 0.115885 1.045685
v 5.284532 0.368255 0.940529
v 5.267645 -0.780953 0.636856
v 5.284532 -0.563673 0.802841
v 5.267645 -0.875298 -0.344254
v 5.284532 -0.910390 -0.073097
v 5.267645 -0.072788 -0.916542
v 5.284532 -0.325162 -0.811363
v 5.267645 0.824054 -0.507652
v 5.284532 0.606787 -0.673622
v 5.248855 0.172785 -1.013725
v 5.284532 0.158559 -0.862450
v 5.284532 -0.086076 -0.866348
v 5.248855 -0.836690 -0.605545
v 5.284532 -0.712814 -0.517548
v 5.284532 -0.838475 -0.307648
v 5.248855 -0.987929 0.472786
v 5.284532 -0.849828 0.409531
v 5.284532 -0.730854 0.623276
v 5.248855 -0.129683 1.142906
v 5.284532 -0.115433 0.991753
v 5.284532 0.129167 0.995529
v 5.248855 0.879781 0.734726
v 5.284532 0.755941 0.646805
v 5.284532 0.881603 0.436913
v 5.248855 1.031014 -0.343605
v 5.284532 0.892912 -0.280327
v 5.284532 0.773964 -0.494064
v 5.284532 0.952503 -0.043007
v 5.267645 0.998317 -0.067398
v 5.284532 0.393829 -0.795395
v 5.267645 0.395612 -0.847328
v 5.284532 -0.537132 -0.687820
v 5.267645 -0.581157 -0.715286
v 5.284532 -0.909376 0.172287
v 5.267645 -0.955217 0.196571
v 5.284532 -0.350704 0.924667
v 5.267645 -0.352525 0.976471
v 5.284532 0.580216 0.817032
v 5.267645 0.624237 0.844482
v 5.284532 0.105443 -0.503021
v 5.284532 -0.044350 -0.505409
v 5.284532 -0.428097 -0.291847
v 5.284532 -0.505039 -0.163315
v 5.284532 -0.511991 0.275764
v 5.284532 -0.439145 0.406670
v 5.284532 -0.062314 0.632286
v 5.284532 0.087451 0.634621
v 5.284532 0.471225 0.421097
v 5.284532 0.548162 0.292564
v 5.284532 0.555092 -0.146591
v 5.284532 0.482256 -0.277473
v 5.284532 0.378029 -0.385033
v 5.284532 0.249498 -0.461960
v 5.284532 0.589216 0.148506
v 5.284532 0.591579 -0.001274
v 5.284532 -0.189627 -0.468941
v 5.284532 -0.320522 -0.396118
v 5.284532 -0.546077 -0.019226
v 5.284532 -0.548458 0.130562
v 5.284532 -0.334903 0.514290
v 5.284532 -0.206379 0.591232
v 5.284532 0.232736 0.598137
v 5.284532 0.363637 0.525299
v 5.248855 1.036917 -0.328690
v 4.324415 1.036917 -0.328690
v 5.248855 0.869816 0.747299
v 4.324415 0.869816 0.747299
v 5.248855 -0.145550 1.140564
v 4.324415 -0.145550 1.140564
v 5.248855 -0.993831 0.457870
v 4.324415 -0.993831 0.457870
v 5.248855 -0.826724 -0.618118
v 4.324415 -0.826724 -0.618118
v 5.248855 0.188653 -1.011383
v 4.324415 0.188653 -1.011383
v 6.268403 -0.356449 0.974884
v 6.285290 -0.354419 0.923027
v 6.285290 -0.119403 0.991028
v 6.249613 -0.150174 1.139832
v 6.268403 -0.955775 0.192375
v 6.285290 -0.909838 0.168190
v 6.285290 -0.851260 0.405731
v 6.249613 -0.995510 0.453506
v 6.268403 -0.577774 -0.717888
v 6.285290 -0.533871 -0.690201
v 6.285290 -0.710296 -0.520798
v 6.249613 -0.823780 -0.621750
v 6.268403 0.399535 -0.845734
v 6.285290 0.397508 -0.793816
v 6.285290 0.162565 -0.861961
v 6.249613 0.193287 -1.010635
v 6.268403 0.998890 -0.063202
v 6.285290 0.952986 -0.039055
v 6.285290 0.894435 -0.276604
v 6.249613 1.038605 -0.324303
v 6.268403 0.620904 0.847092
v 6.285290 0.576998 0.819336
v 6.285290 0.753409 0.649940
v 6.249613 0.866866 0.750954
v 6.285290 0.952913 0.206284
v 6.285290 0.879988 0.440552
v 6.268403 0.916644 0.477242
v 6.285290 0.364507 0.942024
v 6.285290 0.125183 0.995964
v 6.268403 0.111664 1.046066
v 6.285290 -0.566843 0.800316
v 6.285290 -0.733266 0.620033
v 6.268403 -0.783409 0.633362
v 6.285290 -0.909786 -0.077156
v 6.285290 -0.836835 -0.311447
v 6.268403 -0.873524 -0.348152
v 6.285290 -0.321374 -0.812843
v 6.285290 -0.082050 -0.866859
v 6.268403 -0.068581 -0.916908
v 6.285290 0.609950 -0.671127
v 6.285290 0.776368 -0.490852
v 6.268403 0.826500 -0.504250
v 5.500755 0.998890 -0.063202
v 5.483869 0.952913 0.206284
v 5.500755 0.399535 -0.845734
v 5.483869 0.609950 -0.671127
v 5.500755 -0.577774 -0.717888
v 5.483869 -0.321374 -0.812843
v 5.500755 -0.955775 0.192375
v 5.483869 -0.909786 -0.077156
v 5.500754 -0.356449 0.974884
v 5.483869 -0.566843 0.800316
v 5.500755 0.620904 0.847092
v 5.483869 0.364507 0.942024
v 5.519546 -0.150174 1.139832
v 5.483869 -0.119403 0.991028
v 5.483869 -0.354419 0.923027
v 5.519546 -0.995510 0.453506
v 5.483869 -0.851260 0.405731
v 5.483869 -0.909838 0.168190
v 5.519546 -0.823780 -0.621750
v 5.483869 -0.710296 -0.520798
v 5.483869 -0.533871 -0.690201
v 5.519546 0.193287 -1.010635
v 5.483869 0.162565 -0.861961
v 5.483869 0.397508 -0.793816
v 5.519546 1.038605 -0.324303
v 5.483869 0.894435 -0.276604
v 5.483869 0.952986 -0.039055
v 5.519546 0.866866 0.750954
v 5.483869 0.753409 0.649940
v 5.483869 0.576998 0.819336
v 5.483869 0.879988 0.440552
v 5.500755 0.916644 0.477242
v 5.483869 0.125183 0.995964
v 5.500755 0.111664 1.046066
v 5.483869 -0.733266 0.620033
v 5.500755 -0.783409 0.633362
v 5.483869 -0.836835 -0.311447
v 5.500755 -0.873524 -0.348152
v 5.483869 -0.082050 -0.866859
v 5.500755 -0.068581 -0.916908
v 5.483869 0.776368 -0.490852
v 5.500755 0.826500 -0.504250
v 5.483869 -0.064756 0.631844
v 5.483869 -0.208659 0.590218
v 5.483869 -0.512861 0.273445
v 5.483869 -0.548724 0.128014
v 5.483869 -0.426582 -0.293755
v 5.483869 -0.318524 -0.397560
v 5.483869 0.107897 -0.502716
v 5.483869 0.251774 -0.461082
v 5.483869 0.556022 -0.144341
v 5.483869 0.591882 0.001137
v 5.483869 0.469679 0.423004
v 5.483869 0.361665 0.526749
v 5.483869 0.230450 0.599052
v 5.483869 0.085009 0.634796
v 5.483869 0.588854 0.150894
v 5.483869 0.547195 0.294762
v 5.483869 -0.336837 0.512703
v 5.483869 -0.440601 0.404694
v 5.483869 -0.545679 -0.021774
v 5.483869 -0.504018 -0.165672
v 5.483869 -0.187299 -0.469894
v 5.483869 -0.041869 -0.505730
v 5.483869 0.379956 -0.383514
v 5.483869 0.483728 -0.275482
v 5.519546 0.876886 0.738426
v 6.249613 0.876886 0.738426
v 5.519546 1.032771 -0.339241
v 6.249613 1.032771 -0.339241
v 5.519546 0.177434 -1.013100
v 6.249613 0.177434 -1.013100
v 5.519546 -0.833803 -0.609222
v 6.249613 -0.833803 -0.609222
v 5.519546 -0.989669 0.468468
v 6.249613 -0.989669 0.468468
v 5.519546 -0.134305 1.142204
v 6.249613 -0.134305 1.142204
v 6.285290 -0.351679 0.916794
v 6.285290 -0.118375 0.984337
v 6.285290 -0.903065 0.167435
v 6.285290 -0.844918 0.403229
v 6.285290 -0.529845 -0.684715
v 6.285290 -0.704982 -0.516541
v 6.285290 0.394790 -0.787628
v 6.285290 0.161546 -0.855263
v 6.285290 0.946224 -0.038307
v 6.285290 0.888089 -0.274124
v 6.285290 0.572955 0.813889
v 6.285290 0.748098 0.645706
v 6.285290 0.124438 0.989204
v 6.285290 0.362005 0.935654
v 6.285290 0.873766 0.437790
v 6.285290 0.946151 0.205269
v 6.285290 -0.727774 0.615967
v 6.285290 -0.562576 0.794945
v 6.285290 -0.830601 -0.308716
v 6.285290 -0.903025 -0.076126
v 6.285290 -0.081291 -0.860077
v 6.285290 -0.318876 -0.806519
v 6.285290 0.770890 -0.486877
v 6.285290 0.605675 -0.665779
v 6.487970 -0.351679 0.916794
v 6.487970 -0.118375 0.984337
v 6.487970 -0.903065 0.167435
v 6.487970 -0.844918 0.403229
v 6.487970 -0.529845 -0.684715
v 6.487970 -0.704982 -0.516541
v 6.487970 0.394790 -0.787628
v 6.487970 0.161546 -0.855263
v 6.487970 0.946224 -0.038307
v 6.487970 0.888089 -0.274124
v 6.487970 0.572955 0.813889
v 6.487970 0.748098 0.645706
v 6.487970 0.124438 0.989204
v 6.487970 0.362005 0.935654
v 6.487970 0.873766 0.437790
v 6.487970 0.946151 0.205269
v 6.487970 -0.727774 0.615967
v 6.487970 -0.562576 0.794945
v 6.487970 -0.830601 -0.308716
v 6.487970 -0.903025 -0.076126
v 6.487970 -0.081291 -0.860077
v 6.487970 -0.318876 -0.806519
v 6.487970 0.770890 -0.486877
v 6.487970 0.605675 -0.665779
v 6.487970 -0.210922 0.595390
v 6.487970 -0.065590 0.637421
v 6.487970 -0.554351 0.128593
v 6.487970 -0.518140 0.275513
v 6.487970 -0.321882 -0.402153
v 6.487970 -0.430973 -0.297417
v 6.487970 0.254040 -0.466232
v 6.487970 0.108754 -0.508362
v 6.487970 0.597516 0.000496
v 6.487970 0.561308 -0.146385
v 6.487970 0.365021 0.531311
v 6.487970 0.474105 0.426544
v 6.487970 0.085651 0.640495
v 6.487970 0.233622 0.607109
v 6.487970 0.552382 0.297058
v 6.487970 0.597466 0.152184
v 6.487970 -0.445170 0.408012
v 6.487970 -0.342274 0.519485
v 6.487970 -0.509218 -0.167961
v 6.487970 -0.554325 -0.023087
v 6.487970 -0.042495 -0.511375
v 6.487970 -0.190483 -0.477997
v 6.487970 0.488293 -0.278908
v 6.487970 0.385392 -0.390366
v 6.739388 -0.210922 0.595390
v 6.739388 -0.065590 0.637421
v 6.739388 -0.554351 0.128593
v 6.739388 -0.518140 0.275513
v 6.739388 -0.321882 -0.402153
v 6.739388 -0.430973 -0.297417
v 6.739388 0.254040 -0.466232
v 6.739388 0.108754 -0.508362
v 6.739388 0.597516 0.000496
v 6.739388 0.561308 -0.146385
v 6.739388 0.365021 0.531311
v 6.739388 0.474105 0.426544
v 6.739388 0.085651 0.640495
v 6.739388 0.233622 0.607109
v 6.739388 0.552382 0.297058
v 6.739388 0.597466 0.152184
v 6.739388 -0.445170 0.408012
v 6.739388 -0.342274 0.519485
v 6.739388 -0.509218 -0.167961
v 6.739388 -0.554325 -0.023087
v 6.739388 -0.042495 -0.511375
v 6.739388 -0.190483 -0.477997
v 6.739388 0.488293 -0.278908
v 6.739388 0.385392 -0.390366
v 6.786250 -0.242943 0.668518
v 6.786250 -0.077602 0.716370
v 6.786250 -0.633684 0.137421
v 6.786250 -0.592485 0.304573
v 6.786250 -0.369186 -0.466438
v 6.786250 -0.493305 -0.347260
v 6.786250 0.286062 -0.539322
v 6.786250 0.120771 -0.587311
v 6.786250 0.676842 -0.008331
v 6.786250 0.635651 -0.175461
v 6.786250 0.412331 0.595589
v 6.786250 0.536444 0.476357
v 6.786250 0.094468 0.719818
v 6.786250 0.262829 0.681885
v 6.786250 0.625499 0.329056
v 6.786250 0.676788 0.164253
v 6.786250 -0.509465 0.455322
v 6.786250 -0.392398 0.582153
v 6.786250 -0.582333 -0.199966
v 6.786250 -0.633654 -0.035156
v 6.786250 -0.051315 -0.590736
v 6.786250 -0.219696 -0.552719
v 6.786250 0.552590 -0.326195
v 6.786250 0.435507 -0.453033
v 7.601348 -0.242943 0.668518
v 7.601348 -0.077602 0.716370
v 7.601348 -0.633684 0.137421
v 7.601348 -0.592485 0.304573
v 7.601348 -0.369186 -0.466438
v 7.601348 -0.493305 -0.347260
v 7.601348 0.286062 -0.539322
v 7.601348 0.120771 -0.587311
v 7.601348 0.676842 -0.008331
v 7.601348 0.635651 -0.175461
v 7.601348 0.412331 0.595589
v 7.601348 0.536444 0.476357
v 7.601348 0.094468 0.719818
v 7.601348 0.262829 0.681885
v 7.601348 0.625499 0.329056
v 7.601348 0.676788 0.164253
v 7.601348 -0.509465 0.455322
v 7.601348 -0.392398 0.582153
v 7.601348 -0.582333 -0.199966
v 7.601348 -0.633654 -0.035156
v 7.601348 -0.051315 -0.590736
v 7.601348 -0.219696 -0.552719
v 7.601348 0.552590 -0.326195
v 7.601348 0.435507 -0.453033
v 7.687289 -0.207029 0.586525
v 7.687289 -0.064135 0.627853
v 7.687289 -0.544725 0.127541
v 7.687289 -0.509119 0.271988
v 7.687289 -0.316139 -0.394356
v 7.687289 -0.423407 -0.291336
v 7.687289 0.250158 -0.457367
v 7.687289 0.107301 -0.498802
v 7.687289 0.587887 0.001564
v 7.687289 0.552285 -0.142860
v 7.687289 0.359280 0.523506
v 7.687289 0.466544 0.420479
v 7.687289 0.084572 0.630852
v 7.687289 0.230079 0.598068
v 7.687289 0.543511 0.293152
v 7.687289 0.587838 0.150719
v 7.687289 -0.437376 0.402290
v 7.687289 -0.336197 0.511894
v 7.687289 -0.500349 -0.164055
v 7.687289 -0.544703 -0.021622
v 7.687289 -0.041423 -0.501755
v 7.687289 -0.186941 -0.468918
v 7.687289 0.480497 -0.273148
v 7.687289 0.379319 -0.382790
v 7.687289 -0.071653 0.277420
v 7.687289 -0.013376 0.294289
v 7.687289 -0.209381 0.090233
v 7.687289 -0.194862 0.149139
v 7.687289 -0.116155 -0.122620
v 7.687289 -0.159906 -0.080597
v 7.687289 0.114805 -0.148308
v 7.687289 0.056545 -0.165207
v 7.687289 0.252539 0.038872
v 7.687289 0.238023 -0.020035
v 7.687289 0.159306 0.251724
v 7.687289 0.203059 0.209709
v 7.687289 0.047271 0.295517
v 7.687289 0.106619 0.282143
v 7.687289 0.234446 0.157791
v 7.687289 0.252523 0.099686
v 7.687289 -0.165599 0.202293
v 7.687289 -0.124336 0.246994
v 7.687289 -0.191283 -0.028694
v 7.687289 -0.209372 0.029411
v 7.687289 -0.004114 -0.166405
v 7.687289 -0.063463 -0.153030
v 7.687289 0.208743 -0.073181
v 7.687289 0.167481 -0.117889
v 5.477510 0.840945 -0.391296
v 5.402646 0.840949 -0.391304
v 5.402632 1.087842 0.846489
v 5.477497 1.087841 0.846481
v 5.477497 1.085031 0.857956
v 5.402632 1.085034 0.857956
v 5.402633 0.929921 1.050941
v 5.477498 0.929919 1.050934
v 5.477498 -0.354844 1.079880
v 5.402633 -0.354841 1.079865
v 5.400966 -1.040453 0.530312
v 5.475830 -1.040454 0.530304
v 5.475827 -1.044747 0.519279
v 5.400964 -1.044742 0.519302
v 5.402635 -0.881201 -0.551758
v 5.477500 -0.881184 -0.551758
v 5.477510 -0.873806 -0.560989
v 5.402646 -0.873817 -0.560982
v 5.402646 0.135514 -0.954521
v 5.477510 0.135501 -0.954491
v 5.477510 0.147171 -0.952721
v 5.402646 0.147176 -0.952728
v 5.402646 0.834826 -0.401405
v 5.477510 0.834820 -0.401398
v 5.477498 0.919333 1.056122
v 5.402633 0.919338 1.056114
v 5.402646 -0.343668 1.083679
v 5.477510 -0.343671 1.083694
v 5.489963 0.633265 0.520943
v 5.489973 0.492868 -0.197632
v 5.489963 0.544049 0.631943
v 5.489004 -0.591798 0.326111
v 5.489964 -0.194958 0.648628
v 5.489973 -0.493478 -0.295227
v 5.489973 0.093806 -0.520599
v 5.389519 0.099570 -0.567261
v 5.389519 0.530462 -0.218575
v 5.389511 0.682058 0.557312
v 5.389512 0.579143 0.680397
v 5.389512 -0.212221 0.695145
v 5.388474 -0.640694 0.347000
v 5.389519 -0.534541 -0.323929
vt 0.263957 0.469462
vt 0.262987 0.469462
vt 0.262987 0.463171
vt 0.263957 0.463171
vt 0.262237 0.469460
vt 0.262231 0.463171
vt 0.262991 0.456881
vt 0.263957 0.456880
vt 0.262233 0.456881
vt 0.262984 0.450590
vt 0.263957 0.450590
vt 0.262221 0.450590
vt 0.262990 0.444300
vt 0.263957 0.444300
vt 0.262240 0.444300
vt 0.262984 0.438010
vt 0.263957 0.438010
vt 0.262222 0.438010
vt 0.262987 0.431720
vt 0.263957 0.431720
vt 0.262230 0.431719
vt 0.262991 0.425428
vt 0.263957 0.425428
vt 0.262233 0.425428
vt 0.262987 0.419138
vt 0.263957 0.419137
vt 0.262237 0.419138
vt 0.262989 0.412847
vt 0.263957 0.412846
vt 0.262230 0.412849
vt 0.262977 0.406526
vt 0.263957 0.406478
vt 0.262219 0.406636
vt 0.263958 0.532443
vt 0.262976 0.532397
vt 0.262994 0.526076
vt 0.263958 0.526078
vt 0.262219 0.532286
vt 0.262241 0.526073
vt 0.262989 0.519784
vt 0.263958 0.519784
vt 0.262225 0.519784
vt 0.262985 0.513493
vt 0.263958 0.513494
vt 0.262229 0.513494
vt 0.262991 0.507203
vt 0.263957 0.507203
vt 0.262240 0.507203
vt 0.262984 0.500914
vt 0.263957 0.500914
vt 0.262229 0.500914
vt 0.262987 0.494623
vt 0.263957 0.494624
vt 0.262224 0.494623
vt 0.262991 0.488333
vt 0.263957 0.488333
vt 0.262233 0.488333
vt 0.262987 0.482042
vt 0.263958 0.482042
vt 0.262237 0.482043
vt 0.262985 0.475752
vt 0.263958 0.475752
vt 0.262222 0.475752
vt 0.264926 0.469462
vt 0.264929 0.475751
vt 0.265677 0.469460
vt 0.265691 0.475751
vt 0.264926 0.463171
vt 0.265683 0.463171
vt 0.264923 0.456881
vt 0.265680 0.456881
vt 0.264929 0.450590
vt 0.265692 0.450590
vt 0.264922 0.444300
vt 0.265673 0.444300
vt 0.264928 0.438010
vt 0.265691 0.438010
vt 0.264926 0.431720
vt 0.265682 0.431717
vt 0.264922 0.425428
vt 0.265680 0.425428
vt 0.264926 0.419138
vt 0.265675 0.419138
vt 0.264923 0.412847
vt 0.265683 0.412849
vt 0.264935 0.406526
vt 0.265693 0.406636
vt 0.265697 0.532286
vt 0.264938 0.532397
vt 0.264920 0.526075
vt 0.265674 0.526073
vt 0.264926 0.519784
vt 0.265689 0.519784
vt 0.264929 0.513493
vt 0.265685 0.513494
vt 0.264923 0.507203
vt 0.265673 0.507203
vt 0.264930 0.500914
vt 0.265687 0.500914
vt 0.264927 0.494623
vt 0.265690 0.494623
vt 0.264923 0.488333
vt 0.265680 0.488333
vt 0.264926 0.482042
vt 0.265676 0.482043
vt 0.248629 0.648145
vt 0.248629 0.651439
vt 0.243110 0.651439
vt 0.243110 0.648145
vt 0.248629 0.661318
vt 0.248629 0.664612
vt 0.243110 0.664612
vt 0.243110 0.661318
vt 0.248630 0.595452
vt 0.248630 0.598745
vt 0.243110 0.598745
vt 0.243110 0.595452
vt 0.248630 0.608626
vt 0.248630 0.611919
vt 0.243110 0.611919
vt 0.243110 0.608626
vt 0.248630 0.621800
vt 0.248630 0.625093
vt 0.243110 0.625093
vt 0.243110 0.621800
vt 0.248630 0.634973
vt 0.248630 0.638266
vt 0.243110 0.638266
vt 0.243110 0.634973
vt 0.248629 0.641559
vt 0.248629 0.644852
vt 0.243110 0.644852
vt 0.243110 0.641559
vt 0.248630 0.628387
vt 0.248630 0.631680
vt 0.243110 0.631680
vt 0.243110 0.628387
vt 0.248629 0.654732
vt 0.248629 0.658025
vt 0.243110 0.658025
vt 0.243110 0.654732
vt 0.248629 0.667907
vt 0.248629 0.671200
vt 0.243110 0.671200
vt 0.243110 0.667907
vt 0.248630 0.602040
vt 0.248630 0.605333
vt 0.243110 0.605333
vt 0.243110 0.602040
vt 0.248630 0.615214
vt 0.248630 0.618507
vt 0.243110 0.618507
vt 0.243110 0.615214
vt 0.248630 0.592161
vt 0.243110 0.592161
vt 0.237099 0.449832
vt 0.237101 0.453202
vt 0.236309 0.453245
vt 0.236309 0.449859
vt 0.237101 0.463350
vt 0.237101 0.466729
vt 0.236309 0.466729
vt 0.236309 0.463349
vt 0.237099 0.395769
vt 0.237099 0.399149
vt 0.236309 0.399148
vt 0.236309 0.395767
vt 0.237099 0.409287
vt 0.237099 0.412667
vt 0.236309 0.412667
vt 0.236309 0.409288
vt 0.237099 0.422806
vt 0.237099 0.426185
vt 0.236309 0.426185
vt 0.236309 0.422805
vt 0.237099 0.436325
vt 0.237099 0.439704
vt 0.236309 0.439703
vt 0.236309 0.436324
vt 0.237099 0.443083
vt 0.237099 0.446461
vt 0.236309 0.446464
vt 0.236309 0.443084
vt 0.237099 0.429565
vt 0.237099 0.432945
vt 0.236309 0.432944
vt 0.236309 0.429565
vt 0.237101 0.456581
vt 0.237101 0.459969
vt 0.236309 0.459970
vt 0.236309 0.456611
vt 0.237101 0.470109
vt 0.237101 0.473489
vt 0.236309 0.473489
vt 0.236309 0.470110
vt 0.237099 0.402528
vt 0.237099 0.405908
vt 0.236309 0.405909
vt 0.236309 0.402528
vt 0.237099 0.416047
vt 0.237099 0.419427
vt 0.236309 0.419425
vt 0.236309 0.416045
vt 0.237099 0.392392
vt 0.236309 0.392392
vt 0.152012 0.218041
vt 0.152016 0.221655
vt 0.150471 0.221729
vt 0.150471 0.218087
vt 0.152016 0.232567
vt 0.152016 0.236197
vt 0.150471 0.236199
vt 0.150471 0.232574
vt 0.152012 0.160008
vt 0.152012 0.163635
vt 0.150471 0.163635
vt 0.150471 0.160006
vt 0.152012 0.174521
vt 0.152012 0.178149
vt 0.150471 0.178151
vt 0.150471 0.174522
vt 0.152012 0.189035
vt 0.152012 0.192663
vt 0.150471 0.192663
vt 0.150471 0.189035
vt 0.152012 0.203550
vt 0.152012 0.207178
vt 0.150471 0.207176
vt 0.150471 0.203550
vt 0.152012 0.210804
vt 0.152012 0.214428
vt 0.150471 0.214442
vt 0.150471 0.210807
vt 0.152012 0.196290
vt 0.152012 0.199918
vt 0.150471 0.199921
vt 0.150471 0.196292
vt 0.152016 0.225301
vt 0.152016 0.228929
vt 0.150471 0.228956
vt 0.150471 0.225330
vt 0.152016 0.239826
vt 0.152016 0.243456
vt 0.150471 0.243456
vt 0.150471 0.239827
vt 0.152012 0.167263
vt 0.152012 0.170892
vt 0.150471 0.170894
vt 0.150471 0.167265
vt 0.152012 0.181778
vt 0.152012 0.185406
vt 0.150471 0.185406
vt 0.150471 0.181778
vt 0.152012 0.156379
vt 0.150471 0.156379
vt 0.122405 0.140639
vt 0.122405 0.136864
vt 0.141074 0.136864
vt 0.141074 0.140639
vt 0.122405 0.125541
vt 0.122405 0.121765
vt 0.141074 0.121765
vt 0.141074 0.125541
vt 0.122405 0.201032
vt 0.122405 0.197258
vt 0.141074 0.197258
vt 0.141074 0.201032
vt 0.122405 0.185933
vt 0.122405 0.182160
vt 0.141074 0.182160
vt 0.141074 0.185933
vt 0.122405 0.170835
vt 0.122405 0.167061
vt 0.141074 0.167061
vt 0.141074 0.170835
vt 0.122405 0.155736
vt 0.122405 0.151962
vt 0.141074 0.151962
vt 0.141074 0.155736
vt 0.122405 0.148188
vt 0.122405 0.144413
vt 0.141074 0.144413
vt 0.141074 0.148188
vt 0.122405 0.163286
vt 0.122405 0.159511
vt 0.141074 0.159511
vt 0.141074 0.163286
vt 0.122405 0.133089
vt 0.122405 0.129316
vt 0.141074 0.129316
vt 0.141074 0.133089
vt 0.122405 0.117989
vt 0.122405 0.114215
vt 0.141074 0.114215
vt 0.141074 0.117989
vt 0.122405 0.193483
vt 0.122405 0.189709
vt 0.141074 0.189709
vt 0.141074 0.193483
vt 0.122405 0.178385
vt 0.122405 0.174609
vt 0.141074 0.174609
vt 0.141074 0.178385
vt 0.122405 0.204806
vt 0.141074 0.204806
vt 0.334981 0.553221
vt 0.334981 0.556810
vt 0.333425 0.556917
vt 0.333425 0.553283
vt 0.334981 0.567721
vt 0.334981 0.571340
vt 0.333425 0.571339
vt 0.333425 0.567720
vt 0.334975 0.495352
vt 0.334975 0.498972
vt 0.333425 0.498972
vt 0.333425 0.495354
vt 0.334975 0.509831
vt 0.334975 0.513450
vt 0.333425 0.513447
vt 0.333425 0.509831
vt 0.334975 0.524307
vt 0.334975 0.527925
vt 0.333425 0.527924
vt 0.333425 0.524305
vt 0.334975 0.538784
vt 0.334975 0.542403
vt 0.333425 0.542402
vt 0.333425 0.538783
vt 0.334975 0.546020
vt 0.334975 0.549630
vt 0.333425 0.549647
vt 0.333425 0.546022
vt 0.334975 0.531545
vt 0.334975 0.535165
vt 0.333425 0.535162
vt 0.333425 0.531543
vt 0.334981 0.560447
vt 0.334981 0.564096
vt 0.333425 0.564105
vt 0.333425 0.560511
vt 0.334981 0.574959
vt 0.334981 0.578578
vt 0.333425 0.578578
vt 0.333425 0.574959
vt 0.334975 0.502592
vt 0.334975 0.506211
vt 0.333425 0.506211
vt 0.333425 0.502590
vt 0.334975 0.517069
vt 0.334975 0.520687
vt 0.333425 0.520687
vt 0.333425 0.517069
vt 0.334975 0.491735
vt 0.333425 0.491735
vt 0.103300 0.660037
vt 0.103300 0.662127
vt 0.094017 0.662248
vt 0.094017 0.660110
vt 0.103300 0.668511
vt 0.103300 0.670657
vt 0.094017 0.670735
vt 0.094017 0.668617
vt 0.103300 0.626117
vt 0.103300 0.628264
vt 0.094017 0.628208
vt 0.094017 0.626091
vt 0.103300 0.634659
vt 0.103300 0.636776
vt 0.094017 0.636700
vt 0.094017 0.634573
vt 0.103300 0.643117
vt 0.103300 0.645280
vt 0.094017 0.645195
vt 0.094017 0.643085
vt 0.103300 0.651718
vt 0.103300 0.653828
vt 0.094017 0.653678
vt 0.094017 0.651547
vt 0.103300 0.655913
vt 0.103300 0.657975
vt 0.094017 0.657963
vt 0.094017 0.655816
vt 0.103300 0.647445
vt 0.103300 0.649591
vt 0.094017 0.649422
vt 0.094017 0.647306
vt 0.103300 0.664229
vt 0.103300 0.666362
vt 0.094017 0.666502
vt 0.094017 0.664380
vt 0.103300 0.672810
vt 0.103300 0.674962
vt 0.094017 0.674962
vt 0.094017 0.672848
vt 0.103300 0.630386
vt 0.103300 0.632520
vt 0.094017 0.632454
vt 0.094017 0.630332
vt 0.103300 0.638876
vt 0.103300 0.640982
vt 0.094017 0.640963
vt 0.094017 0.638834
vt 0.103300 0.623974
vt 0.094017 0.623974
vt 0.469652 0.868288
vt 0.470846 0.868165
vt 0.470159 0.873500
vt 0.466731 0.873324
vt 0.508976 0.841592
vt 0.510171 0.841470
vt 0.509482 0.846803
vt 0.506055 0.846628
vt 0.408102 0.907344
vt 0.409294 0.907220
vt 0.408606 0.912556
vt 0.405180 0.912381
vt 0.463314 0.868288
vt 0.464506 0.868165
vt 0.463816 0.873500
vt 0.460392 0.873324
vt 0.419585 0.907342
vt 0.420777 0.907221
vt 0.420089 0.912555
vt 0.416664 0.912379
vt 0.398040 0.883951
vt 0.399233 0.883829
vt 0.398544 0.889163
vt 0.395117 0.888987
vt 0.422663 0.902166
vt 0.399233 0.894501
vt 0.401118 0.899555
vt 0.398040 0.894376
vt 0.401118 0.878773
vt 0.470848 0.878834
vt 0.472730 0.883888
vt 0.469652 0.878712
vt 0.472730 0.863111
vt 0.510171 0.852138
vt 0.512054 0.857193
vt 0.508976 0.852015
vt 0.512054 0.836416
vt 0.409294 0.917890
vt 0.411179 0.922945
vt 0.408102 0.917770
vt 0.411179 0.902166
vt 0.464506 0.878834
vt 0.466391 0.883888
vt 0.463314 0.878712
vt 0.466391 0.863111
vt 0.420778 0.917891
vt 0.422663 0.922946
vt 0.419585 0.917767
vt 0.098210 0.043421
vt 0.098950 0.037444
vt 0.120063 0.038748
vt 0.120063 0.044770
vt 0.122314 0.100231
vt 0.122314 0.106254
vt 0.101202 0.107557
vt 0.100460 0.101580
vt 0.120850 0.016912
vt 0.120850 0.022936
vt 0.099737 0.024239
vt 0.098996 0.018262
vt 0.052241 0.893202
vt 0.052241 0.899226
vt 0.031129 0.900530
vt 0.030388 0.894553
vt 0.097981 0.071482
vt 0.098722 0.065506
vt 0.119833 0.066810
vt 0.119833 0.072832
vt 0.004498 0.894767
vt 0.004498 0.888736
vt 0.025499 0.888924
vt 0.025677 0.894934
vt 0.613336 0.155017
vt 0.613336 0.158984
vt 0.604982 0.158962
vt 0.605161 0.154641
vt 0.613336 0.171528
vt 0.613336 0.175712
vt 0.604982 0.175766
vt 0.604982 0.171569
vt 0.613336 0.087661
vt 0.613336 0.091853
vt 0.605161 0.091890
vt 0.605161 0.087695
vt 0.613336 0.104468
vt 0.613336 0.108658
vt 0.605161 0.108661
vt 0.605161 0.104466
vt 0.613336 0.121252
vt 0.613336 0.125446
vt 0.605161 0.125440
vt 0.605161 0.121246
vt 0.613336 0.138103
vt 0.613336 0.142350
vt 0.605161 0.142153
vt 0.605161 0.137991
vt 0.613336 0.146655
vt 0.613336 0.150896
vt 0.605161 0.150439
vt 0.605161 0.146284
vt 0.613336 0.129656
vt 0.613336 0.133874
vt 0.605161 0.133818
vt 0.605161 0.129631
vt 0.613336 0.163119
vt 0.613336 0.167336
vt 0.604982 0.167376
vt 0.604982 0.163193
vt 0.613336 0.179932
vt 0.613336 0.184142
vt 0.604982 0.184142
vt 0.604982 0.179952
vt 0.613336 0.096071
vt 0.613336 0.100278
vt 0.605161 0.100273
vt 0.605161 0.096077
vt 0.613336 0.112858
vt 0.613336 0.117060
vt 0.605161 0.117054
vt 0.605161 0.112857
vt 0.613336 0.083493
vt 0.605161 0.083493
vt 0.394400 0.917689
vt 0.391607 0.912581
vt 0.395039 0.912491
vt 0.395591 0.917842
vt 0.518688 0.852017
vt 0.515766 0.846980
vt 0.519194 0.846805
vt 0.519882 0.852140
vt 0.457486 0.879399
vt 0.454349 0.874496
vt 0.457764 0.874172
vt 0.458685 0.879470
vt 0.420128 0.894291
vt 0.417341 0.889180
vt 0.420770 0.889097
vt 0.421318 0.894447
vt 0.499006 0.851599
vt 0.496086 0.846563
vt 0.499511 0.846386
vt 0.500200 0.851720
vt 0.451650 0.879564
vt 0.448682 0.874557
vt 0.452107 0.874350
vt 0.452844 0.879675
vt 0.502084 0.856775
vt 0.452745 0.869008
vt 0.451553 0.869142
vt 0.454582 0.863938
vt 0.454774 0.884710
vt 0.395863 0.907175
vt 0.394666 0.907269
vt 0.397873 0.902170
vt 0.397347 0.922942
vt 0.519882 0.841470
vt 0.518689 0.841592
vt 0.521766 0.836415
vt 0.521766 0.857194
vt 0.458221 0.868815
vt 0.457032 0.868988
vt 0.459882 0.863682
vt 0.460785 0.884438
vt 0.421601 0.883781
vt 0.420406 0.883871
vt 0.423619 0.878778
vt 0.423069 0.899550
vt 0.500200 0.841051
vt 0.499006 0.841175
vt 0.502084 0.835998
vt 0.298714 0.297986
vt 0.306919 0.297564
vt 0.306919 0.301741
vt 0.298714 0.302180
vt 0.298714 0.314593
vt 0.306919 0.314411
vt 0.306919 0.318642
vt 0.298714 0.318712
vt 0.298687 0.230572
vt 0.306919 0.230626
vt 0.306919 0.234823
vt 0.298687 0.234756
vt 0.298687 0.247385
vt 0.306919 0.247392
vt 0.306919 0.251584
vt 0.298687 0.251578
vt 0.298687 0.264180
vt 0.306919 0.264167
vt 0.306919 0.268358
vt 0.298687 0.268376
vt 0.298687 0.281029
vt 0.306919 0.280910
vt 0.306919 0.285087
vt 0.298687 0.285252
vt 0.298687 0.289518
vt 0.306919 0.289240
vt 0.306919 0.293416
vt 0.298687 0.293751
vt 0.298687 0.272590
vt 0.306919 0.272547
vt 0.306919 0.276735
vt 0.298687 0.276806
vt 0.298714 0.306397
vt 0.306919 0.305911
vt 0.306919 0.310152
vt 0.298714 0.310512
vt 0.298714 0.322892
vt 0.306919 0.322852
vt 0.306919 0.327065
vt 0.298714 0.327065
vt 0.298687 0.238978
vt 0.306919 0.239009
vt 0.306919 0.243199
vt 0.298687 0.243191
vt 0.298687 0.255782
vt 0.306919 0.255780
vt 0.306919 0.259975
vt 0.298687 0.259985
vt 0.298687 0.226415
vt 0.306919 0.226415
vt 0.004498 0.883017
vt 0.025499 0.883017
vt 0.098210 0.049444
vt 0.119320 0.050748
vt 0.118550 0.056519
vt 0.098263 0.055266
vt 0.099720 0.031673
vt 0.120008 0.032926
vt 0.121572 0.094255
vt 0.100460 0.095557
vt 0.100515 0.089736
vt 0.120802 0.088483
vt 0.122259 0.112075
vt 0.101972 0.113329
vt 0.120108 0.010936
vt 0.098996 0.012239
vt 0.099050 0.006418
vt 0.119337 0.005165
vt 0.120795 0.028756
vt 0.100507 0.030011
vt 0.051501 0.887227
vt 0.030388 0.888531
vt 0.030442 0.882709
vt 0.050730 0.881456
vt 0.052187 0.905047
vt 0.031900 0.906301
vt 0.097981 0.077506
vt 0.119093 0.078811
vt 0.118322 0.084580
vt 0.098035 0.083327
vt 0.099492 0.059736
vt 0.119780 0.060987
vt 0.004498 0.900818
vt 0.025677 0.900923
vt 0.025677 0.906684
vt 0.004498 0.906684
vt 0.395117 0.889340
vt 0.448678 0.874204
vt 0.416664 0.912732
vt 0.496086 0.846210
vt 0.460392 0.873677
vt 0.417350 0.888829
vt 0.405180 0.912732
vt 0.454333 0.874144
vt 0.506055 0.846980
vt 0.515766 0.846628
vt 0.466731 0.873675
vt 0.391616 0.912228
vt 0.609630 0.057949
vt 0.609983 0.057949
vt 0.609983 0.078294
vt 0.609630 0.078294
vt 0.611833 0.057987
vt 0.612185 0.057987
vt 0.612185 0.078332
vt 0.611833 0.078332
vt 0.608039 0.028229
vt 0.608392 0.028229
vt 0.608392 0.048571
vt 0.608039 0.048571
vt 0.608039 0.057956
vt 0.608392 0.057956
vt 0.608392 0.078267
vt 0.608039 0.078267
vt 0.608039 0.005531
vt 0.608392 0.005531
vt 0.608392 0.025876
vt 0.608039 0.025876
vt 0.140754 0.220733
vt 0.141108 0.220733
vt 0.141108 0.241043
vt 0.140754 0.241043
vt 0.532238 0.866240
vt 0.533430 0.866118
vt 0.532743 0.871453
vt 0.529315 0.871276
vt 0.414783 0.883952
vt 0.415978 0.883829
vt 0.415289 0.889164
vt 0.411861 0.888988
vt 0.527581 0.841592
vt 0.528775 0.841471
vt 0.528086 0.846804
vt 0.524659 0.846629
vt 0.491589 0.841593
vt 0.492784 0.841471
vt 0.492094 0.846805
vt 0.488669 0.846629
vt 0.404202 0.883951
vt 0.405395 0.883829
vt 0.404706 0.889164
vt 0.401280 0.888987
vt 0.409913 0.883951
vt 0.411108 0.883830
vt 0.410419 0.889164
vt 0.406992 0.888987
vt 0.407278 0.878775
vt 0.411108 0.894500
vt 0.412990 0.899554
vt 0.409914 0.894378
vt 0.412990 0.878775
vt 0.533432 0.876786
vt 0.535313 0.881841
vt 0.532238 0.876664
vt 0.535313 0.861064
vt 0.415978 0.894498
vt 0.417860 0.899554
vt 0.414784 0.894375
vt 0.417860 0.878775
vt 0.528775 0.852138
vt 0.530658 0.857193
vt 0.527580 0.852016
vt 0.530658 0.836416
vt 0.492782 0.852139
vt 0.494667 0.857193
vt 0.491590 0.852017
vt 0.494667 0.836415
vt 0.405395 0.894500
vt 0.407278 0.899554
vt 0.404202 0.894376
vt 0.074814 0.893321
vt 0.074814 0.899341
vt 0.057968 0.900383
vt 0.057227 0.894406
vt 0.141456 0.071283
vt 0.141456 0.077305
vt 0.124610 0.078346
vt 0.123870 0.072369
vt 0.101482 0.891933
vt 0.101482 0.897955
vt 0.084634 0.898997
vt 0.083894 0.893019
vt 0.140241 0.044684
vt 0.140241 0.050707
vt 0.123395 0.051749
vt 0.122653 0.045770
vt 0.124036 0.016915
vt 0.124776 0.010940
vt 0.141623 0.011979
vt 0.141623 0.018002
vt 0.124458 0.099079
vt 0.125198 0.093101
vt 0.142045 0.094143
vt 0.142045 0.100166
vt 0.476239 0.878672
vt 0.473384 0.873598
vt 0.476813 0.873465
vt 0.477430 0.878810
vt 0.413792 0.917564
vt 0.411194 0.912356
vt 0.414625 0.912393
vt 0.414976 0.917762
vt 0.481440 0.852016
vt 0.478519 0.846981
vt 0.481944 0.846806
vt 0.482634 0.852138
vt 0.387811 0.917689
vt 0.385019 0.912580
vt 0.388447 0.912492
vt 0.389002 0.917841
vt 0.525768 0.876569
vt 0.523001 0.871447
vt 0.526430 0.871373
vt 0.526958 0.876727
vt 0.401398 0.917689
vt 0.398605 0.912581
vt 0.402035 0.912491
vt 0.402590 0.917841
vt 0.528688 0.881836
vt 0.402859 0.907175
vt 0.401663 0.907266
vt 0.404871 0.902170
vt 0.404344 0.922942
vt 0.477573 0.868141
vt 0.476378 0.868248
vt 0.479523 0.863110
vt 0.479248 0.883889
vt 0.415647 0.907114
vt 0.414448 0.907162
vt 0.417845 0.902187
vt 0.416539 0.922925
vt 0.482633 0.841472
vt 0.481440 0.841593
vt 0.484518 0.836415
vt 0.484518 0.857193
vt 0.389271 0.907175
vt 0.388077 0.907267
vt 0.391285 0.902170
vt 0.390757 0.922942
vt 0.527281 0.866063
vt 0.526085 0.866150
vt 0.529317 0.861069
vt 0.374102 0.604653
vt 0.382283 0.605115
vt 0.382283 0.609327
vt 0.373880 0.608801
vt 0.373880 0.621668
vt 0.382283 0.621741
vt 0.382283 0.625908
vt 0.373880 0.625908
vt 0.374102 0.537795
vt 0.382283 0.537857
vt 0.382283 0.542053
vt 0.374102 0.541984
vt 0.374102 0.554613
vt 0.382283 0.554620
vt 0.382283 0.558812
vt 0.374102 0.558803
vt 0.374102 0.571385
vt 0.382283 0.571402
vt 0.382283 0.575602
vt 0.374102 0.575567
vt 0.374102 0.588082
vt 0.382283 0.588231
vt 0.382283 0.592439
vt 0.374102 0.592239
vt 0.374102 0.596367
vt 0.382283 0.596677
vt 0.382283 0.600878
vt 0.374102 0.600546
vt 0.374102 0.579750
vt 0.382283 0.579806
vt 0.382283 0.584011
vt 0.374102 0.583933
vt 0.373880 0.613098
vt 0.382283 0.613463
vt 0.382283 0.617586
vt 0.373880 0.617414
vt 0.374102 0.529442
vt 0.382283 0.529450
vt 0.382283 0.533652
vt 0.374102 0.533633
vt 0.374102 0.546206
vt 0.382283 0.546238
vt 0.382283 0.550429
vt 0.374102 0.550418
vt 0.374102 0.563002
vt 0.382283 0.563009
vt 0.382283 0.567206
vt 0.374102 0.567201
vt 0.374102 0.525249
vt 0.382283 0.525249
vt 0.125968 0.087331
vt 0.141990 0.088321
vt 0.074073 0.887343
vt 0.057227 0.888384
vt 0.057282 0.882560
vt 0.073303 0.881571
vt 0.074760 0.905164
vt 0.058738 0.906153
vt 0.140716 0.065306
vt 0.123870 0.066347
vt 0.123924 0.060524
vt 0.139945 0.059534
vt 0.141403 0.083127
vt 0.125380 0.084115
vt 0.100740 0.885956
vt 0.083894 0.886997
vt 0.083949 0.881174
vt 0.099970 0.880185
vt 0.101427 0.903778
vt 0.085406 0.904767
vt 0.139499 0.038708
vt 0.122653 0.039747
vt 0.122708 0.033926
vt 0.138729 0.032938
vt 0.140186 0.056529
vt 0.124165 0.057520
vt 0.124036 0.022940
vt 0.140882 0.023981
vt 0.140111 0.029750
vt 0.124089 0.028760
vt 0.125546 0.005169
vt 0.141568 0.006159
vt 0.124458 0.105102
vt 0.141303 0.106142
vt 0.140533 0.111912
vt 0.124512 0.110924
vt 0.406992 0.889340
vt 0.398615 0.912228
vt 0.401280 0.889339
vt 0.523012 0.871096
vt 0.488668 0.846980
vt 0.385027 0.912228
vt 0.524659 0.846980
vt 0.478519 0.846628
vt 0.411861 0.889342
vt 0.411214 0.912003
vt 0.529316 0.871628
vt 0.473390 0.873245
vt 0.140741 0.245827
vt 0.141093 0.245827
vt 0.141093 0.261894
vt 0.140741 0.261894
vt 0.614783 0.008336
vt 0.615136 0.008336
vt 0.615136 0.024400
vt 0.614783 0.024400
vt 0.143567 0.246548
vt 0.143919 0.246548
vt 0.143919 0.262616
vt 0.143567 0.262616
vt 0.143314 0.266337
vt 0.143666 0.266337
vt 0.143666 0.282406
vt 0.143314 0.282406
vt 0.612080 0.008108
vt 0.612434 0.008108
vt 0.612434 0.024157
vt 0.612080 0.024157
vt 0.140496 0.265920
vt 0.140849 0.265920
vt 0.140849 0.281988
vt 0.140496 0.281988
vt 0.194813 0.233429
vt 0.194813 0.228084
vt 0.194962 0.228087
vt 0.194962 0.233429
vt 0.194813 0.212040
vt 0.194813 0.206662
vt 0.194962 0.206683
vt 0.194962 0.212040
vt 0.194813 0.318972
vt 0.194813 0.313631
vt 0.194962 0.313632
vt 0.194962 0.318972
vt 0.194813 0.297585
vt 0.194813 0.292244
vt 0.194962 0.292245
vt 0.194962 0.297585
vt 0.194813 0.276201
vt 0.194813 0.270857
vt 0.194962 0.270859
vt 0.194962 0.276201
vt 0.194813 0.254812
vt 0.194813 0.249471
vt 0.194962 0.249471
vt 0.194962 0.254812
vt 0.194813 0.244120
vt 0.194813 0.238770
vt 0.194962 0.238769
vt 0.194962 0.244119
vt 0.194813 0.265507
vt 0.194813 0.260157
vt 0.194962 0.260155
vt 0.194962 0.265507
vt 0.194813 0.222734
vt 0.194813 0.217382
vt 0.194962 0.217381
vt 0.194962 0.222734
vt 0.194813 0.329665
vt 0.194813 0.324315
vt 0.194962 0.324313
vt 0.194962 0.329665
vt 0.194813 0.308280
vt 0.194813 0.302928
vt 0.194962 0.302927
vt 0.194962 0.308279
vt 0.194813 0.286893
vt 0.194813 0.281544
vt 0.194962 0.281543
vt 0.194962 0.286893
vt 0.194813 0.335020
vt 0.194962 0.335020
vt 0.251232 0.255130
vt 0.251232 0.249790
vt 0.255688 0.249790
vt 0.255688 0.255130
vt 0.251232 0.233740
vt 0.251232 0.228400
vt 0.255688 0.228400
vt 0.255688 0.233740
vt 0.251232 0.340690
vt 0.251232 0.335352
vt 0.255688 0.335352
vt 0.255688 0.340690
vt 0.251232 0.319300
vt 0.251232 0.313961
vt 0.255688 0.313961
vt 0.255688 0.319300
vt 0.251232 0.297911
vt 0.251232 0.292571
vt 0.255688 0.292571
vt 0.255688 0.297911
vt 0.251232 0.276519
vt 0.251232 0.271180
vt 0.255688 0.271180
vt 0.255688 0.276519
vt 0.251232 0.265825
vt 0.251232 0.260470
vt 0.255688 0.260470
vt 0.255688 0.265825
vt 0.251232 0.287215
vt 0.251232 0.281860
vt 0.255688 0.281860
vt 0.255688 0.287215
vt 0.251232 0.244435
vt 0.251232 0.239079
vt 0.255688 0.239079
vt 0.255688 0.244435
vt 0.251232 0.351386
vt 0.251232 0.346030
vt 0.255688 0.346030
vt 0.255688 0.351386
vt 0.251232 0.329996
vt 0.251232 0.324641
vt 0.255688 0.324641
vt 0.255688 0.329996
vt 0.251232 0.308606
vt 0.251232 0.303251
vt 0.255688 0.303251
vt 0.255688 0.308606
vt 0.251232 0.356741
vt 0.255688 0.356741
vt 0.355914 0.516581
vt 0.355947 0.512260
vt 0.363826 0.512671
vt 0.363826 0.516778
vt 0.355947 0.499801
vt 0.355947 0.495720
vt 0.363826 0.495720
vt 0.363826 0.499984
vt 0.355914 0.583970
vt 0.355914 0.579757
vt 0.363826 0.579783
vt 0.363826 0.583968
vt 0.355914 0.567153
vt 0.355914 0.562940
vt 0.363826 0.562966
vt 0.363826 0.567153
vt 0.355914 0.550339
vt 0.355914 0.546126
vt 0.363826 0.546150
vt 0.363826 0.550337
vt 0.355914 0.533529
vt 0.355914 0.529316
vt 0.363826 0.529330
vt 0.363826 0.533514
vt 0.355914 0.525111
vt 0.355914 0.520865
vt 0.363826 0.520923
vt 0.363826 0.525114
vt 0.355914 0.541933
vt 0.355914 0.537742
vt 0.363826 0.537705
vt 0.363826 0.541927
vt 0.355947 0.508004
vt 0.355947 0.503902
vt 0.363826 0.504234
vt 0.363826 0.508504
vt 0.355914 0.592385
vt 0.355914 0.588186
vt 0.363826 0.588152
vt 0.363826 0.592372
vt 0.355914 0.575561
vt 0.355914 0.571367
vt 0.363826 0.571341
vt 0.363826 0.575561
vt 0.355914 0.558746
vt 0.355914 0.554553
vt 0.363826 0.554524
vt 0.363826 0.558746
vt 0.355914 0.596589
vt 0.363826 0.596589
vt 0.545301 0.868318
vt 0.545301 0.871645
vt 0.539774 0.871645
vt 0.539774 0.868318
vt 0.545301 0.881641
vt 0.545301 0.884969
vt 0.539774 0.884969
vt 0.539774 0.881641
vt 0.545301 0.815025
vt 0.545301 0.818351
vt 0.539774 0.818351
vt 0.539774 0.815025
vt 0.545301 0.828348
vt 0.545301 0.831675
vt 0.539774 0.831675
vt 0.539774 0.828348
vt 0.545301 0.841671
vt 0.545301 0.844998
vt 0.539774 0.844998
vt 0.539774 0.841671
vt 0.545301 0.854996
vt 0.545301 0.858322
vt 0.539774 0.858322
vt 0.539774 0.854996
vt 0.545301 0.861657
vt 0.545301 0.864993
vt 0.539774 0.864993
vt 0.539774 0.861657
vt 0.545301 0.848333
vt 0.545301 0.851669
vt 0.539774 0.851669
vt 0.539774 0.848333
vt 0.545301 0.874981
vt 0.545301 0.878316
vt 0.539774 0.878316
vt 0.539774 0.874981
vt 0.545301 0.808363
vt 0.545301 0.811700
vt 0.539774 0.811700
vt 0.539774 0.808363
vt 0.545301 0.821687
vt 0.545301 0.825023
vt 0.539774 0.825023
vt 0.539774 0.821687
vt 0.545301 0.835010
vt 0.545301 0.838345
vt 0.539774 0.838345
vt 0.539774 0.835010
vt 0.545301 0.805028
vt 0.539774 0.805028
vt 0.147754 0.223720
vt 0.147754 0.227233
vt 0.145708 0.227169
vt 0.145722 0.223605
vt 0.147754 0.237835
vt 0.147754 0.241376
vt 0.145708 0.241376
vt 0.145708 0.237839
vt 0.147754 0.167009
vt 0.147754 0.170542
vt 0.145722 0.170558
vt 0.145722 0.167014
vt 0.147754 0.181182
vt 0.147754 0.184714
vt 0.145722 0.184728
vt 0.145722 0.181182
vt 0.147754 0.195353
vt 0.147754 0.198884
vt 0.145722 0.198898
vt 0.145722 0.195353
vt 0.147754 0.209539
vt 0.147754 0.213079
vt 0.145722 0.213032
vt 0.145722 0.209500
vt 0.147754 0.216656
vt 0.147754 0.220203
vt 0.145722 0.220058
vt 0.145722 0.216524
vt 0.147754 0.202439
vt 0.147754 0.205997
vt 0.145722 0.205970
vt 0.145722 0.202436
vt 0.147754 0.230761
vt 0.147754 0.234304
vt 0.145708 0.234292
vt 0.145708 0.230739
vt 0.147754 0.159926
vt 0.147754 0.163478
vt 0.145722 0.163468
vt 0.145722 0.159925
vt 0.147754 0.174096
vt 0.147754 0.177650
vt 0.145722 0.177635
vt 0.145722 0.174096
vt 0.147754 0.188267
vt 0.147754 0.191821
vt 0.145722 0.191806
vt 0.145722 0.188267
vt 0.147754 0.156379
vt 0.145722 0.156379
vt 0.106738 0.730209
vt 0.106738 0.726424
vt 0.124660 0.726424
vt 0.124660 0.730209
vt 0.106738 0.715050
vt 0.106738 0.711264
vt 0.124660 0.711264
vt 0.124660 0.715050
vt 0.106738 0.790843
vt 0.106738 0.787060
vt 0.124660 0.787060
vt 0.124660 0.790843
vt 0.106738 0.775684
vt 0.106738 0.771900
vt 0.124660 0.771900
vt 0.124660 0.775684
vt 0.106738 0.760526
vt 0.106738 0.756741
vt 0.124660 0.756741
vt 0.124660 0.760526
vt 0.106738 0.745367
vt 0.106738 0.741583
vt 0.124660 0.741583
vt 0.124660 0.745367
vt 0.106738 0.737787
vt 0.106738 0.733992
vt 0.124660 0.733992
vt 0.124660 0.737787
vt 0.106738 0.752947
vt 0.106738 0.749151
vt 0.124660 0.749151
vt 0.124660 0.752947
vt 0.106738 0.722628
vt 0.106738 0.718834
vt 0.124660 0.718834
vt 0.124660 0.722628
vt 0.106738 0.798423
vt 0.106738 0.794627
vt 0.124660 0.794627
vt 0.124660 0.798423
vt 0.106738 0.783265
vt 0.106738 0.779468
vt 0.124660 0.779468
vt 0.124660 0.783265
vt 0.106738 0.768105
vt 0.106738 0.764310
vt 0.124660 0.764310
vt 0.124660 0.768105
vt 0.106738 0.802216
vt 0.124660 0.802217
vt 0.326378 0.620138
vt 0.326378 0.623535
vt 0.323679 0.623153
vt 0.323679 0.619650
vt 0.326378 0.633869
vt 0.326378 0.637384
vt 0.323679 0.637384
vt 0.323679 0.633866
vt 0.326420 0.563590
vt 0.326420 0.567113
vt 0.323679 0.567099
vt 0.323679 0.563590
vt 0.326420 0.577671
vt 0.326420 0.581194
vt 0.323679 0.581180
vt 0.323679 0.577671
vt 0.326420 0.591751
vt 0.326420 0.595276
vt 0.323679 0.595262
vt 0.323679 0.591753
vt 0.326420 0.605838
vt 0.326420 0.609363
vt 0.323679 0.609338
vt 0.323679 0.605831
vt 0.326420 0.612906
vt 0.326420 0.616504
vt 0.323679 0.616312
vt 0.323679 0.612851
vt 0.326420 0.598793
vt 0.326420 0.602313
vt 0.323679 0.602322
vt 0.323679 0.598792
vt 0.326378 0.626902
vt 0.326378 0.630363
vt 0.323679 0.630346
vt 0.323679 0.626775
vt 0.326420 0.556548
vt 0.326420 0.560066
vt 0.323679 0.560082
vt 0.323679 0.556552
vt 0.326420 0.570631
vt 0.326420 0.574148
vt 0.323679 0.574163
vt 0.323679 0.570629
vt 0.326420 0.584711
vt 0.326420 0.588228
vt 0.323679 0.588243
vt 0.323679 0.584711
vt 0.326420 0.553024
vt 0.323679 0.553024
vt 0.228988 0.231926
vt 0.228988 0.229871
vt 0.237133 0.229822
vt 0.237133 0.231909
vt 0.228988 0.223580
vt 0.228988 0.221506
vt 0.237186 0.221506
vt 0.237186 0.223585
vt 0.228988 0.265196
vt 0.228988 0.263127
vt 0.237133 0.263172
vt 0.237133 0.265255
vt 0.228988 0.256896
vt 0.228988 0.254812
vt 0.237133 0.254836
vt 0.237133 0.256911
vt 0.228988 0.248558
vt 0.228988 0.246469
vt 0.237133 0.246508
vt 0.237133 0.248583
vt 0.228988 0.240211
vt 0.228988 0.238129
vt 0.237133 0.238182
vt 0.237133 0.240258
vt 0.228988 0.236050
vt 0.228988 0.233978
vt 0.237133 0.233998
vt 0.237133 0.236091
vt 0.228988 0.244383
vt 0.228988 0.242301
vt 0.237133 0.242332
vt 0.237133 0.244422
vt 0.228988 0.227781
vt 0.228988 0.225674
vt 0.237186 0.225656
vt 0.237186 0.227735
vt 0.228988 0.269390
vt 0.228988 0.267286
vt 0.237133 0.267328
vt 0.237133 0.269410
vt 0.228988 0.261054
vt 0.228988 0.258980
vt 0.237133 0.258987
vt 0.237133 0.261080
vt 0.228988 0.252730
vt 0.228988 0.250648
vt 0.237133 0.250657
vt 0.237133 0.252746
vt 0.228988 0.271492
vt 0.237133 0.271492
vt 0.550112 0.684960
vt 0.548778 0.684963
vt 0.548663 0.583831
vt 0.549971 0.583827
vt 0.544768 0.684966
vt 0.543434 0.684966
vt 0.543434 0.583834
vt 0.544742 0.583834
vt 0.571483 0.684878
vt 0.570149 0.684886
vt 0.569578 0.583755
vt 0.570886 0.583747
vt 0.566140 0.684908
vt 0.564806 0.684914
vt 0.564350 0.583783
vt 0.565658 0.583776
vt 0.560798 0.684932
vt 0.559463 0.684937
vt 0.559121 0.583804
vt 0.560429 0.583800
vt 0.555454 0.684949
vt 0.554120 0.684952
vt 0.553892 0.583819
vt 0.555200 0.583816
vt 0.552782 0.684955
vt 0.551445 0.684957
vt 0.551278 0.583825
vt 0.552585 0.583823
vt 0.558126 0.684941
vt 0.556787 0.684945
vt 0.556507 0.583812
vt 0.557814 0.583809
vt 0.547440 0.684964
vt 0.546102 0.684965
vt 0.546049 0.583833
vt 0.547356 0.583832
vt 0.574154 0.684861
vt 0.572816 0.684870
vt 0.572193 0.583739
vt 0.573501 0.583731
vt 0.568812 0.684894
vt 0.567474 0.684901
vt 0.566964 0.583770
vt 0.568273 0.583763
vt 0.563468 0.684919
vt 0.562132 0.684926
vt 0.561736 0.583795
vt 0.563044 0.583788
vt 0.575492 0.684852
vt 0.574810 0.583722
vt 0.304226 0.511046
vt 0.302579 0.511046
vt 0.302579 0.483302
vt 0.304226 0.483302
vt 0.651181 0.001501
vt 0.652828 0.001501
vt 0.652828 0.006946
vt 0.651181 0.006946
vt 0.618084 0.058921
vt 0.619729 0.058924
vt 0.619729 0.078245
vt 0.618084 0.078243
vt 0.615611 0.078854
vt 0.613965 0.078857
vt 0.613965 0.055032
vt 0.615611 0.055030
vt 0.341557 0.609634
vt 0.339910 0.609634
vt 0.339910 0.585813
vt 0.341557 0.585813
vt 0.618390 0.051880
vt 0.616745 0.051880
vt 0.616745 0.032499
vt 0.618390 0.032499
vt 0.310241 0.510118
vt 0.311886 0.510118
vt 0.311886 0.537892
vt 0.310240 0.537892
vt 0.617500 0.025399
vt 0.617760 0.025390
vt 0.617817 0.027035
vt 0.617557 0.027044
vt 0.617590 0.028619
vt 0.617849 0.028610
vt 0.617906 0.030254
vt 0.617647 0.030263
vt 0.617208 0.014883
vt 0.617466 0.014873
vt 0.617524 0.016521
vt 0.617266 0.016531
vt 0.617700 0.022819
vt 0.617440 0.022828
vt 0.617383 0.021183
vt 0.617642 0.021174
vt 0.617289 0.017823
vt 0.617549 0.017814
vt 0.617606 0.019458
vt 0.617347 0.019467
vt 0.617232 0.006786
vt 0.617491 0.006786
vt 0.617491 0.008435
vt 0.617232 0.008435
vt 0.617413 0.012529
vt 0.617154 0.012538
vt 0.617097 0.010893
vt 0.617356 0.010884
vt 0.706738 0.067585
vt 0.724580 0.046326
vt 0.725249 0.058604
vt 0.714853 0.070894
vt 0.724816 0.046216
vt 0.730261 0.046223
vt 0.728380 0.058609
vt 0.748430 0.067867
vt 0.748430 0.087190
vt 0.738754 0.082299
vt 0.738830 0.071056
vt 0.748300 0.087414
vt 0.727674 0.099339
vt 0.726742 0.089156
vt 0.727413 0.099339
vt 0.706779 0.087435
vt 0.714800 0.082181
vt 0.706650 0.087211
vt 0.706650 0.067829
vt 0.730495 0.046334
vt 0.748342 0.067623
vt 0.775383 0.026943
vt 0.775383 0.046326
vt 0.768111 0.041840
vt 0.768055 0.029653
vt 0.757448 0.005441
vt 0.775295 0.026700
vt 0.756828 0.016384
vt 0.733688 0.026740
vt 0.751534 0.005449
vt 0.753303 0.016457
vt 0.742165 0.029829
vt 0.733601 0.046307
vt 0.733599 0.026984
vt 0.742248 0.041967
vt 0.754358 0.058457
vt 0.733731 0.046532
vt 0.755216 0.049372
vt 0.775254 0.046552
vt 0.754618 0.058457
vt 0.751768 0.005339
vt 0.757214 0.005331
vn 0.278839 0.855669 -0.435982
vn 0.278839 0.855669 -0.435981
vn 0.278839 0.855669 -0.435982
vn 0.278839 0.855669 -0.435982
vn 0.573151 0.779341 -0.253229
vn 0.863778 0.479210 -0.155710
vn 0.863793 0.407623 -0.296151
vn 0.573171 0.662941 -0.481647
vn 0.000000 0.809025 -0.587775
vn 0.573171 0.662941 -0.481647
vn 0.573188 0.481665 -0.662914
vn 0.000000 0.587806 -0.809002
vn 0.573171 0.662941 -0.481647
vn 0.863793 0.407623 -0.296151
vn 0.863773 0.296187 -0.407639
vn 0.573188 0.481665 -0.662914
vn 0.000000 0.587806 -0.809002
vn 0.573188 0.481665 -0.662914
vn 0.573137 0.253203 -0.779360
vn 0.000000 0.308985 -0.951067
vn 0.573188 0.481665 -0.662914
vn 0.863773 0.296187 -0.407639
vn 0.863733 0.155720 -0.479288
vn 0.573137 0.253203 -0.779360
vn 0.000000 0.308985 -0.951067
vn 0.573137 0.253203 -0.779360
vn 0.573086 0.000000 -0.819495
vn 0.000000 0.000000 -1.000000
vn 0.573137 0.253203 -0.779360
vn 0.863733 0.155720 -0.479288
vn 0.863708 0.000000 -0.503992
vn 0.573086 0.000000 -0.819495
vn 0.000000 0.000000 -1.000000
vn 0.573086 0.000000 -0.819495
vn 0.573137 -0.253203 -0.779360
vn 0.000000 -0.308985 -0.951067
vn 0.573086 0.000000 -0.819495
vn 0.863708 0.000000 -0.503992
vn 0.863733 -0.155720 -0.479287
vn 0.573137 -0.253203 -0.779360
vn 0.000000 -0.308985 -0.951067
vn 0.573137 -0.253203 -0.779360
vn 0.573188 -0.481666 -0.662913
vn 0.000000 -0.587807 -0.809001
vn 0.573137 -0.253203 -0.779360
vn 0.863733 -0.155720 -0.479287
vn 0.863773 -0.296187 -0.407638
vn 0.573188 -0.481666 -0.662913
vn 0.000000 -0.587807 -0.809001
vn 0.573188 -0.481666 -0.662913
vn 0.573170 -0.662942 -0.481648
vn 0.000000 -0.809025 -0.587774
vn 0.573188 -0.481666 -0.662913
vn 0.863773 -0.296187 -0.407638
vn 0.863793 -0.407623 -0.296151
vn 0.573170 -0.662942 -0.481648
vn 0.000000 -0.809025 -0.587774
vn 0.573170 -0.662942 -0.481648
vn 0.573153 -0.779339 -0.253233
vn 0.000000 -0.951054 -0.309026
vn 0.573170 -0.662942 -0.481648
vn 0.863793 -0.407623 -0.296151
vn 0.863778 -0.479209 -0.155712
vn 0.573153 -0.779339 -0.253233
vn 0.000000 -0.951054 -0.309026
vn 0.573153 -0.779339 -0.253233
vn 0.573163 -0.819442 0.000000
vn 0.000000 -1.000000 0.000000
vn 0.573153 -0.779339 -0.253233
vn 0.863778 -0.479209 -0.155712
vn 0.863767 -0.503892 0.000000
vn 0.573163 -0.819442 0.000000
vn 0.000000 -1.000000 0.000000
vn 0.573163 -0.819442 0.000000
vn 0.573160 -0.779340 0.253212
vn 0.000000 -0.951061 0.309003
vn 0.573163 -0.819442 0.000000
vn 0.863767 -0.503892 0.000000
vn 0.863778 -0.479213 0.155700
vn 0.573160 -0.779340 0.253212
vn 0.000000 -0.951061 0.309003
vn 0.573160 -0.779340 0.253212
vn 0.573179 -0.662937 0.481643
vn 0.000000 -0.809024 0.587775
vn 0.573160 -0.779340 0.253212
vn 0.863778 -0.479213 0.155700
vn 0.863784 -0.407636 0.296158
vn 0.573179 -0.662937 0.481643
vn 0.000000 -0.809024 0.587775
vn 0.573179 -0.662937 0.481643
vn 0.573174 -0.481649 0.662937
vn 0.000000 -0.587779 0.809022
vn 0.573179 -0.662937 0.481643
vn 0.863784 -0.407636 0.296158
vn 0.863729 -0.296219 0.407709
vn 0.573174 -0.481649 0.662937
vn 0.000000 -0.587779 0.809022
vn 0.573174 -0.481649 0.662937
vn 0.573155 -0.253196 0.779349
vn 0.000000 -0.308984 0.951067
vn 0.573174 -0.481649 0.662937
vn 0.863729 -0.296219 0.407709
vn 0.863697 -0.155729 0.479349
vn 0.573155 -0.253196 0.779349
vn 0.000000 -0.308984 0.951067
vn 0.573155 -0.253196 0.779349
vn 0.573152 0.000000 0.819449
vn 0.000000 0.000000 1.000000
vn 0.573155 -0.253196 0.779349
vn 0.863697 -0.155729 0.479349
vn 0.863708 0.000000 0.503992
vn 0.573152 0.000000 0.819449
vn 0.000000 0.000000 1.000000
vn 0.573152 0.000000 0.819449
vn 0.573155 0.253196 0.779349
vn 0.000000 0.308984 0.951067
vn 0.573152 0.000000 0.819449
vn 0.863708 0.000000 0.503992
vn 0.863697 0.155729 0.479349
vn 0.573155 0.253196 0.779349
vn 0.000000 0.308984 0.951067
vn 0.573155 0.253196 0.779349
vn 0.573175 0.481648 0.662937
vn 0.000000 0.587778 0.809022
vn 0.573155 0.253196 0.779349
vn 0.863697 0.155729 0.479349
vn 0.863729 0.296218 0.407709
vn 0.573175 0.481648 0.662937
vn 0.000000 0.587778 0.809022
vn 0.573175 0.481648 0.662937
vn 0.573181 0.662936 0.481642
vn 0.000000 0.809024 0.587775
vn 0.573175 0.481648 0.662937
vn 0.863729 0.296218 0.407709
vn 0.863785 0.407635 0.296157
vn 0.573181 0.662936 0.481642
vn 0.000000 0.809024 0.587775
vn 0.573181 0.662936 0.481642
vn 0.573158 0.779342 0.253209
vn 0.000000 0.951062 0.308999
vn 0.573181 0.662936 0.481642
vn 0.863785 0.407635 0.296157
vn 0.863778 0.479213 0.155699
vn 0.573158 0.779342 0.253209
vn 0.000000 0.951062 0.308999
vn 0.573158 0.779342 0.253209
vn 0.573158 0.819445 0.000001
vn 0.000000 1.000000 0.000001
vn 0.573158 0.779342 0.253209
vn 0.863778 0.479213 0.155699
vn 0.863766 0.503893 0.000000
vn 0.573158 0.819445 0.000001
vn 0.863778 0.479210 -0.155710
vn 0.573151 0.779341 -0.253229
vn 0.573158 0.819445 0.000001
vn 0.863766 0.503893 0.000000
vn 0.573151 0.779341 -0.253229
vn 0.000000 0.951055 -0.309022
vn 0.000000 1.000000 0.000001
vn 0.573158 0.819445 0.000001
vn 0.000000 0.951055 -0.309022
vn -0.573151 0.779341 -0.253229
vn -0.573158 0.819445 0.000001
vn 0.000000 1.000000 0.000001
vn -0.573151 0.779341 -0.253229
vn -0.863778 0.479210 -0.155710
vn -0.863766 0.503893 0.000000
vn -0.573158 0.819445 0.000001
vn -0.863778 0.479210 -0.155710
vn -0.573151 0.779341 -0.253229
vn -0.573172 0.662941 -0.481647
vn -0.863793 0.407623 -0.296151
vn -0.573151 0.779341 -0.253229
vn 0.000000 0.951055 -0.309022
vn 0.000000 0.809025 -0.587775
vn -0.573172 0.662941 -0.481647
vn -0.863793 0.407623 -0.296151
vn -0.573172 0.662941 -0.481647
vn -0.573188 0.481665 -0.662914
vn -0.863773 0.296187 -0.407639
vn -0.573172 0.662941 -0.481647
vn 0.000000 0.809025 -0.587775
vn 0.000000 0.587806 -0.809002
vn -0.573188 0.481665 -0.662914
vn -0.863773 0.296187 -0.407639
vn -0.573188 0.481665 -0.662914
vn -0.573137 0.253203 -0.779360
vn -0.863733 0.155720 -0.479288
vn -0.573188 0.481665 -0.662914
vn 0.000000 0.587806 -0.809002
vn 0.000000 0.308985 -0.951067
vn -0.573137 0.253203 -0.779360
vn -0.863733 0.155720 -0.479288
vn -0.573137 0.253203 -0.779360
vn -0.573086 0.000000 -0.819495
vn -0.863708 0.000000 -0.503992
vn -0.573137 0.253203 -0.779360
vn 0.000000 0.308985 -0.951067
vn 0.000000 0.000000 -1.000000
vn -0.573086 0.000000 -0.819495
vn -0.863708 0.000000 -0.503992
vn -0.573086 0.000000 -0.819495
vn -0.573137 -0.253203 -0.779360
vn -0.863733 -0.155720 -0.479288
vn -0.573086 0.000000 -0.819495
vn 0.000000 0.000000 -1.000000
vn 0.000000 -0.308985 -0.951067
vn -0.573137 -0.253203 -0.779360
vn -0.863733 -0.155720 -0.479288
vn -0.573137 -0.253203 -0.779360
vn -0.573187 -0.481666 -0.662914
vn -0.863773 -0.296187 -0.407638
vn -0.573137 -0.253203 -0.779360
vn 0.000000 -0.308985 -0.951067
vn 0.000000 -0.587807 -0.809001
vn -0.573187 -0.481666 -0.662914
vn -0.863773 -0.296187 -0.407638
vn -0.573187 -0.481666 -0.662914
vn -0.573170 -0.662942 -0.481648
vn -0.863793 -0.407623 -0.296151
vn -0.573187 -0.481666 -0.662914
vn 0.000000 -0.587807 -0.809001
vn 0.000000 -0.809025 -0.587774
vn -0.573170 -0.662942 -0.481648
vn -0.863793 -0.407623 -0.296151
vn -0.573170 -0.662942 -0.481648
vn -0.573153 -0.779339 -0.253233
vn -0.863778 -0.479209 -0.155712
vn -0.573170 -0.662942 -0.481648
vn 0.000000 -0.809025 -0.587774
vn 0.000000 -0.951054 -0.309026
vn -0.573153 -0.779339 -0.253233
vn -0.863778 -0.479209 -0.155712
vn -0.573153 -0.779339 -0.253233
vn -0.573163 -0.819442 0.000000
vn -0.863767 -0.503892 0.000000
vn -0.573153 -0.779339 -0.253233
vn 0.000000 -0.951054 -0.309026
vn 0.000000 -1.000000 0.000000
vn -0.573163 -0.819442 0.000000
vn -0.863767 -0.503892 0.000000
vn -0.573163 -0.819442 0.000000
vn -0.573160 -0.779340 0.253212
vn -0.863778 -0.479213 0.155700
vn -0.573163 -0.819442 0.000000
vn 0.000000 -1.000000 0.000000
vn 0.000000 -0.951061 0.309003
vn -0.573160 -0.779340 0.253212
vn -0.863778 -0.479213 0.155700
vn -0.573160 -0.779340 0.253212
vn -0.573179 -0.662937 0.481643
vn -0.863784 -0.407636 0.296158
vn -0.573160 -0.779340 0.253212
vn 0.000000 -0.951061 0.309003
vn 0.000000 -0.809024 0.587775
vn -0.573179 -0.662937 0.481643
vn -0.863784 -0.407636 0.296158
vn -0.573179 -0.662937 0.481643
vn -0.573174 -0.481649 0.662937
vn -0.863729 -0.296219 0.407709
vn -0.573179 -0.662937 0.481643
vn 0.000000 -0.809024 0.587775
vn 0.000000 -0.587779 0.809022
vn -0.573174 -0.481649 0.662937
vn -0.863729 -0.296219 0.407709
vn -0.573174 -0.481649 0.662937
vn -0.573156 -0.253196 0.779349
vn -0.863697 -0.155729 0.479349
vn -0.573174 -0.481649 0.662937
vn 0.000000 -0.587779 0.809022
vn 0.000000 -0.308984 0.951067
vn -0.573156 -0.253196 0.779349
vn -0.863697 -0.155729 0.479349
vn -0.573156 -0.253196 0.779349
vn -0.573152 0.000000 0.819449
vn -0.863708 0.000000 0.503992
vn -0.573156 -0.253196 0.779349
vn 0.000000 -0.308984 0.951067
vn 0.000000 0.000000 1.000000
vn -0.573152 0.000000 0.819449
vn -0.863708 0.000000 0.503992
vn -0.573152 0.000000 0.819449
vn -0.573155 0.253196 0.779349
vn -0.863697 0.155729 0.479349
vn -0.573152 0.000000 0.819449
vn 0.000000 0.000000 1.000000
vn 0.000000 0.308984 0.951067
vn -0.573155 0.253196 0.779349
vn -0.863697 0.155729 0.479349
vn -0.573155 0.253196 0.779349
vn -0.573175 0.481648 0.662937
vn -0.863729 0.296218 0.407709
vn -0.573155 0.253196 0.779349
vn 0.000000 0.308984 0.951067
vn 0.000000 0.587778 0.809022
vn -0.573175 0.481648 0.662937
vn -0.863729 0.296218 0.407709
vn -0.573175 0.481648 0.662937
vn -0.573181 0.662936 0.481642
vn -0.863785 0.407635 0.296157
vn -0.573175 0.481648 0.662937
vn 0.000000 0.587778 0.809022
vn 0.000000 0.809024 0.587775
vn -0.573181 0.662936 0.481642
vn -0.863785 0.407635 0.296157
vn -0.573181 0.662936 0.481642
vn -0.573158 0.779342 0.253209
vn -0.863778 0.479213 0.155699
vn -0.573181 0.662936 0.481642
vn 0.000000 0.809024 0.587775
vn 0.000000 0.951062 0.308999
vn -0.573158 0.779342 0.253209
vn -0.863778 0.479213 0.155699
vn -0.573158 0.779342 0.253209
vn -0.573158 0.819445 0.000001
vn -0.863766 0.503893 0.000000
vn -0.573158 0.779342 0.253209
vn 0.000000 0.951062 0.308999
vn 0.000000 1.000000 0.000001
vn -0.573158 0.819445 0.000001
vn 0.000000 0.015940 -0.999873
vn 0.000000 0.015940 -0.999873
vn 0.000000 0.015940 -0.999873
vn 0.000000 0.015940 -0.999873
vn 0.000000 -0.783694 -0.621148
vn 0.000000 -0.917748 -0.397164
vn 0.000000 -0.917748 -0.397164
vn 0.000000 -0.783694 -0.621148
vn 0.000000 -0.929783 0.368109
vn 0.000000 -0.802907 0.596105
vn 0.000000 -0.802907 0.596105
vn 0.000000 -0.929783 0.368109
vn 0.000000 -0.146081 0.989273
vn 0.000000 0.114972 0.993369
vn 0.000000 0.114972 0.993369
vn 0.000000 -0.146081 0.989273
vn 0.000000 0.783593 0.621275
vn 0.000000 0.917718 0.397233
vn 0.000000 0.917718 0.397233
vn 0.000000 0.783593 0.621275
vn 0.000000 0.929813 -0.368032
vn 0.000000 0.802848 -0.596183
vn 0.000000 0.802848 -0.596183
vn 0.000000 0.929813 -0.368032
vn 0.000000 0.621157 -0.783686
vn 0.000000 0.397233 -0.917718
vn 0.000000 0.397233 -0.917718
vn 0.000000 0.621157 -0.783686
vn 0.000000 0.989259 0.146172
vn 0.000000 0.993381 -0.114870
vn 0.000000 0.993381 -0.114870
vn 0.000000 0.989259 0.146172
vn 0.000000 -0.367972 -0.929837
vn 0.000000 -0.596203 -0.802833
vn 0.000000 -0.596203 -0.802833
vn 0.000000 -0.367972 -0.929837
vn 0.000000 -0.989261 -0.146161
vn 0.000000 -0.993390 0.114785
vn 0.000000 -0.993390 0.114785
vn 0.000000 -0.989261 -0.146161
vn 0.000000 -0.621300 0.783573
vn 0.000000 -0.397253 0.917709
vn 0.000000 -0.397253 0.917709
vn 0.000000 -0.621300 0.783573
vn 0.000000 0.368042 0.929809
vn 0.000000 0.596058 0.802941
vn 0.000000 0.596058 0.802941
vn 0.000000 0.368042 0.929809
vn 0.000000 0.917718 0.397233
vn 0.000000 0.989259 0.146172
vn 0.000000 0.989259 0.146172
vn 0.000000 0.917718 0.397233
vn 0.000000 0.993381 -0.114870
vn 0.000000 0.929813 -0.368032
vn 0.000000 0.929813 -0.368032
vn 0.000000 0.993381 -0.114870
vn 0.000000 0.802848 -0.596183
vn 0.000000 0.621157 -0.783686
vn 0.000000 0.621157 -0.783686
vn 0.000000 0.802848 -0.596183
vn 0.000000 0.397233 -0.917718
vn 0.000000 0.146273 -0.989244
vn 0.000000 0.146273 -0.989244
vn 0.000000 0.397233 -0.917718
vn 0.000000 -0.114737 -0.993396
vn 0.000000 -0.367972 -0.929837
vn 0.000000 -0.367972 -0.929837
vn 0.000000 -0.114737 -0.993396
vn 0.000000 -0.596203 -0.802833
vn 0.000000 -0.783694 -0.621148
vn 0.000000 -0.783694 -0.621148
vn 0.000000 -0.596203 -0.802833
vn 0.000000 -0.917748 -0.397164
vn 0.000000 -0.989261 -0.146161
vn 0.000000 -0.989261 -0.146161
vn 0.000000 -0.917748 -0.397164
vn 0.000000 -0.993390 0.114785
vn 0.000000 -0.929783 0.368109
vn 0.000000 -0.929783 0.368109
vn 0.000000 -0.993390 0.114785
vn 0.000000 -0.802907 0.596105
vn 0.000000 -0.621300 0.783573
vn 0.000000 -0.621300 0.783573
vn 0.000000 -0.802907 0.596105
vn 0.000000 -0.397253 0.917709
vn 0.000000 -0.146081 0.989273
vn 0.000000 -0.146081 0.989273
vn 0.000000 -0.397253 0.917709
vn 0.000000 0.114972 0.993369
vn 0.000000 0.368042 0.929809
vn 0.000000 0.368042 0.929809
vn 0.000000 0.114972 0.993369
vn 0.000000 0.596058 0.802941
vn 0.000000 0.783593 0.621275
vn 0.000000 0.783593 0.621275
vn 0.000000 0.596058 0.802941
vn 1.000000 0.000000 0.000000
vn 1.000000 0.000000 0.000000
vn 1.000000 0.000000 0.000000
vn 1.000000 0.000000 0.000000
vn 1.000000 0.000001 0.000000
vn 1.000000 0.000000 0.000000
vn 1.000000 0.000000 0.000000
vn 1.000000 0.000001 0.000000
vn 1.000000 -0.000004 0.000000
vn 1.000000 -0.000002 0.000000
vn 1.000000 -0.000002 0.000000
vn 1.000000 -0.000004 0.000000
vn 1.000000 0.000001 0.000000
vn 1.000000 0.000000 0.000000
vn 1.000000 0.000000 0.000000
vn 1.000000 0.000001 0.000000
vn 1.000000 0.000000 0.000000
vn 1.000000 0.000000 0.000000
vn 1.000000 0.000000 0.000000
vn 1.000000 0.000000 0.000000
vn 1.000000 0.000002 0.000000
vn 1.000000 0.000000 0.000000
vn 1.000000 0.000000 0.000000
vn 1.000000 0.000002 0.000000
vn 1.000000 0.000000 0.000000
vn 1.000000 0.000000 0.000000
vn 1.000000 0.000000 0.000000
vn 1.000000 0.000000 0.000000
vn 1.000000 0.000000 0.000000
vn 1.000000 0.000002 0.000000
vn 1.000000 0.000002 0.000000
vn 1.000000 0.000000 0.000000
vn 1.000000 0.000001 0.000000
vn 1.000000 0.000001 0.000000
vn 1.000000 0.000001 0.000000
vn 1.000000 0.000001 0.000000
vn 1.000000 0.000000 0.000000
vn 1.000000 -0.000004 0.000000
vn 1.000000 -0.000004 0.000000
vn 1.000000 0.000000 0.000000
vn 1.000000 -0.000001 0.000000
vn 1.000000 0.000000 0.000000
vn 1.000000 0.000000 0.000000
vn 1.000000 -0.000001 0.000000
vn 1.000000 -0.000001 0.000000
vn 1.000000 -0.000001 0.000000
vn 1.000000 -0.000001 0.000000
vn 1.000000 -0.000001 0.000000
vn 1.000000 0.000000 0.000000
vn 1.000000 0.000000 0.000000
vn 1.000000 0.000000 0.000000
vn 1.000000 0.000000 0.000000
vn 1.000000 0.000002 0.000000
vn 1.000000 0.000002 0.000000
vn 1.000000 0.000002 0.000000
vn 1.000000 0.000002 0.000000
vn 1.000000 0.000000 0.000000
vn 1.000000 0.000000 0.000000
vn 1.000000 0.000000 0.000000
vn 1.000000 0.000000 0.000000
vn 1.000000 0.000000 0.000000
vn 1.000000 0.000000 0.000000
vn 1.000000 0.000000 0.000000
vn 1.000000 0.000000 0.000000
vn 1.000000 0.000000 0.000000
vn 1.000000 0.000001 0.000000
vn 1.000000 0.000001 0.000000
vn 1.000000 0.000000 0.000000
vn 1.000000 0.000001 0.000000
vn 1.000000 0.000001 0.000000
vn 1.000000 0.000001 0.000000
vn 1.000000 0.000001 0.000000
vn 1.000000 0.000000 0.000000
vn 1.000000 0.000000 0.000000
vn 1.000000 0.000000 0.000000
vn 1.000000 0.000000 0.000000
vn 1.000000 -0.000004 0.000000
vn 1.000000 -0.000004 0.000000
vn 1.000000 -0.000004 0.000000
vn 1.000000 -0.000004 0.000000
vn 1.000000 -0.000002 0.000000
vn 1.000000 -0.000001 0.000000
vn 1.000000 -0.000001 0.000000
vn 1.000000 -0.000002 0.000000
vn 1.000000 0.000000 0.000000
vn 1.000000 0.000001 0.000000
vn 1.000000 0.000001 0.000000
vn 1.000000 0.000000 0.000000
vn 1.000000 0.000000 0.000000
vn 1.000000 -0.000001 0.000000
vn 1.000000 -0.000001 0.000000
vn 1.000000 0.000000 0.000000
vn 1.000000 -0.000001 0.000000
vn 1.000000 0.000000 0.000000
vn 1.000000 0.000000 0.000000
vn 1.000000 -0.000001 0.000000
vn 0.679564 0.107345 -0.725721
vn 0.679530 -0.084221 -0.728798
vn 0.679530 -0.084223 -0.728798
vn 0.679563 0.107331 -0.725723
vn 0.679608 -0.574893 -0.455666
vn 0.679588 -0.673247 -0.291375
vn 0.679588 -0.673236 -0.291399
vn 0.679608 -0.574874 -0.455690
vn 0.679535 -0.682149 0.270011
vn 0.679523 -0.589015 0.437390
vn 0.679523 -0.589030 0.437370
vn 0.679535 -0.682136 0.270043
vn 0.679584 -0.107133 0.725733
vn 0.679607 0.084378 0.728708
vn 0.679607 0.084360 0.728710
vn 0.679584 -0.107130 0.725733
vn 0.679534 0.574874 0.455799
vn 0.679510 0.673283 0.291473
vn 0.679510 0.673283 0.291473
vn 0.679534 0.574882 0.455789
vn 0.679549 0.682132 -0.270018
vn 0.679574 0.588976 -0.437363
vn 0.679574 0.588962 -0.437381
vn 0.679549 0.682138 -0.270001
vn 0.679551 0.455716 -0.574920
vn 0.679561 0.291419 -0.673255
vn 0.679561 0.291408 -0.673259
vn 0.679551 0.455730 -0.574909
vn 0.679501 0.725796 0.107232
vn 0.679506 0.728813 -0.084286
vn 0.679506 0.728816 -0.084254
vn 0.679501 0.725795 0.107242
vn 0.679540 -0.270006 -0.682145
vn 0.679621 -0.437358 -0.588926
vn 0.679621 -0.437346 -0.588935
vn 0.679540 -0.270006 -0.682145
vn 0.679526 -0.725775 -0.107215
vn 0.679501 -0.728823 0.084236
vn 0.679501 -0.728826 0.084209
vn 0.679526 -0.725773 -0.107226
vn 0.679439 -0.455841 0.574953
vn 0.679459 -0.291503 0.673321
vn 0.679459 -0.291517 0.673315
vn 0.679439 -0.455844 0.574951
vn 0.679602 0.269943 0.682108
vn 0.679595 0.437276 0.589017
vn 0.679595 0.437272 0.589020
vn 0.679602 0.269940 0.682109
vn 0.679510 0.673283 0.291473
vn 0.679501 0.725796 0.107232
vn 0.679501 0.725795 0.107242
vn 0.679510 0.673283 0.291473
vn 0.679506 0.728813 -0.084286
vn 0.679549 0.682132 -0.270018
vn 0.679549 0.682138 -0.270001
vn 0.679506 0.728816 -0.084254
vn 0.679574 0.588976 -0.437363
vn 0.679551 0.455716 -0.574920
vn 0.679551 0.455730 -0.574909
vn 0.679574 0.588962 -0.437381
vn 0.679561 0.291419 -0.673255
vn 0.679564 0.107345 -0.725721
vn 0.679563 0.107331 -0.725723
vn 0.679561 0.291408 -0.673259
vn 0.679530 -0.084221 -0.728798
vn 0.679540 -0.270006 -0.682145
vn 0.679540 -0.270006 -0.682145
vn 0.679530 -0.084223 -0.728798
vn 0.679621 -0.437358 -0.588926
vn 0.679608 -0.574893 -0.455666
vn 0.679608 -0.574874 -0.455690
vn 0.679621 -0.437346 -0.588935
vn 0.679588 -0.673247 -0.291375
vn 0.679526 -0.725775 -0.107215
vn 0.679526 -0.725773 -0.107226
vn 0.679588 -0.673236 -0.291399
vn 0.679501 -0.728823 0.084236
vn 0.679535 -0.682149 0.270011
vn 0.679535 -0.682136 0.270043
vn 0.679501 -0.728826 0.084209
vn 0.679523 -0.589015 0.437390
vn 0.679439 -0.455841 0.574953
vn 0.679439 -0.455844 0.574951
vn 0.679523 -0.589030 0.437370
vn 0.679459 -0.291503 0.673321
vn 0.679584 -0.107133 0.725733
vn 0.679584 -0.107130 0.725733
vn 0.679459 -0.291517 0.673315
vn 0.679607 0.084378 0.728708
vn 0.679602 0.269943 0.682108
vn 0.679602 0.269940 0.682109
vn 0.679607 0.084360 0.728710
vn 0.679595 0.437276 0.589017
vn 0.679534 0.574874 0.455799
vn 0.679534 0.574882 0.455789
vn 0.679595 0.437272 0.589020
vn 0.000000 0.146284 -0.989243
vn 0.000000 -0.114816 -0.993387
vn 0.000000 -0.114816 -0.993387
vn 0.000000 0.146284 -0.989243
vn 0.000000 -0.783671 -0.621176
vn 0.000000 -0.917731 -0.397202
vn 0.000000 -0.917731 -0.397202
vn 0.000000 -0.783671 -0.621176
vn 0.000000 -0.929808 0.368046
vn 0.000000 -0.802844 0.596189
vn 0.000000 -0.802844 0.596189
vn 0.000000 -0.929808 0.368046
vn 0.000000 -0.146095 0.989271
vn 0.000000 0.115029 0.993362
vn 0.000000 0.115029 0.993362
vn 0.000000 -0.146095 0.989271
vn 0.000000 0.783606 0.621258
vn 0.000000 0.917698 0.397279
vn 0.000000 0.917698 0.397279
vn 0.000000 0.783606 0.621258
vn 0.000000 0.929819 -0.368018
vn 0.000000 0.802839 -0.596196
vn 0.000000 0.802839 -0.596196
vn 0.000000 0.929819 -0.368018
vn 0.000000 0.621175 -0.783672
vn 0.000000 0.397255 -0.917708
vn 0.000000 0.397255 -0.917708
vn 0.000000 0.621175 -0.783672
vn 0.000000 0.989259 0.146171
vn 0.000000 0.993383 -0.114847
vn 0.000000 0.993383 -0.114847
vn 0.000000 0.989259 0.146171
vn 0.000000 -0.368007 -0.929823
vn 0.000000 -0.596185 -0.802847
vn 0.000000 -0.596185 -0.802847
vn 0.000000 -0.368007 -0.929823
vn 0.000000 -0.989266 -0.146128
vn 0.000000 -0.993390 0.114787
vn 0.000000 -0.993390 0.114787
vn 0.000000 -0.989266 -0.146128
vn 0.000000 -0.621245 0.783616
vn 0.000000 -0.397351 0.917667
vn 0.000000 -0.397351 0.917667
vn 0.000000 -0.621245 0.783616
vn 0.000000 0.367961 0.929841
vn 0.000000 0.596101 0.802909
vn 0.000000 0.596101 0.802909
vn 0.000000 0.367961 0.929841
vn 0.000000 0.917698 0.397279
vn 0.000000 0.989259 0.146171
vn 0.000000 0.989259 0.146171
vn 0.000000 0.917698 0.397279
vn 0.000000 0.993383 -0.114847
vn 0.000000 0.929819 -0.368018
vn 0.000000 0.929819 -0.368018
vn 0.000000 0.993383 -0.114847
vn 0.000000 0.802839 -0.596196
vn 0.000000 0.621175 -0.783672
vn 0.000000 0.621175 -0.783672
vn 0.000000 0.802839 -0.596196
vn 0.000000 0.397255 -0.917708
vn 0.000000 0.146284 -0.989243
vn 0.000000 0.146284 -0.989243
vn 0.000000 0.397255 -0.917708
vn 0.000000 -0.114816 -0.993387
vn 0.000000 -0.368007 -0.929823
vn 0.000000 -0.368007 -0.929823
vn 0.000000 -0.114816 -0.993387
vn 0.000000 -0.596185 -0.802847
vn 0.000000 -0.783671 -0.621176
vn 0.000000 -0.783671 -0.621176
vn 0.000000 -0.596185 -0.802847
vn 0.000000 -0.917731 -0.397202
vn 0.000000 -0.989266 -0.146128
vn 0.000000 -0.989266 -0.146128
vn 0.000000 -0.917731 -0.397202
vn 0.000000 -0.993390 0.114787
vn 0.000000 -0.929808 0.368046
vn 0.000000 -0.929808 0.368046
vn 0.000000 -0.993390 0.114787
vn 0.000000 -0.802844 0.596189
vn 0.000000 -0.621245 0.783616
vn 0.000000 -0.621245 0.783616
vn 0.000000 -0.802844 0.596189
vn 0.000000 -0.397351 0.917667
vn 0.000000 -0.146095 0.989271
vn 0.000000 -0.146095 0.989271
vn 0.000000 -0.397351 0.917667
vn 0.000000 0.115029 0.993362
vn 0.000000 0.367961 0.929841
vn 0.000000 0.367961 0.929841
vn 0.000000 0.115029 0.993362
vn 0.000000 0.596101 0.802909
vn 0.000000 0.783606 0.621258
vn 0.000000 0.783606 0.621258
vn 0.000000 0.596101 0.802909
vn -0.713642 0.102476 -0.692975
vn -0.713618 -0.080419 -0.695904
vn -0.713618 -0.080415 -0.695904
vn -0.713642 0.102484 -0.692974
vn -0.713657 -0.548959 -0.435129
vn -0.713660 -0.642857 -0.278251
vn -0.713660 -0.642862 -0.278240
vn -0.713657 -0.548969 -0.435117
vn -0.713652 -0.651327 0.257825
vn -0.713643 -0.562403 0.417632
vn -0.713643 -0.562406 0.417628
vn -0.713652 -0.651331 0.257813
vn -0.713658 -0.102335 0.692979
vn -0.713639 0.080569 0.695865
vn -0.713640 0.080585 0.695863
vn -0.713658 -0.102329 0.692979
vn -0.713661 0.548908 0.435187
vn -0.713670 0.642832 0.278283
vn -0.713670 0.642841 0.278264
vn -0.713661 0.548908 0.435187
vn -0.713628 0.651362 -0.257804
vn -0.713633 0.562406 -0.417646
vn -0.713633 0.562400 -0.417653
vn -0.713628 0.651358 -0.257814
vn -0.713631 0.435143 -0.548982
vn -0.713641 0.278280 -0.642866
vn -0.713641 0.278281 -0.642865
vn -0.713631 0.435140 -0.548985
vn -0.713651 0.692975 0.102414
vn -0.713624 0.695894 -0.080453
vn -0.713624 0.695893 -0.080458
vn -0.713651 0.692979 0.102386
vn -0.713583 -0.257823 -0.651404
vn -0.713637 -0.417651 -0.562397
vn -0.713637 -0.417651 -0.562397
vn -0.713583 -0.257808 -0.651410
vn -0.713623 -0.693010 -0.102367
vn -0.713626 -0.695896 0.080419
vn -0.713626 -0.695897 0.080409
vn -0.713623 -0.693008 -0.102383
vn -0.713604 -0.435229 0.548950
vn -0.713608 -0.278349 0.642873
vn -0.713608 -0.278340 0.642877
vn -0.713604 -0.435220 0.548956
vn -0.713661 0.257775 0.651337
vn -0.713685 0.417537 0.562420
vn -0.713685 0.417540 0.562418
vn -0.713661 0.257775 0.651337
vn -0.713670 0.642832 0.278283
vn -0.713651 0.692975 0.102414
vn -0.713651 0.692979 0.102386
vn -0.713670 0.642841 0.278264
vn -0.713624 0.695894 -0.080453
vn -0.713628 0.651362 -0.257804
vn -0.713628 0.651358 -0.257814
vn -0.713624 0.695893 -0.080458
vn -0.713633 0.562406 -0.417646
vn -0.713631 0.435143 -0.548982
vn -0.713631 0.435140 -0.548985
vn -0.713633 0.562400 -0.417653
vn -0.713641 0.278280 -0.642866
vn -0.713642 0.102476 -0.692975
vn -0.713642 0.102484 -0.692974
vn -0.713641 0.278281 -0.642865
vn -0.713618 -0.080419 -0.695904
vn -0.713583 -0.257823 -0.651404
vn -0.713583 -0.257808 -0.651410
vn -0.713618 -0.080415 -0.695904
vn -0.713637 -0.417651 -0.562397
vn -0.713657 -0.548959 -0.435129
vn -0.713657 -0.548969 -0.435117
vn -0.713637 -0.417651 -0.562397
vn -0.713660 -0.642857 -0.278251
vn -0.713623 -0.693010 -0.102367
vn -0.713623 -0.693008 -0.102383
vn -0.713660 -0.642862 -0.278240
vn -0.713626 -0.695896 0.080419
vn -0.713652 -0.651327 0.257825
vn -0.713652 -0.651331 0.257813
vn -0.713626 -0.695897 0.080409
vn -0.713643 -0.562403 0.417632
vn -0.713604 -0.435229 0.548950
vn -0.713604 -0.435220 0.548956
vn -0.713643 -0.562406 0.417628
vn -0.713608 -0.278349 0.642873
vn -0.713658 -0.102335 0.692979
vn -0.713658 -0.102329 0.692979
vn -0.713608 -0.278340 0.642877
vn -0.713639 0.080569 0.695865
vn -0.713661 0.257775 0.651337
vn -0.713661 0.257775 0.651337
vn -0.713640 0.080585 0.695863
vn -0.713685 0.417537 0.562420
vn -0.713661 0.548908 0.435187
vn -0.713661 0.548908 0.435187
vn -0.713685 0.417540 0.562418
vn -1.000000 0.000000 0.000000
vn -1.000000 0.000001 0.000000
vn -1.000000 0.000001 0.000000
vn -1.000000 0.000000 0.000000
vn -1.000000 -0.000001 0.000000
vn -1.000000 0.000000 0.000000
vn -1.000000 0.000000 0.000000
vn -1.000000 -0.000001 0.000000
vn -1.000000 0.000000 0.000000
vn -1.000000 -0.000001 0.000000
vn -1.000000 -0.000001 0.000000
vn -1.000000 0.000000 0.000000
vn -1.000000 0.000000 0.000000
vn -1.000000 0.000000 0.000000
vn -1.000000 0.000000 0.000000
vn -1.000000 0.000000 0.000000
vn -1.000000 0.000001 0.000000
vn -1.000000 0.000001 0.000000
vn -1.000000 0.000001 0.000000
vn -1.000000 0.000001 0.000000
vn -1.000000 0.000000 0.000000
vn -1.000000 0.000001 0.000000
vn -1.000000 0.000001 0.000000
vn -1.000000 0.000000 0.000000
vn -1.000000 0.000000 0.000000
vn -1.000000 0.000000 0.000000
vn -1.000000 0.000000 0.000000
vn -1.000000 0.000000 0.000000
vn -1.000000 0.000000 0.000000
vn -1.000000 0.000000 0.000000
vn -1.000000 0.000000 0.000000
vn -1.000000 0.000000 0.000000
vn -1.000000 0.000001 0.000000
vn -1.000000 0.000000 0.000000
vn -1.000000 0.000000 0.000000
vn -1.000000 0.000001 0.000000
vn -1.000000 0.000000 0.000000
vn -1.000000 0.000000 0.000000
vn -1.000000 0.000000 0.000000
vn -1.000000 0.000000 0.000000
vn -1.000000 0.000000 0.000000
vn -1.000000 -0.000001 0.000000
vn -1.000000 -0.000001 0.000000
vn -1.000000 0.000000 0.000000
vn -1.000000 -0.000001 0.000000
vn -1.000000 0.000000 0.000000
vn -1.000000 0.000000 0.000000
vn -1.000000 -0.000001 0.000000
vn -1.000000 0.000001 0.000000
vn -1.000000 0.000000 0.000000
vn -1.000000 0.000000 0.000000
vn -1.000000 0.000001 0.000000
vn -1.000000 0.000000 0.000000
vn -1.000000 0.000000 0.000000
vn -1.000000 0.000000 0.000000
vn -1.000000 0.000000 0.000000
vn -1.000000 0.000001 0.000000
vn -1.000000 0.000000 0.000000
vn -1.000000 0.000000 0.000000
vn -1.000000 0.000001 0.000000
vn -1.000000 0.000000 0.000000
vn -1.000000 0.000000 0.000000
vn -1.000000 0.000000 0.000000
vn -1.000000 0.000000 0.000000
vn -1.000000 0.000001 0.000000
vn -1.000000 0.000001 0.000000
vn -1.000000 0.000001 0.000000
vn -1.000000 0.000001 0.000000
vn -1.000000 0.000000 0.000000
vn -1.000000 -0.000001 0.000000
vn -1.000000 -0.000001 0.000000
vn -1.000000 0.000000 0.000000
vn -1.000000 0.000000 0.000000
vn -1.000000 0.000000 0.000000
vn -1.000000 0.000000 0.000000
vn -1.000000 0.000000 0.000000
vn -1.000000 0.000000 0.000000
vn -1.000000 0.000000 0.000000
vn -1.000000 0.000000 0.000000
vn -1.000000 0.000000 0.000000
vn -1.000000 -0.000001 0.000000
vn -1.000000 0.000000 0.000000
vn -1.000000 0.000000 0.000000
vn -1.000000 -0.000001 0.000000
vn -1.000000 -0.000001 0.000000
vn -1.000000 0.000000 0.000000
vn -1.000000 0.000000 0.000000
vn -1.000000 -0.000001 0.000000
vn -1.000000 0.000000 0.000000
vn -1.000000 -0.000001 0.000000
vn -1.000000 -0.000001 0.000000
vn -1.000000 0.000000 0.000000
vn -1.000000 0.000000 0.000000
vn -1.000000 0.000001 0.000000
vn -1.000000 0.000001 0.000000
vn -1.000000 0.000000 0.000000
vn -0.965002 -0.017390 -0.261664
vn -0.960648 -0.028971 -0.276255
vn -0.968312 0.036520 -0.247059
vn -0.967663 -0.008331 -0.252111
vn -0.965002 -0.235314 -0.115750
vn -0.960644 -0.253750 -0.113019
vn -0.968304 -0.195737 -0.155158
vn -0.967663 -0.222507 -0.118821
vn -0.964978 -0.217956 0.145990
vn -0.960617 -0.224813 0.163323
vn -0.968289 -0.232296 0.091952
vn -0.967641 -0.214212 0.133358
vn -0.964945 0.017511 0.261869
vn -0.960578 0.029093 0.276484
vn -0.968256 -0.036525 0.247279
vn -0.967611 0.008443 0.252305
vn -0.964954 0.235484 0.115808
vn -0.960587 0.253939 0.113082
vn -0.968270 0.195823 0.155261
vn -0.967624 0.222648 0.118878
vn -0.964980 0.217955 -0.145978
vn -0.960620 0.224811 -0.163309
vn -0.968290 0.232292 -0.091950
vn -0.967644 0.214209 -0.133343
vn -0.938455 0.330242 0.101208
vn -0.960587 0.253939 0.113082
vn -0.964954 0.235484 0.115808
vn -0.960617 0.275690 -0.034801
vn -0.938527 0.345203 -0.001396
vn -0.964981 0.258811 -0.042753
vn -0.938549 0.252608 -0.235190
vn -0.960620 0.224811 -0.163309
vn -0.964980 0.217955 -0.145978
vn -0.960665 0.107626 -0.256009
vn -0.938666 0.171170 -0.299343
vn -0.965016 0.092321 -0.245398
vn -0.938600 -0.077327 -0.336229
vn -0.960648 -0.028971 -0.276255
vn -0.965002 -0.017390 -0.261664
vn -0.960620 -0.167985 -0.221337
vn -0.938500 -0.173866 -0.298311
vn -0.964991 -0.166419 -0.202726
vn -0.938588 -0.329882 -0.101142
vn -0.960644 -0.253750 -0.113019
vn -0.965002 -0.235314 -0.115750
vn -0.960638 -0.275616 0.034806
vn -0.938596 -0.345016 0.001424
vn -0.964977 -0.258832 0.042721
vn -0.938556 -0.252598 0.235176
vn -0.960617 -0.224813 0.163323
vn -0.964978 -0.217956 0.145990
vn -0.960564 -0.107814 0.256307
vn -0.938428 -0.171541 0.299878
vn -0.964931 -0.092505 0.245666
vn -0.938494 0.077412 0.336507
vn -0.960578 0.029093 0.276484
vn -0.964945 0.017511 0.261869
vn -0.960582 0.168023 0.221475
vn -0.938453 0.173887 0.298445
vn -0.964958 0.166460 0.202849
vn 0.000000 0.989257 0.146189
vn 0.000000 0.990625 0.136608
vn 0.000000 0.990625 0.136608
vn 0.000000 0.989257 0.146189
vn 0.000000 0.368016 0.929820
vn 0.000000 0.377022 0.926204
vn 0.000000 0.377022 0.926204
vn 0.000000 0.368016 0.929820
vn 0.000000 -0.621201 0.783651
vn 0.000000 -0.613603 0.789615
vn 0.000000 -0.613603 0.789615
vn 0.000000 -0.621201 0.783651
vn 0.000000 -0.989258 -0.146182
vn 0.000000 -0.990631 -0.136568
vn 0.000000 -0.990631 -0.136568
vn 0.000000 -0.989258 -0.146182
vn 0.000000 -0.368090 -0.929790
vn 0.000000 -0.376999 -0.926214
vn 0.000000 -0.376999 -0.926214
vn 0.000000 -0.368090 -0.929790
vn 0.000000 0.621255 -0.783608
vn 0.000000 0.613584 -0.789629
vn 0.000000 0.613584 -0.789629
vn 0.000000 0.621255 -0.783608
vn -1.000000 0.000000 0.000000
vn -1.000000 0.000000 0.000000
vn -1.000000 0.000000 0.000000
vn -1.000000 0.000000 0.000000
vn -1.000000 0.000000 0.000000
vn -1.000000 0.000000 0.000000
vn -1.000000 0.000000 0.000000
vn -1.000000 0.000000 0.000000
vn -1.000000 0.000000 0.000000
vn -1.000000 0.000000 0.000000
vn -1.000000 0.000000 0.000000
vn -1.000000 0.000000 0.000000
vn -1.000000 0.000000 0.000000
vn -1.000000 0.000000 0.000000
vn -1.000000 0.000000 0.000000
vn -1.000000 0.000000 0.000000
vn -1.000000 0.000000 0.000000
vn -1.000000 0.000000 0.000000
vn -1.000000 0.000000 0.000000
vn -1.000000 0.000000 0.000000
vn -1.000000 0.000000 0.000000
vn -1.000000 0.000000 0.000000
vn -1.000000 0.000000 0.000000
vn -1.000000 0.000000 0.000000
vn -1.000000 0.000000 0.000000
vn -1.000000 0.000000 0.000000
vn -1.000000 0.000000 0.000000
vn -1.000000 0.000000 0.000000
vn -1.000000 0.000000 0.000000
vn -1.000000 0.000000 0.000000
vn -1.000000 0.000000 0.000000
vn -1.000000 0.000000 0.000000
vn -1.000000 0.000000 0.000000
vn -1.000000 0.000000 0.000000
vn -1.000000 0.000000 0.000000
vn -1.000000 0.000000 0.000000
vn -1.000000 0.000000 0.000000
vn -1.000000 0.000000 0.000000
vn -1.000000 0.000000 0.000000
vn -1.000000 0.000000 0.000000
vn -1.000000 0.000000 0.000000
vn -1.000000 0.000000 0.000000
vn -1.000000 0.000000 0.000000
vn -1.000000 0.000000 0.000000
vn -1.000000 0.000000 0.000000
vn -1.000000 0.000000 0.000000
vn -1.000000 0.000000 0.000000
vn -1.000000 0.000000 0.000000
vn -1.000000 0.000000 0.000000
vn -1.000000 0.000000 0.000000
vn -1.000000 0.000000 0.000000
vn -1.000000 0.000000 0.000000
vn -1.000000 0.000000 0.000000
vn -1.000000 0.000000 0.000000
vn -1.000000 0.000000 0.000000
vn -1.000000 0.000000 0.000000
vn -1.000000 0.000000 0.000000
vn -1.000000 0.000000 0.000000
vn -1.000000 0.000000 0.000000
vn -1.000000 0.000000 0.000000
vn -1.000000 0.000000 0.000000
vn -1.000000 0.000000 0.000000
vn -1.000000 0.000000 0.000000
vn -1.000000 0.000000 0.000000
vn -1.000000 0.000000 0.000000
vn -1.000000 0.000000 0.000000
vn -1.000000 0.000000 0.000000
vn -1.000000 0.000000 0.000000
vn -1.000000 0.000000 0.000000
vn -1.000000 0.000000 0.000000
vn -1.000000 0.000000 0.000000
vn -1.000000 0.000000 0.000000
vn -1.000000 0.000000 0.000000
vn -1.000000 0.000000 0.000000
vn -1.000000 0.000000 0.000000
vn -1.000000 0.000000 0.000000
vn -1.000000 0.000000 0.000000
vn -1.000000 0.000000 0.000000
vn -1.000000 0.000000 0.000000
vn -1.000000 0.000000 0.000000
vn -1.000000 0.000000 0.000000
vn -1.000000 0.000000 0.000000
vn -1.000000 0.000000 0.000000
vn -1.000000 0.000000 0.000000
vn -1.000000 0.000000 0.000000
vn -1.000000 0.000000 0.000000
vn -1.000000 0.000000 0.000000
vn -1.000000 0.000000 0.000000
vn -1.000000 0.000000 0.000000
vn -1.000000 0.000000 0.000000
vn -1.000000 0.000000 0.000000
vn -1.000000 0.000000 0.000000
vn -1.000000 0.000000 0.000000
vn -1.000000 0.000000 0.000000
vn -1.000000 0.000000 0.000000
vn -1.000000 0.000000 0.000000
vn 0.965003 -0.017390 -0.261662
vn 0.967663 -0.008331 -0.252109
vn 0.968312 0.036520 -0.247058
vn 0.960648 -0.028971 -0.276254
vn 0.965002 -0.235315 -0.115750
vn 0.967663 -0.222508 -0.118821
vn 0.968304 -0.195737 -0.155158
vn 0.960644 -0.253751 -0.113019
vn 0.964977 -0.217957 0.145991
vn 0.967640 -0.214213 0.133359
vn 0.968289 -0.232297 0.091953
vn 0.960617 -0.224814 0.163324
vn 0.964944 0.017512 0.261870
vn 0.967610 0.008444 0.252307
vn 0.968255 -0.036524 0.247280
vn 0.960578 0.029093 0.276486
vn 0.964954 0.235483 0.115808
vn 0.967624 0.222648 0.118877
vn 0.968270 0.195823 0.155260
vn 0.960587 0.253939 0.113081
vn 0.964980 0.217955 -0.145976
vn 0.967644 0.214208 -0.133342
vn 0.968290 0.232291 -0.091949
vn 0.960620 0.224811 -0.163308
vn 0.938454 0.330243 0.101209
vn 0.964954 0.235483 0.115808
vn 0.960587 0.253939 0.113081
vn 0.960617 0.275688 -0.034801
vn 0.964982 0.258810 -0.042753
vn 0.938528 0.345201 -0.001396
vn 0.938549 0.252608 -0.235190
vn 0.964980 0.217955 -0.145976
vn 0.960620 0.224811 -0.163308
vn 0.960664 0.107628 -0.256011
vn 0.965016 0.092322 -0.245399
vn 0.938662 0.171176 -0.299354
vn 0.938601 -0.077326 -0.336229
vn 0.965003 -0.017390 -0.261662
vn 0.960648 -0.028971 -0.276254
vn 0.960620 -0.167985 -0.221339
vn 0.964990 -0.166419 -0.202727
vn 0.938497 -0.173868 -0.298316
vn 0.938588 -0.329882 -0.101142
vn 0.965002 -0.235315 -0.115750
vn 0.960644 -0.253751 -0.113019
vn 0.960638 -0.275614 0.034806
vn 0.964977 -0.258831 0.042721
vn 0.938598 -0.345011 0.001424
vn 0.938556 -0.252598 0.235176
vn 0.964977 -0.217957 0.145991
vn 0.960617 -0.224814 0.163324
vn 0.960564 -0.107814 0.256307
vn 0.964931 -0.092505 0.245665
vn 0.938428 -0.171541 0.299878
vn 0.938494 0.077411 0.336507
vn 0.964944 0.017512 0.261870
vn 0.960578 0.029093 0.276486
vn 0.960582 0.168022 0.221474
vn 0.964958 0.166460 0.202848
vn 0.938455 0.173884 0.298440
vn 1.000000 0.000000 0.000000
vn 1.000000 0.000000 0.000000
vn 1.000000 0.000000 0.000000
vn 1.000000 0.000000 0.000000
vn 1.000000 0.000000 0.000000
vn 1.000000 0.000000 0.000000
vn 1.000000 0.000000 0.000000
vn 1.000000 0.000000 0.000000
vn 1.000000 0.000000 0.000000
vn 1.000000 0.000000 0.000000
vn 1.000000 0.000000 0.000000
vn 1.000000 0.000000 0.000000
vn 1.000000 0.000000 0.000000
vn 1.000000 0.000000 0.000000
vn 1.000000 0.000000 0.000000
vn 1.000000 0.000000 0.000000
vn 1.000000 0.000000 0.000000
vn 1.000000 0.000000 0.000000
vn 1.000000 0.000000 0.000000
vn 1.000000 0.000000 0.000000
vn 1.000000 0.000000 0.000000
vn 1.000000 0.000000 0.000000
vn 1.000000 0.000000 0.000000
vn 1.000000 0.000000 0.000000
vn 1.000000 0.000000 0.000000
vn 1.000000 0.000000 0.000000
vn 1.000000 0.000000 0.000000
vn 1.000000 0.000000 0.000000
vn 1.000000 0.000000 0.000000
vn 1.000000 0.000000 0.000000
vn 1.000000 0.000000 0.000000
vn 1.000000 0.000000 0.000000
vn 1.000000 0.000000 0.000000
vn 1.000000 0.000000 0.000000
vn 1.000000 0.000000 0.000000
vn 1.000000 0.000000 0.000000
vn 1.000000 0.000000 0.000000
vn 1.000000 0.000000 0.000000
vn 1.000000 0.000000 0.000000
vn 1.000000 0.000000 0.000000
vn 1.000000 0.000000 0.000000
vn 1.000000 0.000000 0.000000
vn 1.000000 0.000000 0.000000
vn 1.000000 0.000000 0.000000
vn 1.000000 0.000000 0.000000
vn 1.000000 0.000000 0.000000
vn 1.000000 0.000000 0.000000
vn 1.000000 0.000000 0.000000
vn 1.000000 0.000000 0.000000
vn 1.000000 0.000000 0.000000
vn 1.000000 0.000000 0.000000
vn 1.000000 0.000000 0.000000
vn 1.000000 0.000000 0.000000
vn 1.000000 0.000000 0.000000
vn 1.000000 0.000000 0.000000
vn 1.000000 0.000000 0.000000
vn 1.000000 0.000000 0.000000
vn 1.000000 0.000000 0.000000
vn 1.000000 0.000000 0.000000
vn 1.000000 0.000000 0.000000
vn 1.000000 0.000000 0.000000
vn 1.000000 0.000000 0.000000
vn 1.000000 0.000000 0.000000
vn 1.000000 0.000000 0.000000
vn 1.000000 0.000000 0.000000
vn 1.000000 0.000000 0.000000
vn 1.000000 0.000000 0.000000
vn 1.000000 0.000000 0.000000
vn 1.000000 0.000000 0.000000
vn 1.000000 0.000000 0.000000
vn 1.000000 0.000000 0.000000
vn 1.000000 0.000000 0.000000
vn 1.000000 0.000000 0.000000
vn 1.000000 0.000000 0.000000
vn 1.000000 0.000000 0.000000
vn 1.000000 0.000000 0.000000
vn 1.000000 0.000000 0.000000
vn 1.000000 0.000000 0.000000
vn 1.000000 0.000000 0.000000
vn 1.000000 0.000000 0.000000
vn 1.000000 0.000000 0.000000
vn 1.000000 0.000000 0.000000
vn 1.000000 0.000000 0.000000
vn 1.000000 0.000000 0.000000
vn 1.000000 0.000000 0.000000
vn 1.000000 0.000000 0.000000
vn 1.000000 0.000000 0.000000
vn 1.000000 0.000000 0.000000
vn 1.000000 0.000000 0.000000
vn 1.000000 0.000000 0.000000
vn 1.000000 0.000000 0.000000
vn 1.000000 0.000000 0.000000
vn 1.000000 0.000000 0.000000
vn 1.000000 0.000000 0.000000
vn 1.000000 0.000000 0.000000
vn 1.000000 0.000000 0.000000
vn 0.000000 0.621180 -0.783668
vn 0.000000 0.621180 -0.783668
vn 0.000000 0.613584 -0.789629
vn 0.000000 0.613584 -0.789629
vn 0.000000 0.987798 0.155738
vn 0.000000 0.987798 0.155738
vn 0.000000 0.989263 0.146146
vn 0.000000 0.989263 0.146146
vn 0.000000 0.989257 0.146189
vn 0.000000 0.989257 0.146189
vn 0.000000 0.987798 0.155738
vn 0.000000 0.987798 0.155738
vn 0.000000 0.989256 0.146193
vn 0.000000 0.989256 0.146193
vn 0.000000 0.990625 0.136608
vn 0.000000 0.990625 0.136608
vn 0.000000 0.358994 0.933340
vn 0.000000 0.358994 0.933340
vn 0.000000 0.367968 0.929838
vn 0.000000 0.367968 0.929838
vn 0.000000 0.368016 0.929820
vn 0.000000 0.368016 0.929820
vn 0.000000 0.358994 0.933340
vn 0.000000 0.358994 0.933340
vn 0.000000 0.368106 0.929784
vn 0.000000 0.368106 0.929784
vn 0.000000 0.377022 0.926204
vn 0.000000 0.377022 0.926204
vn 0.000000 -0.628769 0.777593
vn 0.000000 -0.628769 0.777593
vn 0.000000 -0.621258 0.783606
vn 0.000000 -0.621258 0.783606
vn 0.000000 -0.621201 0.783651
vn 0.000000 -0.621201 0.783651
vn 0.000000 -0.628769 0.777593
vn 0.000000 -0.628769 0.777593
vn 0.000000 -0.621202 0.783651
vn 0.000000 -0.621202 0.783651
vn 0.000000 -0.613603 0.789615
vn 0.000000 -0.613603 0.789615
vn 0.000000 -0.987791 -0.155787
vn 0.000000 -0.987791 -0.155787
vn 0.000000 -0.989256 -0.146194
vn 0.000000 -0.989256 -0.146194
vn 0.000000 -0.989258 -0.146182
vn 0.000000 -0.989258 -0.146182
vn 0.000000 -0.987791 -0.155787
vn 0.000000 -0.987791 -0.155787
vn 0.000000 -0.989259 -0.146176
vn 0.000000 -0.989259 -0.146176
vn 0.000000 -0.990631 -0.136568
vn 0.000000 -0.990631 -0.136568
vn 0.000000 -0.359020 -0.933330
vn 0.000000 -0.359020 -0.933330
vn 0.000000 -0.367932 -0.929853
vn 0.000000 -0.367932 -0.929853
vn 0.000000 -0.368090 -0.929790
vn 0.000000 -0.368090 -0.929790
vn 0.000000 -0.359020 -0.933330
vn 0.000000 -0.359020 -0.933330
vn 0.000000 -0.367974 -0.929836
vn 0.000000 -0.367974 -0.929836
vn 0.000000 -0.376999 -0.926214
vn 0.000000 -0.376999 -0.926214
vn 0.000000 0.628806 -0.777562
vn 0.000000 0.628806 -0.777562
vn 0.000000 0.621197 -0.783655
vn 0.000000 0.621197 -0.783655
vn 0.000000 0.621255 -0.783608
vn 0.000000 0.621255 -0.783608
vn 0.000000 0.628806 -0.777562
vn 0.000000 0.628806 -0.777562
vn -0.967645 0.247435 -0.049398
vn -0.968290 0.232292 -0.091950
vn -0.960617 0.275690 -0.034801
vn -0.964981 0.258811 -0.042753
vn 0.968290 0.232291 -0.091949
vn 0.967645 0.247434 -0.049398
vn 0.964982 0.258810 -0.042753
vn 0.960617 0.275688 -0.034801
vn -0.967625 0.166522 0.189664
vn -0.968270 0.195823 0.155261
vn -0.960582 0.168023 0.221475
vn -0.964958 0.166460 0.202849
vn 0.968270 0.195823 0.155260
vn 0.967625 0.166522 0.189663
vn 0.964958 0.166460 0.202848
vn 0.960582 0.168022 0.221474
vn -0.967602 -0.081042 0.239120
vn -0.968256 -0.036525 0.247279
vn -0.960564 -0.107814 0.256307
vn -0.964931 -0.092505 0.245666
vn 0.968255 -0.036524 0.247280
vn 0.967602 -0.081042 0.239120
vn 0.964931 -0.092505 0.245665
vn 0.960564 -0.107814 0.256307
vn -0.967643 -0.247444 0.049376
vn -0.968289 -0.232296 0.091952
vn -0.960638 -0.275616 0.034806
vn -0.964977 -0.258832 0.042721
vn 0.968289 -0.232297 0.091953
vn 0.967643 -0.247444 0.049376
vn 0.964977 -0.258831 0.042721
vn 0.960638 -0.275614 0.034806
vn -0.967656 -0.166477 -0.189545
vn -0.968304 -0.195737 -0.155158
vn -0.960620 -0.167985 -0.221337
vn -0.964991 -0.166419 -0.202726
vn 0.968304 -0.195737 -0.155158
vn 0.967656 -0.166478 -0.189545
vn 0.964990 -0.166419 -0.202727
vn 0.960620 -0.167985 -0.221339
vn -0.967672 0.080890 -0.238887
vn -0.968312 0.036520 -0.247059
vn -0.960665 0.107626 -0.256009
vn -0.965016 0.092321 -0.245398
vn 0.968312 0.036520 -0.247058
vn 0.967672 0.080890 -0.238887
vn 0.965016 0.092322 -0.245399
vn 0.960664 0.107628 -0.256011
vn 0.000000 0.929808 -0.368046
vn 0.000000 0.929808 -0.368046
vn 0.000000 0.929808 -0.368046
vn 0.000000 0.929808 -0.368046
vn 0.000000 0.783707 0.621130
vn 0.000000 0.783707 0.621130
vn 0.000000 0.783707 0.621130
vn 0.000000 0.783707 0.621130
vn 0.000000 -0.146025 0.989281
vn 0.000000 -0.146025 0.989281
vn 0.000000 -0.146025 0.989281
vn 0.000000 -0.146025 0.989281
vn 0.000000 -0.929819 0.368018
vn 0.000000 -0.929819 0.368018
vn 0.000000 -0.929819 0.368018
vn 0.000000 -0.929819 0.368018
vn 0.000000 -0.783707 -0.621130
vn 0.000000 -0.783707 -0.621130
vn 0.000000 -0.783707 -0.621130
vn 0.000000 -0.783707 -0.621130
vn 0.000000 0.146025 -0.989281
vn 0.000000 0.146025 -0.989281
vn 0.000000 0.146025 -0.989281
vn 0.000000 0.146025 -0.989281
vn -0.967644 0.214209 -0.133343
vn -0.968290 0.232292 -0.091950
vn -0.967645 0.247435 -0.049398
vn 0.967645 0.247434 -0.049398
vn 0.968290 0.232291 -0.091949
vn 0.967644 0.214208 -0.133342
vn -0.967624 0.222648 0.118878
vn -0.968270 0.195823 0.155261
vn -0.967625 0.166522 0.189664
vn 0.967625 0.166522 0.189663
vn 0.968270 0.195823 0.155260
vn 0.967624 0.222648 0.118877
vn -0.967611 0.008443 0.252305
vn -0.968256 -0.036525 0.247279
vn -0.967602 -0.081042 0.239120
vn 0.967602 -0.081042 0.239120
vn 0.968255 -0.036524 0.247280
vn 0.967610 0.008444 0.252307
vn -0.967641 -0.214212 0.133358
vn -0.968289 -0.232296 0.091952
vn -0.967643 -0.247444 0.049376
vn 0.967643 -0.247444 0.049376
vn 0.968289 -0.232297 0.091953
vn 0.967640 -0.214213 0.133359
vn -0.967663 -0.222507 -0.118821
vn -0.968304 -0.195737 -0.155158
vn -0.967656 -0.166477 -0.189545
vn 0.967656 -0.166478 -0.189545
vn 0.968304 -0.195737 -0.155158
vn 0.967663 -0.222508 -0.118821
vn -0.967663 -0.008331 -0.252111
vn -0.968312 0.036520 -0.247059
vn -0.967672 0.080890 -0.238887
vn 0.967672 0.080890 -0.238887
vn 0.968312 0.036520 -0.247058
vn 0.967663 -0.008331 -0.252109
vn 0.964998 -0.093379 0.245072
vn 0.960640 -0.108736 0.255631
vn 0.968295 -0.037557 0.246970
vn 0.967662 -0.081872 0.238596
vn 0.965002 -0.258917 0.041636
vn 0.960644 -0.275741 0.033619
vn 0.968304 -0.232638 0.090920
vn 0.967665 -0.247566 0.048328
vn 0.964974 -0.165542 -0.203524
vn 0.960615 -0.167014 -0.222093
vn 0.968290 -0.195086 -0.156066
vn 0.967637 -0.165667 -0.190349
vn 0.964974 0.093475 -0.245127
vn 0.960629 0.108804 -0.255643
vn 0.968269 0.037586 -0.247066
vn 0.967629 0.082056 -0.238665
vn 0.964955 0.259090 -0.041635
vn 0.960594 0.275914 -0.033617
vn 0.968272 0.232747 -0.090987
vn 0.967623 0.247731 -0.048331
vn 0.965005 0.165491 0.203418
vn 0.960673 0.166937 0.221901
vn 0.968296 0.195090 0.156020
vn 0.967662 0.165627 0.190258
vn 0.938493 0.345297 0.000104
vn 0.960594 0.275914 -0.033617
vn 0.964955 0.259090 -0.041635
vn 0.960614 0.253359 0.114150
vn 0.938510 0.329649 0.102615
vn 0.964970 0.234931 0.116792
vn 0.938725 0.172342 0.298487
vn 0.960673 0.166937 0.221901
vn 0.965005 0.165491 0.203418
vn 0.960606 0.027820 0.276517
vn 0.938503 0.075914 0.336822
vn 0.964976 0.016293 0.261833
vn 0.938556 -0.172635 0.298849
vn 0.960640 -0.108736 0.255631
vn 0.964998 -0.093379 0.245072
vn 0.960610 -0.225539 0.162359
vn 0.938461 -0.253786 0.234274
vn 0.964988 -0.218568 0.145003
vn 0.938578 -0.345068 -0.000076
vn 0.960644 -0.275741 0.033619
vn 0.965002 -0.258917 0.041636
vn 0.960640 -0.253273 -0.114123
vn 0.938607 -0.329391 -0.102562
vn 0.964985 -0.234880 -0.116773
vn 0.938562 -0.172510 -0.298902
vn 0.960615 -0.167014 -0.222093
vn 0.964974 -0.165542 -0.203524
vn 0.960565 -0.027899 -0.276652
vn 0.938388 -0.076085 -0.337104
vn 0.964940 -0.016372 -0.261960
vn 0.938677 0.172435 -0.298582
vn 0.960629 0.108804 -0.255643
vn 0.964974 0.093475 -0.245127
vn 0.960609 0.225536 -0.162368
vn 0.938555 0.253596 -0.234104
vn 0.964963 0.218623 -0.145090
vn 0.000000 0.988618 0.150449
vn 0.000000 0.987113 0.160024
vn 0.000000 0.987113 0.160024
vn 0.000000 0.988618 0.150449
vn 0.000000 0.624598 -0.780946
vn 0.000000 0.632139 -0.774855
vn 0.000000 0.632139 -0.774855
vn 0.000000 0.624598 -0.780946
vn 0.000000 -0.364036 -0.931385
vn 0.000000 -0.354962 -0.934881
vn 0.000000 -0.354962 -0.934881
vn 0.000000 -0.364036 -0.931385
vn 0.000000 -0.988620 -0.150435
vn 0.000000 -0.987108 -0.160058
vn 0.000000 -0.987108 -0.160058
vn 0.000000 -0.988620 -0.150435
vn 0.000000 -0.624644 0.780909
vn 0.000000 -0.632140 0.774854
vn 0.000000 -0.632140 0.774854
vn 0.000000 -0.624644 0.780909
vn 0.000000 0.363934 0.931425
vn 0.000000 0.354950 0.934885
vn 0.000000 0.354950 0.934885
vn 0.000000 0.363934 0.931425
vn -0.964999 -0.093375 0.245067
vn -0.967663 -0.081868 0.238593
vn -0.968296 -0.037555 0.246969
vn -0.960642 -0.108730 0.255625
vn -0.965002 -0.258916 0.041636
vn -0.967665 -0.247565 0.048328
vn -0.968305 -0.232637 0.090920
vn -0.960644 -0.275740 0.033619
vn -0.964973 -0.165542 -0.203524
vn -0.967637 -0.165667 -0.190350
vn -0.968290 -0.195085 -0.156066
vn -0.960615 -0.167014 -0.222093
vn -0.964975 0.093475 -0.245126
vn -0.967629 0.082056 -0.238664
vn -0.968270 0.037586 -0.247065
vn -0.960630 0.108803 -0.255642
vn -0.964955 0.259092 -0.041635
vn -0.967622 0.247732 -0.048331
vn -0.968271 0.232749 -0.090988
vn -0.960594 0.275916 -0.033617
vn -0.965005 0.165490 0.203419
vn -0.967662 0.165627 0.190258
vn -0.997412 0.056148 0.044904
vn -0.998733 0.030260 0.040223
vn -0.938492 0.345301 0.000104
vn -0.964955 0.259092 -0.041635
vn -0.960594 0.275916 -0.033617
vn -0.960614 0.253359 0.114150
vn -0.964970 0.234931 0.116792
vn -0.938509 0.329652 0.102616
vn -0.999998 0.000911 0.001578
vn -0.965005 0.165490 0.203419
vn -0.998733 0.030260 0.040223
vn -0.960607 0.027819 0.276515
vn -0.964976 0.016293 0.261833
vn -0.938505 0.075913 0.336816
vn -0.938562 -0.172626 0.298834
vn -0.964999 -0.093375 0.245067
vn -0.960642 -0.108730 0.255625
vn -0.960609 -0.225542 0.162361
vn -0.964988 -0.218568 0.145004
vn -0.938456 -0.253794 0.234282
vn -0.938578 -0.345068 -0.000076
vn -0.965002 -0.258916 0.041636
vn -0.960644 -0.275740 0.033619
vn -0.960640 -0.253272 -0.114123
vn -0.964985 -0.234878 -0.116772
vn -0.938607 -0.329391 -0.102561
vn -0.938562 -0.172510 -0.298902
vn -0.964973 -0.165542 -0.203524
vn -0.960615 -0.167014 -0.222093
vn -0.960564 -0.027899 -0.276655
vn -0.964940 -0.016372 -0.261961
vn -0.938384 -0.076088 -0.337115
vn -0.938677 0.172435 -0.298582
vn -0.964975 0.093475 -0.245126
vn -0.960630 0.108803 -0.255642
vn -0.960609 0.225537 -0.162369
vn -0.964962 0.218625 -0.145091
vn -0.938555 0.253596 -0.234104
vn -1.000000 0.000000 0.000000
vn -1.000000 0.000000 0.000000
vn -1.000000 0.000000 0.000000
vn -1.000000 0.000000 0.000000
vn -1.000000 0.000000 0.000000
vn -1.000000 0.000000 0.000000
vn -1.000000 0.000000 0.000000
vn -1.000000 0.000000 0.000000
vn -1.000000 0.000000 0.000000
vn -1.000000 0.000000 0.000000
vn -1.000000 0.000000 0.000000
vn -1.000000 0.000000 0.000000
vn -1.000000 0.000000 0.000000
vn -1.000000 0.000000 0.000000
vn -1.000000 0.000000 0.000000
vn -1.000000 0.000000 0.000000
vn -1.000000 0.000000 0.000000
vn -1.000000 0.000000 0.000000
vn -1.000000 0.000000 0.000000
vn -1.000000 0.000000 0.000000
vn -0.997412 0.056148 0.044904
vn -1.000000 0.000000 0.000000
vn -1.000000 0.000000 0.000000
vn -0.998733 0.030260 0.040223
vn -0.999998 0.000911 0.001578
vn -1.000000 0.000000 0.000000
vn -1.000000 0.000000 0.000000
vn -1.000000 0.000000 0.000000
vn -1.000000 0.000000 0.000000
vn -1.000000 0.000000 0.000000
vn -1.000000 0.000000 0.000000
vn -1.000000 0.000000 0.000000
vn -1.000000 0.000000 0.000000
vn -1.000000 0.000000 0.000000
vn -1.000000 0.000000 0.000000
vn -1.000000 0.000000 0.000000
vn -1.000000 0.000000 0.000000
vn -1.000000 0.000000 0.000000
vn -1.000000 0.000000 0.000000
vn -1.000000 0.000000 0.000000
vn -1.000000 0.000000 0.000000
vn -1.000000 0.000000 0.000000
vn -1.000000 0.000000 0.000000
vn -1.000000 0.000000 0.000000
vn -1.000000 0.000000 0.000000
vn -1.000000 0.000000 0.000000
vn -1.000000 0.000000 0.000000
vn -1.000000 0.000000 0.000000
vn -1.000000 0.000000 0.000000
vn -1.000000 0.000000 0.000000
vn -1.000000 0.000000 0.000000
vn -1.000000 0.000000 0.000000
vn -1.000000 0.000000 0.000000
vn -1.000000 0.000000 0.000000
vn -1.000000 0.000000 0.000000
vn -0.997412 0.056148 0.044904
vn -0.998733 0.030260 0.040223
vn -1.000000 0.000000 0.000000
vn -1.000000 0.000000 0.000000
vn -0.999998 0.000911 0.001578
vn -1.000000 0.000000 0.000000
vn -1.000000 0.000000 0.000000
vn -1.000000 0.000000 0.000000
vn -1.000000 0.000000 0.000000
vn -1.000000 0.000000 0.000000
vn -1.000000 0.000000 0.000000
vn -1.000000 0.000000 0.000000
vn -1.000000 0.000000 0.000000
vn -1.000000 0.000000 0.000000
vn -1.000000 0.000000 0.000000
vn -1.000000 0.000000 0.000000
vn -1.000000 0.000000 0.000000
vn -1.000000 0.000000 0.000000
vn -1.000000 0.000000 0.000000
vn -1.000000 0.000000 0.000000
vn -1.000000 0.000000 0.000000
vn -1.000000 0.000000 0.000000
vn -1.000000 0.000000 0.000000
vn -1.000000 0.000000 0.000000
vn -1.000000 0.000000 0.000000
vn -1.000000 0.000000 0.000000
vn -1.000000 0.000000 0.000000
vn -1.000000 0.000000 0.000000
vn -1.000000 0.000000 0.000000
vn -1.000000 0.000000 0.000000
vn -1.000000 0.000000 0.000000
vn -1.000000 0.000000 0.000000
vn -1.000000 0.000000 0.000000
vn -1.000000 0.000000 0.000000
vn -1.000000 0.000000 0.000000
vn -1.000000 0.000000 0.000000
vn -1.000000 0.000000 0.000000
vn -1.000000 0.000000 0.000000
vn -1.000000 0.000000 0.000000
vn -1.000000 0.000000 0.000000
vn -1.000000 0.000000 0.000000
vn 0.000000 0.364044 0.931382
vn 0.000000 0.364044 0.931382
vn 0.000000 0.354950 0.934885
vn 0.000000 0.354950 0.934885
vn 0.000000 0.990031 0.140851
vn 0.000000 0.990031 0.140851
vn 0.000000 0.988611 0.150491
vn 0.000000 0.988611 0.150491
vn 0.000000 0.988618 0.150449
vn 0.000000 0.988618 0.150449
vn 0.000000 0.990031 0.140851
vn 0.000000 0.990031 0.140851
vn 0.000000 0.988628 0.150383
vn 0.000000 0.988628 0.150383
vn 0.000000 0.987113 0.160024
vn 0.000000 0.987113 0.160024
vn 0.000000 0.616974 -0.786983
vn 0.000000 0.616974 -0.786983
vn 0.000000 0.624673 -0.780886
vn 0.000000 0.624673 -0.780886
vn 0.000000 0.624598 -0.780946
vn 0.000000 0.624598 -0.780946
vn 0.000000 0.616974 -0.786983
vn 0.000000 0.616974 -0.786983
vn 0.000000 0.624470 -0.781049
vn 0.000000 0.624470 -0.781049
vn 0.000000 0.632139 -0.774855
vn 0.000000 0.632139 -0.774855
vn 0.000000 -0.373108 -0.927788
vn 0.000000 -0.373108 -0.927788
vn 0.000000 -0.364153 -0.931339
vn 0.000000 -0.364153 -0.931339
vn 0.000000 -0.364036 -0.931385
vn 0.000000 -0.364036 -0.931385
vn 0.000000 -0.373108 -0.927788
vn 0.000000 -0.373108 -0.927788
vn 0.000000 -0.363988 -0.931404
vn 0.000000 -0.363988 -0.931404
vn 0.000000 -0.354962 -0.934881
vn 0.000000 -0.354962 -0.934881
vn 0.000000 -0.990040 -0.140787
vn 0.000000 -0.990040 -0.140787
vn 0.000000 -0.988623 -0.150414
vn 0.000000 -0.988623 -0.150414
vn 0.000000 -0.988620 -0.150435
vn 0.000000 -0.988620 -0.150435
vn 0.000000 -0.990040 -0.140787
vn 0.000000 -0.990040 -0.140787
vn 0.000000 -0.988620 -0.150436
vn 0.000000 -0.988620 -0.150436
vn 0.000000 -0.987108 -0.160058
vn 0.000000 -0.987108 -0.160058
vn 0.000000 -0.616939 0.787011
vn 0.000000 -0.616939 0.787011
vn 0.000000 -0.624435 0.781077
vn 0.000000 -0.624435 0.781077
vn 0.000000 -0.624644 0.780909
vn 0.000000 -0.624644 0.780909
vn 0.000000 -0.616939 0.787011
vn 0.000000 -0.616939 0.787011
vn 0.000000 -0.624527 0.781003
vn 0.000000 -0.624527 0.781003
vn 0.000000 -0.632140 0.774854
vn 0.000000 -0.632140 0.774854
vn 0.000000 0.372981 0.927839
vn 0.000000 0.372981 0.927839
vn 0.000000 0.364036 0.931385
vn 0.000000 0.364036 0.931385
vn 0.000000 0.363934 0.931425
vn 0.000000 0.363934 0.931425
vn 0.000000 0.372981 0.927839
vn 0.000000 0.372981 0.927839
vn 0.967638 0.222088 0.119807
vn 0.968296 0.195090 0.156020
vn 0.960614 0.253359 0.114150
vn 0.964970 0.234931 0.116792
vn -0.997412 0.056148 0.044904
vn -0.967638 0.222088 0.119806
vn -0.964970 0.234931 0.116792
vn -0.960614 0.253359 0.114150
vn 0.967628 0.214826 -0.132463
vn 0.968272 0.232747 -0.090987
vn 0.960609 0.225536 -0.162368
vn 0.964963 0.218623 -0.145090
vn -0.968271 0.232749 -0.090988
vn -0.967627 0.214828 -0.132464
vn -0.964962 0.218625 -0.145091
vn -0.960609 0.225537 -0.162369
vn 0.967614 -0.007293 -0.252331
vn 0.968269 0.037586 -0.247066
vn 0.960565 -0.027899 -0.276652
vn 0.964940 -0.016372 -0.261960
vn -0.968270 0.037586 -0.247065
vn -0.967614 -0.007294 -0.252331
vn -0.964940 -0.016372 -0.261961
vn -0.960564 -0.027899 -0.276655
vn 0.967647 -0.222052 -0.119798
vn 0.968290 -0.195086 -0.156066
vn 0.960640 -0.253273 -0.114123
vn 0.964985 -0.234880 -0.116773
vn -0.968290 -0.195085 -0.156066
vn -0.967648 -0.222050 -0.119797
vn -0.964985 -0.234878 -0.116772
vn -0.960640 -0.253272 -0.114123
vn 0.967657 -0.214751 0.132372
vn 0.968304 -0.232638 0.090920
vn 0.960610 -0.225539 0.162359
vn 0.964988 -0.218568 0.145003
vn -0.968305 -0.232637 0.090920
vn -0.967657 -0.214751 0.132372
vn -0.964988 -0.218568 0.145004
vn -0.960609 -0.225542 0.162361
vn 0.967641 0.007305 0.252226
vn 0.968295 -0.037557 0.246970
vn 0.960606 0.027820 0.276517
vn 0.964976 0.016293 0.261833
vn -0.968296 -0.037555 0.246969
vn -0.967641 0.007305 0.252226
vn -0.964976 0.016293 0.261833
vn -0.960607 0.027819 0.276515
vn 0.000000 0.780953 0.624589
vn 0.000000 0.780953 0.624589
vn 0.000000 0.780953 0.624589
vn 0.000000 0.780953 0.624589
vn 0.000000 0.931474 -0.363808
vn 0.000000 0.931474 -0.363808
vn 0.000000 0.931474 -0.363808
vn 0.000000 0.931474 -0.363808
vn 0.000000 0.153601 -0.988133
vn 0.000000 0.153601 -0.988133
vn 0.000000 0.153601 -0.988133
vn 0.000000 0.153601 -0.988133
vn 0.000000 -0.780834 -0.624738
vn 0.000000 -0.780834 -0.624738
vn 0.000000 -0.780834 -0.624738
vn 0.000000 -0.780834 -0.624738
vn 0.000000 -0.931497 0.363749
vn 0.000000 -0.931497 0.363749
vn 0.000000 -0.931497 0.363749
vn 0.000000 -0.931497 0.363749
vn 0.000000 -0.147873 0.989006
vn 0.000000 -0.147873 0.989006
vn 0.000000 -0.147873 0.989006
vn 0.000000 -0.147873 0.989006
vn 0.967662 0.165627 0.190258
vn 0.968296 0.195090 0.156020
vn 0.967638 0.222088 0.119807
vn -0.967638 0.222088 0.119806
vn -0.997412 0.056148 0.044904
vn -0.967662 0.165627 0.190258
vn 0.967623 0.247731 -0.048331
vn 0.968272 0.232747 -0.090987
vn 0.967628 0.214826 -0.132463
vn -0.967627 0.214828 -0.132464
vn -0.968271 0.232749 -0.090988
vn -0.967622 0.247732 -0.048331
vn 0.967629 0.082056 -0.238665
vn 0.968269 0.037586 -0.247066
vn 0.967614 -0.007293 -0.252331
vn -0.967614 -0.007294 -0.252331
vn -0.968270 0.037586 -0.247065
vn -0.967629 0.082056 -0.238664
vn 0.967637 -0.165667 -0.190349
vn 0.968290 -0.195086 -0.156066
vn 0.967647 -0.222052 -0.119798
vn -0.967648 -0.222050 -0.119797
vn -0.968290 -0.195085 -0.156066
vn -0.967637 -0.165667 -0.190350
vn 0.967665 -0.247566 0.048328
vn 0.968304 -0.232638 0.090920
vn 0.967657 -0.214751 0.132372
vn -0.967657 -0.214751 0.132372
vn -0.968305 -0.232637 0.090920
vn -0.967665 -0.247565 0.048328
vn 0.967662 -0.081872 0.238596
vn 0.968295 -0.037557 0.246970
vn 0.967641 0.007305 0.252226
vn -0.967641 0.007305 0.252226
vn -0.968296 -0.037555 0.246969
vn -0.967663 -0.081868 0.238593
vn 1.000000 0.000000 0.000000
vn 1.000000 0.000000 0.000000
vn 1.000000 0.000000 0.000000
vn 1.000000 0.000000 0.000000
vn 1.000000 -0.000001 0.000000
vn 1.000000 -0.000001 0.000000
vn 1.000000 -0.000001 0.000000
vn 1.000000 -0.000001 0.000000
vn 1.000000 -0.000001 0.000000
vn 1.000000 -0.000001 0.000000
vn 1.000000 -0.000001 0.000000
vn 1.000000 -0.000001 0.000000
vn 1.000000 0.000000 0.000000
vn 1.000000 0.000000 0.000000
vn 1.000000 0.000000 0.000000
vn 1.000000 0.000000 0.000000
vn 1.000000 0.000000 0.000000
vn 1.000000 -0.000001 0.000000
vn 1.000000 -0.000001 0.000000
vn 1.000000 0.000000 0.000000
vn 1.000000 -0.000001 0.000000
vn 1.000000 0.000000 0.000000
vn 1.000000 0.000000 0.000000
vn 1.000000 -0.000001 0.000000
vn 1.000000 0.000000 0.000000
vn 1.000000 0.000000 0.000000
vn 1.000000 0.000000 0.000000
vn 1.000000 0.000000 0.000000
vn 1.000000 -0.000001 0.000000
vn 1.000000 0.000000 0.000000
vn 1.000000 0.000000 0.000000
vn 1.000000 -0.000001 0.000000
vn 1.000000 -0.000001 0.000000
vn 1.000000 -0.000001 0.000000
vn 1.000000 -0.000001 0.000000
vn 1.000000 -0.000001 0.000000
vn 1.000000 -0.000002 0.000000
vn 1.000000 -0.000002 0.000000
vn 1.000000 -0.000002 0.000000
vn 1.000000 -0.000002 0.000000
vn 1.000000 0.000000 0.000000
vn 1.000000 0.000000 0.000000
vn 1.000000 0.000000 0.000000
vn 1.000000 0.000000 0.000000
vn 1.000000 0.000000 0.000000
vn 1.000000 0.000000 0.000000
vn 1.000000 0.000000 0.000000
vn 1.000000 0.000000 0.000000
vn 1.000000 -0.000001 0.000000
vn 1.000000 -0.000001 0.000000
vn 1.000000 -0.000001 0.000000
vn 1.000000 -0.000001 0.000000
vn 1.000000 0.000000 0.000000
vn 1.000000 -0.000001 0.000000
vn 1.000000 -0.000001 0.000000
vn 1.000000 0.000000 0.000000
vn 1.000000 0.000000 0.000000
vn 1.000000 0.000000 0.000000
vn 1.000000 0.000000 0.000000
vn 1.000000 0.000000 0.000000
vn 1.000000 0.000000 0.000000
vn 1.000000 0.000000 0.000000
vn 1.000000 0.000000 0.000000
vn 1.000000 0.000000 0.000000
vn 1.000000 0.000000 0.000000
vn 1.000000 -0.000001 0.000000
vn 1.000000 -0.000001 0.000000
vn 1.000000 0.000000 0.000000
vn 1.000000 -0.000001 0.000000
vn 1.000000 -0.000001 0.000000
vn 1.000000 -0.000001 0.000000
vn 1.000000 -0.000001 0.000000
vn 1.000000 -0.000001 0.000000
vn 1.000000 -0.000002 0.000000
vn 1.000000 -0.000002 0.000000
vn 1.000000 -0.000001 0.000000
vn 1.000000 -0.000002 0.000000
vn 1.000000 -0.000001 0.000000
vn 1.000000 -0.000001 0.000000
vn 1.000000 -0.000002 0.000000
vn 1.000000 -0.000001 0.000000
vn 1.000000 0.000000 0.000000
vn 1.000000 0.000000 0.000000
vn 1.000000 -0.000001 0.000000
vn 1.000000 0.000000 0.000000
vn 1.000000 0.000000 0.000000
vn 1.000000 0.000000 0.000000
vn 1.000000 0.000000 0.000000
vn 1.000000 0.000000 0.000000
vn 1.000000 0.000000 0.000000
vn 1.000000 0.000000 0.000000
vn 1.000000 0.000000 0.000000
vn 1.000000 0.000000 0.000000
vn 1.000000 0.000000 0.000000
vn 1.000000 0.000000 0.000000
vn 1.000000 0.000000 0.000000
vn 0.000000 -0.150357 0.988632
vn 0.000000 -0.392205 0.919878
vn 0.000000 -0.392205 0.919878
vn 0.000000 -0.150357 0.988632
vn 0.000000 -0.931399 0.364000
vn 0.000000 -0.992733 0.120342
vn 0.000000 -0.992733 0.120342
vn 0.000000 -0.931399 0.364000
vn 0.000000 -0.780913 -0.624639
vn 0.000000 -0.600528 -0.799604
vn 0.000000 -0.600528 -0.799604
vn 0.000000 -0.780913 -0.624639
vn 0.000000 0.150445 -0.988618
vn 0.000000 0.392419 -0.919787
vn 0.000000 0.392419 -0.919787
vn 0.000000 0.150445 -0.988618
vn 0.000000 0.931379 -0.364052
vn 0.000000 0.992745 -0.120236
vn 0.000000 0.992745 -0.120236
vn 0.000000 0.931379 -0.364052
vn 0.000000 0.780939 0.624607
vn 0.000000 0.600500 0.799625
vn 0.000000 0.600500 0.799625
vn 0.000000 0.780939 0.624607
vn 0.000000 0.364055 0.931377
vn 0.000000 0.100827 0.994904
vn 0.000000 0.100827 0.994904
vn 0.000000 0.364055 0.931377
vn 0.000000 0.988616 0.150462
vn 0.000000 0.912033 0.410118
vn 0.000000 0.912033 0.410118
vn 0.000000 0.988616 0.150462
vn 0.000000 -0.624632 0.780919
vn 0.000000 -0.811233 0.584723
vn 0.000000 -0.811233 0.584723
vn 0.000000 -0.624632 0.780919
vn 0.000000 -0.988617 -0.150457
vn 0.000000 -0.912032 -0.410119
vn 0.000000 -0.912032 -0.410119
vn 0.000000 -0.988617 -0.150457
vn 0.000000 -0.364113 -0.931355
vn 0.000000 -0.100943 -0.994892
vn 0.000000 -0.100943 -0.994892
vn 0.000000 -0.364113 -0.931355
vn 0.000000 0.624532 -0.780999
vn 0.000000 0.811119 -0.584881
vn 0.000000 0.811119 -0.584881
vn 0.000000 0.624532 -0.780999
vn 0.000000 0.992745 -0.120236
vn 0.000000 0.988616 0.150462
vn 0.000000 0.988616 0.150462
vn 0.000000 0.992745 -0.120236
vn 0.000000 0.912033 0.410118
vn 0.000000 0.780939 0.624607
vn 0.000000 0.780939 0.624607
vn 0.000000 0.912033 0.410118
vn 0.000000 0.600500 0.799625
vn 0.000000 0.364055 0.931377
vn 0.000000 0.364055 0.931377
vn 0.000000 0.600500 0.799625
vn 0.000000 0.100827 0.994904
vn 0.000000 -0.150357 0.988632
vn 0.000000 -0.150357 0.988632
vn 0.000000 0.100827 0.994904
vn 0.000000 -0.392205 0.919878
vn 0.000000 -0.624632 0.780919
vn 0.000000 -0.624632 0.780919
vn 0.000000 -0.392205 0.919878
vn 0.000000 -0.811233 0.584723
vn 0.000000 -0.931399 0.364000
vn 0.000000 -0.931399 0.364000
vn 0.000000 -0.811233 0.584723
vn 0.000000 -0.992733 0.120342
vn 0.000000 -0.988617 -0.150457
vn 0.000000 -0.988617 -0.150457
vn 0.000000 -0.992733 0.120342
vn 0.000000 -0.912032 -0.410119
vn 0.000000 -0.780913 -0.624639
vn 0.000000 -0.780913 -0.624639
vn 0.000000 -0.912032 -0.410119
vn 0.000000 -0.600528 -0.799604
vn 0.000000 -0.364113 -0.931355
vn 0.000000 -0.364113 -0.931355
vn 0.000000 -0.600528 -0.799604
vn 0.000000 -0.100943 -0.994892
vn 0.000000 0.150445 -0.988618
vn 0.000000 0.150445 -0.988618
vn 0.000000 -0.100943 -0.994892
vn 0.000000 0.392419 -0.919787
vn 0.000000 0.624532 -0.780999
vn 0.000000 0.624532 -0.780999
vn 0.000000 0.392419 -0.919787
vn 0.000000 0.811119 -0.584881
vn 0.000000 0.931379 -0.364052
vn 0.000000 0.931379 -0.364052
vn 0.000000 0.811119 -0.584881
vn 1.000000 0.000000 0.000000
vn 1.000000 0.000000 0.000000
vn 1.000000 0.000000 0.000000
vn 1.000000 0.000000 0.000000
vn 1.000000 0.000000 0.000000
vn 1.000000 0.000000 0.000000
vn 1.000000 0.000000 0.000000
vn 1.000000 0.000000 0.000000
vn 1.000000 0.000000 0.000000
vn 1.000000 0.000000 0.000000
vn 1.000000 0.000000 0.000000
vn 1.000000 0.000000 0.000000
vn 1.000000 0.000000 0.000000
vn 1.000000 0.000000 0.000000
vn 1.000000 0.000000 0.000000
vn 1.000000 0.000000 0.000000
vn 1.000000 0.000000 0.000000
vn 1.000000 0.000000 0.000000
vn 1.000000 0.000000 0.000000
vn 1.000000 0.000000 0.000000
vn 1.000000 0.000000 0.000000
vn 1.000000 0.000000 0.000000
vn 1.000000 0.000000 0.000000
vn 1.000000 0.000000 0.000000
vn 1.000000 0.000000 0.000000
vn 1.000000 0.000000 0.000000
vn 1.000000 0.000000 0.000000
vn 1.000000 0.000000 0.000000
vn 1.000000 0.000000 0.000000
vn 1.000000 0.000000 0.000000
vn 1.000000 0.000000 0.000000
vn 1.000000 0.000000 0.000000
vn 1.000000 0.000000 0.000000
vn 1.000000 0.000000 0.000000
vn 1.000000 0.000000 0.000000
vn 1.000000 0.000000 0.000000
vn 1.000000 0.000000 0.000000
vn 1.000000 0.000000 0.000000
vn 1.000000 0.000000 0.000000
vn 1.000000 0.000000 0.000000
vn 1.000000 0.000000 0.000000
vn 1.000000 0.000000 0.000000
vn 1.000000 0.000000 0.000000
vn 1.000000 0.000000 0.000000
vn 1.000000 0.000000 0.000000
vn 1.000000 0.000000 0.000000
vn 1.000000 0.000000 0.000000
vn 1.000000 0.000000 0.000000
vn 1.000000 0.000000 0.000000
vn 1.000000 0.000000 0.000000
vn 1.000000 0.000000 0.000000
vn 1.000000 0.000000 0.000000
vn 1.000000 0.000000 0.000000
vn 1.000000 0.000000 0.000000
vn 1.000000 0.000000 0.000000
vn 1.000000 0.000000 0.000000
vn 1.000000 0.000000 0.000000
vn 1.000000 0.000000 0.000000
vn 1.000000 0.000000 0.000000
vn 1.000000 0.000000 0.000000
vn 1.000000 0.000000 0.000000
vn 1.000000 0.000000 0.000000
vn 1.000000 0.000000 0.000000
vn 1.000000 0.000000 0.000000
vn 1.000000 0.000000 0.000000
vn 1.000000 0.000000 0.000000
vn 1.000000 0.000000 0.000000
vn 1.000000 0.000000 0.000000
vn 1.000000 0.000000 0.000000
vn 1.000000 0.000000 0.000000
vn 1.000000 0.000000 0.000000
vn 1.000000 0.000000 0.000000
vn 1.000000 0.000000 0.000000
vn 1.000000 0.000000 0.000000
vn 1.000000 0.000000 0.000000
vn 1.000000 0.000000 0.000000
vn 1.000000 0.000000 0.000000
vn 1.000000 0.000000 0.000000
vn 1.000000 0.000000 0.000000
vn 1.000000 0.000000 0.000000
vn 1.000000 0.000000 0.000000
vn 1.000000 0.000000 0.000000
vn 1.000000 0.000000 0.000000
vn 1.000000 0.000000 0.000000
vn 1.000000 0.000000 0.000000
vn 1.000000 0.000000 0.000000
vn 1.000000 0.000000 0.000000
vn 1.000000 0.000000 0.000000
vn 1.000000 0.000000 0.000000
vn 1.000000 0.000000 0.000000
vn 1.000000 0.000000 0.000000
vn 1.000000 0.000000 0.000000
vn 1.000000 0.000000 0.000000
vn 1.000000 0.000000 0.000000
vn 1.000000 0.000000 0.000000
vn 1.000000 0.000000 0.000000
vn 0.000000 -0.150359 0.988632
vn 0.000000 -0.392110 0.919918
vn 0.000000 -0.392110 0.919918
vn 0.000000 -0.150359 0.988632
vn 0.000000 -0.931420 0.363947
vn 0.000000 -0.992737 0.120307
vn 0.000000 -0.992737 0.120307
vn 0.000000 -0.931420 0.363947
vn 0.000000 -0.780901 -0.624655
vn 0.000000 -0.600452 -0.799661
vn 0.000000 -0.600452 -0.799661
vn 0.000000 -0.780901 -0.624655
vn 0.000000 0.150501 -0.988610
vn 0.000000 0.392337 -0.919822
vn 0.000000 0.392337 -0.919822
vn 0.000000 0.150501 -0.988610
vn 0.000000 0.931366 -0.364084
vn 0.000000 0.992746 -0.120228
vn 0.000000 0.992746 -0.120228
vn 0.000000 0.931366 -0.364084
vn 0.000000 0.780938 0.624609
vn 0.000000 0.600434 0.799674
vn 0.000000 0.600434 0.799674
vn 0.000000 0.780938 0.624609
vn 0.000000 0.364009 0.931396
vn 0.000000 0.100789 0.994908
vn 0.000000 0.100789 0.994908
vn 0.000000 0.364009 0.931396
vn 0.000000 0.988616 0.150460
vn 0.000000 0.912046 0.410087
vn 0.000000 0.912046 0.410087
vn 0.000000 0.988616 0.150460
vn 0.000000 -0.624654 0.780902
vn 0.000000 -0.811211 0.584753
vn 0.000000 -0.811211 0.584753
vn 0.000000 -0.624654 0.780902
vn 0.000000 -0.988616 -0.150461
vn 0.000000 -0.912041 -0.410099
vn 0.000000 -0.912041 -0.410099
vn 0.000000 -0.988616 -0.150461
vn 0.000000 -0.364101 -0.931360
vn 0.000000 -0.100956 -0.994891
vn 0.000000 -0.100956 -0.994891
vn 0.000000 -0.364101 -0.931360
vn 0.000000 0.624537 -0.780995
vn 0.000000 0.811142 -0.584850
vn 0.000000 0.811142 -0.584850
vn 0.000000 0.624537 -0.780995
vn 0.000000 0.992746 -0.120228
vn 0.000000 0.988616 0.150460
vn 0.000000 0.988616 0.150460
vn 0.000000 0.992746 -0.120228
vn 0.000000 0.912046 0.410087
vn 0.000000 0.780938 0.624609
vn 0.000000 0.780938 0.624609
vn 0.000000 0.912046 0.410087
vn 0.000000 0.600434 0.799674
vn 0.000000 0.364009 0.931396
vn 0.000000 0.364009 0.931396
vn 0.000000 0.600434 0.799674
vn 0.000000 0.100789 0.994908
vn 0.000000 -0.150359 0.988632
vn 0.000000 -0.150359 0.988632
vn 0.000000 0.100789 0.994908
vn 0.000000 -0.392110 0.919918
vn 0.000000 -0.624654 0.780902
vn 0.000000 -0.624654 0.780902
vn 0.000000 -0.392110 0.919918
vn 0.000000 -0.811211 0.584753
vn 0.000000 -0.931420 0.363947
vn 0.000000 -0.931420 0.363947
vn 0.000000 -0.811211 0.584753
vn 0.000000 -0.992737 0.120307
vn 0.000000 -0.988616 -0.150461
vn 0.000000 -0.988616 -0.150461
vn 0.000000 -0.992737 0.120307
vn 0.000000 -0.912041 -0.410099
vn 0.000000 -0.780901 -0.624655
vn 0.000000 -0.780901 -0.624655
vn 0.000000 -0.912041 -0.410099
vn 0.000000 -0.600452 -0.799661
vn 0.000000 -0.364101 -0.931360
vn 0.000000 -0.364101 -0.931360
vn 0.000000 -0.600452 -0.799661
vn 0.000000 -0.100956 -0.994891
vn 0.000000 0.150501 -0.988610
vn 0.000000 0.150501 -0.988610
vn 0.000000 -0.100956 -0.994891
vn 0.000000 0.392337 -0.919822
vn 0.000000 0.624537 -0.780995
vn 0.000000 0.624537 -0.780995
vn 0.000000 0.392337 -0.919822
vn 0.000000 0.811142 -0.584850
vn 0.000000 0.931366 -0.364084
vn 0.000000 0.931366 -0.364084
vn 0.000000 0.811142 -0.584850
vn -0.862415 -0.076097 0.500450
vn -0.862403 -0.198228 0.465796
vn -0.862406 -0.198846 0.465528
vn -0.862415 -0.076103 0.500449
vn -0.862372 -0.471555 0.184256
vn -0.862358 -0.502584 0.061222
vn -0.862361 -0.502660 0.060553
vn -0.862372 -0.471553 0.184263
vn -0.862344 -0.395386 -0.316279
vn -0.862327 -0.304295 -0.404717
vn -0.862330 -0.303756 -0.405116
vn -0.862344 -0.395394 -0.316269
vn -0.862430 0.076222 -0.500405
vn -0.862339 0.198386 -0.465848
vn -0.862341 0.198998 -0.465582
vn -0.862430 0.076214 -0.500406
vn -0.862374 0.471528 -0.184318
vn -0.862350 0.502603 -0.061178
vn -0.862353 0.502679 -0.060514
vn -0.862374 0.471523 -0.184329
vn -0.862317 0.395436 0.316290
vn -0.862344 0.304302 0.404677
vn -0.862347 0.303766 0.405072
vn -0.862317 0.395458 0.316262
vn -0.863559 0.183559 0.469651
vn -0.862398 0.050708 0.503685
vn -0.862401 0.051376 0.503613
vn -0.863559 0.183543 0.469657
vn -0.863502 0.498604 0.075882
vn -0.862327 0.461681 0.207949
vn -0.862330 0.461960 0.207315
vn -0.863502 0.498604 0.075881
vn -0.863537 -0.315006 0.393795
vn -0.862368 -0.410888 0.295792
vn -0.862371 -0.410488 0.296337
vn -0.863537 -0.315002 0.393798
vn -0.863522 -0.498569 -0.075883
vn -0.862338 -0.461662 -0.207945
vn -0.862341 -0.461939 -0.207316
vn -0.863523 -0.498569 -0.075880
vn -0.863519 -0.183643 -0.469692
vn -0.862409 -0.050833 -0.503654
vn -0.862411 -0.051482 -0.503583
vn -0.863519 -0.183640 -0.469693
vn -0.863500 0.314982 -0.393897
vn -0.862350 0.410864 -0.295876
vn -0.862353 0.410480 -0.296400
vn -0.863500 0.314983 -0.393895
vn -0.862350 0.502603 -0.061178
vn -0.863502 0.498604 0.075882
vn -0.863502 0.498604 0.075881
vn -0.862353 0.502679 -0.060514
vn -0.862327 0.461681 0.207949
vn -0.862317 0.395436 0.316290
vn -0.862317 0.395458 0.316262
vn -0.862330 0.461960 0.207315
vn -0.862344 0.304302 0.404677
vn -0.863559 0.183559 0.469651
vn -0.863559 0.183543 0.469657
vn -0.862347 0.303766 0.405072
vn -0.862398 0.050708 0.503685
vn -0.862415 -0.076097 0.500450
vn -0.862415 -0.076103 0.500449
vn -0.862401 0.051376 0.503613
vn -0.862403 -0.198228 0.465796
vn -0.863537 -0.315006 0.393795
vn -0.863537 -0.315002 0.393798
vn -0.862406 -0.198846 0.465528
vn -0.862368 -0.410888 0.295792
vn -0.862372 -0.471555 0.184256
vn -0.862372 -0.471553 0.184263
vn -0.862371 -0.410488 0.296337
vn -0.862358 -0.502584 0.061222
vn -0.863522 -0.498569 -0.075883
vn -0.863523 -0.498569 -0.075880
vn -0.862361 -0.502660 0.060553
vn -0.862338 -0.461662 -0.207945
vn -0.862344 -0.395386 -0.316279
vn -0.862344 -0.395394 -0.316269
vn -0.862341 -0.461939 -0.207316
vn -0.862327 -0.304295 -0.404717
vn -0.863519 -0.183643 -0.469692
vn -0.863519 -0.183640 -0.469693
vn -0.862330 -0.303756 -0.405116
vn -0.862409 -0.050833 -0.503654
vn -0.862430 0.076222 -0.500405
vn -0.862430 0.076214 -0.500406
vn -0.862411 -0.051482 -0.503583
vn -0.862339 0.198386 -0.465848
vn -0.863500 0.314982 -0.393897
vn -0.863500 0.314983 -0.393895
vn -0.862341 0.198998 -0.465582
vn -0.862350 0.410864 -0.295876
vn -0.862374 0.471528 -0.184318
vn -0.862374 0.471523 -0.184329
vn -0.862353 0.410480 -0.296400
vn 0.000000 -0.150313 0.988639
vn 0.000000 -0.392199 0.919880
vn 0.000000 -0.392199 0.919880
vn 0.000000 -0.150313 0.988639
vn 0.000000 -0.931417 0.363953
vn 0.000000 -0.992737 0.120306
vn 0.000000 -0.992737 0.120306
vn 0.000000 -0.931417 0.363953
vn 0.000000 -0.780911 -0.624643
vn 0.000000 -0.600473 -0.799645
vn 0.000000 -0.600473 -0.799645
vn 0.000000 -0.780911 -0.624643
vn 0.000000 0.150655 -0.988586
vn 0.000000 0.392414 -0.919789
vn 0.000000 0.392414 -0.919789
vn 0.000000 0.150655 -0.988586
vn 0.000000 0.931370 -0.364073
vn 0.000000 0.992748 -0.120212
vn 0.000000 0.992748 -0.120212
vn 0.000000 0.931370 -0.364073
vn 0.000000 0.780953 0.624590
vn 0.000000 0.600590 0.799557
vn 0.000000 0.600590 0.799557
vn 0.000000 0.780953 0.624590
vn 0.000000 0.364014 0.931394
vn 0.000000 0.100782 0.994909
vn 0.000000 0.100782 0.994909
vn 0.000000 0.364014 0.931394
vn 0.000000 0.988618 0.150448
vn 0.000000 0.912035 0.410113
vn 0.000000 0.912035 0.410113
vn 0.000000 0.988618 0.150448
vn 0.000000 -0.624656 0.780900
vn 0.000000 -0.811217 0.584745
vn 0.000000 -0.811217 0.584745
vn 0.000000 -0.624656 0.780900
vn 0.000000 -0.988614 -0.150472
vn 0.000000 -0.912028 -0.410127
vn 0.000000 -0.912028 -0.410127
vn 0.000000 -0.988614 -0.150472
vn 0.000000 -0.364181 -0.931328
vn 0.000000 -0.101080 -0.994878
vn 0.000000 -0.101080 -0.994878
vn 0.000000 -0.364181 -0.931328
vn 0.000000 0.624526 -0.781004
vn 0.000000 0.811128 -0.584869
vn 0.000000 0.811128 -0.584869
vn 0.000000 0.624526 -0.781004
vn 0.000000 0.992748 -0.120212
vn 0.000000 0.988618 0.150448
vn 0.000000 0.988618 0.150448
vn 0.000000 0.992748 -0.120212
vn 0.000000 0.912035 0.410113
vn 0.000000 0.780953 0.624590
vn 0.000000 0.780953 0.624590
vn 0.000000 0.912035 0.410113
vn 0.000000 0.600590 0.799557
vn 0.000000 0.364014 0.931394
vn 0.000000 0.364014 0.931394
vn 0.000000 0.600590 0.799557
vn 0.000000 0.100782 0.994909
vn 0.000000 -0.150313 0.988639
vn 0.000000 -0.150313 0.988639
vn 0.000000 0.100782 0.994909
vn 0.000000 -0.392199 0.919880
vn 0.000000 -0.624656 0.780900
vn 0.000000 -0.624656 0.780900
vn 0.000000 -0.392199 0.919880
vn 0.000000 -0.811217 0.584745
vn 0.000000 -0.931417 0.363953
vn 0.000000 -0.931417 0.363953
vn 0.000000 -0.811217 0.584745
vn 0.000000 -0.992737 0.120306
vn 0.000000 -0.988614 -0.150472
vn 0.000000 -0.988614 -0.150472
vn 0.000000 -0.992737 0.120306
vn 0.000000 -0.912028 -0.410127
vn 0.000000 -0.780911 -0.624643
vn 0.000000 -0.780911 -0.624643
vn 0.000000 -0.912028 -0.410127
vn 0.000000 -0.600473 -0.799645
vn 0.000000 -0.364181 -0.931328
vn 0.000000 -0.364181 -0.931328
vn 0.000000 -0.600473 -0.799645
vn 0.000000 -0.101080 -0.994878
vn 0.000000 0.150655 -0.988586
vn 0.000000 0.150655 -0.988586
vn 0.000000 -0.101080 -0.994878
vn 0.000000 0.392414 -0.919789
vn 0.000000 0.624526 -0.781004
vn 0.000000 0.624526 -0.781004
vn 0.000000 0.392414 -0.919789
vn 0.000000 0.811128 -0.584869
vn 0.000000 0.931370 -0.364073
vn 0.000000 0.931370 -0.364073
vn 0.000000 0.811128 -0.584869
vn 0.721390 -0.104092 0.684661
vn 0.721356 -0.271965 0.636930
vn 0.721353 -0.271251 0.637239
vn 0.721390 -0.104083 0.684662
vn 0.721310 -0.645114 0.252071
vn 0.721311 -0.687630 0.082916
vn 0.721307 -0.687540 0.083694
vn 0.721310 -0.645118 0.252063
vn 0.721342 -0.540842 -0.432615
vn 0.721307 -0.415586 -0.554080
vn 0.721303 -0.416198 -0.553626
vn 0.721342 -0.540847 -0.432608
vn 0.721374 0.104275 -0.684651
vn 0.721229 0.272154 -0.636994
vn 0.721226 0.271455 -0.637295
vn 0.721374 0.104287 -0.684649
vn 0.721345 0.645041 -0.252158
vn 0.721317 0.687631 -0.082863
vn 0.721313 0.687543 -0.083622
vn 0.721345 0.645044 -0.252149
vn 0.721289 0.540923 0.432602
vn 0.721288 0.415644 0.554061
vn 0.721284 0.416259 0.553605
vn 0.721289 0.540910 0.432618
vn 0.723168 0.251392 0.643296
vn 0.721368 0.070183 0.688987
vn 0.721364 0.069412 0.689069
vn 0.723168 0.251397 0.643294
vn 0.723126 0.682854 0.103918
vn 0.721299 0.631868 0.283674
vn 0.721295 0.631556 0.284379
vn 0.723126 0.682854 0.103920
vn 0.723118 -0.431449 0.539400
vn 0.721283 -0.561649 0.405341
vn 0.721279 -0.562099 0.404723
vn 0.723118 -0.431448 0.539401
vn 0.723136 -0.682843 -0.103921
vn 0.721311 -0.631844 -0.283697
vn 0.721307 -0.631533 -0.284398
vn 0.723136 -0.682843 -0.103923
vn 0.723144 -0.251507 -0.643278
vn 0.721371 -0.070382 -0.688963
vn 0.721368 -0.069640 -0.689042
vn 0.723144 -0.251518 -0.643274
vn 0.723064 0.431438 -0.539481
vn 0.721293 0.561595 -0.405397
vn 0.721290 0.562044 -0.404781
vn 0.723064 0.431428 -0.539489
vn 0.721317 0.687631 -0.082863
vn 0.723126 0.682854 0.103918
vn 0.723126 0.682854 0.103920
vn 0.721313 0.687543 -0.083622
vn 0.721299 0.631868 0.283674
vn 0.721289 0.540923 0.432602
vn 0.721289 0.540910 0.432618
vn 0.721295 0.631556 0.284379
vn 0.721288 0.415644 0.554061
vn 0.723168 0.251392 0.643296
vn 0.723168 0.251397 0.643294
vn 0.721284 0.416259 0.553605
vn 0.721368 0.070183 0.688987
vn 0.721390 -0.104092 0.684661
vn 0.721390 -0.104083 0.684662
vn 0.721364 0.069412 0.689069
vn 0.721356 -0.271965 0.636930
vn 0.723118 -0.431449 0.539400
vn 0.723118 -0.431448 0.539401
vn 0.721353 -0.271251 0.637239
vn 0.721283 -0.561649 0.405341
vn 0.721310 -0.645114 0.252071
vn 0.721310 -0.645118 0.252063
vn 0.721279 -0.562099 0.404723
vn 0.721311 -0.687630 0.082916
vn 0.723136 -0.682843 -0.103921
vn 0.723136 -0.682843 -0.103923
vn 0.721307 -0.687540 0.083694
vn 0.721311 -0.631844 -0.283697
vn 0.721342 -0.540842 -0.432615
vn 0.721342 -0.540847 -0.432608
vn 0.721307 -0.631533 -0.284398
vn 0.721307 -0.415586 -0.554080
vn 0.723144 -0.251507 -0.643278
vn 0.723144 -0.251518 -0.643274
vn 0.721303 -0.416198 -0.553626
vn 0.721371 -0.070382 -0.688963
vn 0.721374 0.104275 -0.684651
vn 0.721374 0.104287 -0.684649
vn 0.721368 -0.069640 -0.689042
vn 0.721229 0.272154 -0.636994
vn 0.723064 0.431438 -0.539481
vn 0.723064 0.431428 -0.539489
vn 0.721226 0.271455 -0.637295
vn 0.721293 0.561595 -0.405397
vn 0.721345 0.645041 -0.252158
vn 0.721345 0.645044 -0.252149
vn 0.721290 0.562044 -0.404781
vn 1.000000 -0.000001 0.000000
vn 1.000000 0.000000 0.000000
vn 1.000000 0.000000 0.000000
vn 1.000000 -0.000001 0.000000
vn 1.000000 0.000000 0.000000
vn 1.000000 0.000000 0.000000
vn 1.000000 0.000000 0.000000
vn 1.000000 0.000000 0.000000
vn 1.000000 0.000000 0.000000
vn 1.000000 0.000000 0.000000
vn 1.000000 0.000000 0.000000
vn 1.000000 0.000000 0.000000
vn 1.000000 0.000000 0.000000
vn 1.000000 0.000000 0.000000
vn 1.000000 0.000000 0.000000
vn 1.000000 0.000000 0.000000
vn 1.000000 0.000000 0.000000
vn 1.000000 0.000000 0.000000
vn 1.000000 0.000000 0.000000
vn 1.000000 0.000000 0.000000
vn 1.000000 0.000000 0.000000
vn 1.000000 0.000000 0.000000
vn 1.000000 0.000000 0.000000
vn 1.000000 0.000000 0.000000
vn 1.000000 0.000000 0.000000
vn 1.000000 -0.000001 0.000000
vn 1.000000 -0.000001 0.000000
vn 1.000000 0.000000 0.000000
vn 1.000000 0.000000 0.000000
vn 1.000000 0.000000 0.000000
vn 1.000000 0.000000 0.000000
vn 1.000000 0.000000 0.000000
vn 1.000000 0.000000 0.000000
vn 1.000000 0.000000 0.000000
vn 1.000000 0.000000 0.000000
vn 1.000000 0.000000 0.000000
vn 1.000000 0.000000 0.000000
vn 1.000000 0.000000 0.000000
vn 1.000000 0.000000 0.000000
vn 1.000000 0.000000 0.000000
vn 1.000000 0.000000 0.000000
vn 1.000000 0.000000 0.000000
vn 1.000000 0.000000 0.000000
vn 1.000000 0.000000 0.000000
vn 1.000000 0.000000 0.000000
vn 1.000000 0.000000 0.000000
vn 1.000000 0.000000 0.000000
vn 1.000000 0.000000 0.000000
vn 1.000000 0.000000 0.000000
vn 1.000000 0.000000 0.000000
vn 1.000000 0.000000 0.000000
vn 1.000000 0.000000 0.000000
vn 1.000000 0.000000 0.000000
vn 1.000000 0.000000 0.000000
vn 1.000000 0.000000 0.000000
vn 1.000000 0.000000 0.000000
vn 1.000000 0.000000 0.000000
vn 1.000000 0.000000 0.000000
vn 1.000000 0.000000 0.000000
vn 1.000000 0.000000 0.000000
vn 1.000000 -0.000001 0.000000
vn 1.000000 -0.000001 0.000000
vn 1.000000 -0.000001 0.000000
vn 1.000000 -0.000001 0.000000
vn 1.000000 0.000000 0.000000
vn 1.000000 0.000000 0.000000
vn 1.000000 0.000000 0.000000
vn 1.000000 0.000000 0.000000
vn 1.000000 0.000000 0.000000
vn 1.000000 0.000000 0.000000
vn 1.000000 0.000000 0.000000
vn 1.000000 0.000000 0.000000
vn 1.000000 0.000000 0.000000
vn 1.000000 0.000000 0.000000
vn 1.000000 0.000000 0.000000
vn 1.000000 0.000000 0.000000
vn 1.000000 0.000000 0.000000
vn 1.000000 0.000000 0.000000
vn 1.000000 0.000000 0.000000
vn 1.000000 0.000000 0.000000
vn 1.000000 0.000000 0.000000
vn 1.000000 0.000000 0.000000
vn 1.000000 0.000000 0.000000
vn 1.000000 0.000000 0.000000
vn 1.000000 0.000000 0.000000
vn 1.000000 0.000000 0.000000
vn 1.000000 0.000000 0.000000
vn 1.000000 0.000000 0.000000
vn 1.000000 0.000000 0.000000
vn 1.000000 0.000000 0.000000
vn 1.000000 0.000000 0.000000
vn 1.000000 0.000000 0.000000
vn 1.000000 0.000000 0.000000
vn 1.000000 0.000000 0.000000
vn 1.000000 0.000000 0.000000
vn 1.000000 0.000000 0.000000
vn 0.000994 0.148263 -0.988948
vn 0.001058 0.394704 -0.918808
vn 0.001058 0.394671 -0.918822
vn 0.000994 0.148228 -0.988953
vn 0.000998 0.930628 -0.365965
vn 0.001065 0.993064 -0.117572
vn 0.001065 0.993059 -0.117610
vn 0.000998 0.930614 -0.366001
vn 0.001011 0.782288 0.622916
vn 0.001076 0.598407 0.801192
vn 0.001076 0.598436 0.801170
vn 0.001011 0.782312 0.622886
vn 0.001020 -0.148416 0.988925
vn 0.001084 -0.394758 0.918784
vn 0.001084 -0.394726 0.918798
vn 0.001020 -0.148381 0.988930
vn 0.001013 -0.930608 0.366016
vn 0.001075 -0.993066 0.117557
vn 0.001075 -0.993062 0.117591
vn 0.001013 -0.930595 0.366049
vn 0.001004 -0.782217 -0.623006
vn 0.001066 -0.598326 -0.801252
vn 0.001066 -0.598354 -0.801232
vn 0.001004 -0.782238 -0.622979
vn 0.001135 -0.366006 -0.930612
vn 0.001064 -0.107759 -0.994177
vn 0.001064 -0.107792 -0.994173
vn 0.001135 -0.366041 -0.930598
vn 0.001142 -0.988935 -0.148344
vn 0.001072 -0.914875 -0.403737
vn 0.001072 -0.914888 -0.403707
vn 0.001142 -0.988941 -0.148308
vn 0.001131 0.622935 -0.782273
vn 0.001065 0.807107 -0.590405
vn 0.001065 0.807086 -0.590433
vn 0.001131 0.622904 -0.782297
vn 0.001139 0.988936 0.148338
vn 0.001075 0.914854 0.403783
vn 0.001075 0.914869 0.403749
vn 0.001139 0.988942 0.148298
vn 0.001147 0.365942 0.930637
vn 0.001083 0.107747 0.994178
vn 0.001083 0.107782 0.994174
vn 0.001147 0.365979 0.930622
vn 0.001151 -0.622920 0.782284
vn 0.001082 -0.807101 0.590413
vn 0.001082 -0.807082 0.590439
vn 0.001151 -0.622891 0.782308
vn 0.001075 -0.993066 0.117557
vn 0.001142 -0.988935 -0.148344
vn 0.001142 -0.988941 -0.148308
vn 0.001075 -0.993062 0.117591
vn 0.001072 -0.914875 -0.403737
vn 0.001004 -0.782217 -0.623006
vn 0.001004 -0.782238 -0.622979
vn 0.001072 -0.914888 -0.403707
vn 0.001066 -0.598326 -0.801252
vn 0.001135 -0.366006 -0.930612
vn 0.001135 -0.366041 -0.930598
vn 0.001066 -0.598354 -0.801232
vn 0.001064 -0.107759 -0.994177
vn 0.000994 0.148263 -0.988948
vn 0.000994 0.148228 -0.988953
vn 0.001064 -0.107792 -0.994173
vn 0.001058 0.394704 -0.918808
vn 0.001131 0.622935 -0.782273
vn 0.001131 0.622904 -0.782297
vn 0.001058 0.394671 -0.918822
vn 0.001065 0.807107 -0.590405
vn 0.000998 0.930628 -0.365965
vn 0.000998 0.930614 -0.366001
vn 0.001065 0.807086 -0.590433
vn 0.001065 0.993064 -0.117572
vn 0.001139 0.988936 0.148338
vn 0.001139 0.988942 0.148298
vn 0.001065 0.993059 -0.117610
vn 0.001075 0.914854 0.403783
vn 0.001011 0.782288 0.622916
vn 0.001011 0.782312 0.622886
vn 0.001075 0.914869 0.403749
vn 0.001076 0.598407 0.801192
vn 0.001147 0.365942 0.930637
vn 0.001147 0.365979 0.930622
vn 0.001076 0.598436 0.801170
vn 0.001083 0.107747 0.994178
vn 0.001020 -0.148416 0.988925
vn 0.001020 -0.148381 0.988930
vn 0.001083 0.107782 0.994174
vn 0.001084 -0.394758 0.918784
vn 0.001151 -0.622920 0.782284
vn 0.001151 -0.622891 0.782308
vn 0.001084 -0.394726 0.918798
vn 0.001082 -0.807101 0.590413
vn 0.001013 -0.930608 0.366016
vn 0.001013 -0.930595 0.366049
vn 0.001082 -0.807082 0.590439
vn 0.000037 0.980681 -0.195611
vn 0.000037 0.980681 -0.195611
vn 0.000037 0.980682 -0.195611
vn 0.000037 0.980681 -0.195611
vn 0.000026 0.779435 0.626483
vn 0.000026 0.779435 0.626483
vn 0.000026 0.779435 0.626483
vn 0.000026 0.779435 0.626483
vn -0.000116 -0.625442 0.780271
vn -0.000116 -0.625442 0.780271
vn -0.000116 -0.625442 0.780270
vn -0.000116 -0.625442 0.780271
vn 0.000047 -0.988541 -0.150953
vn 0.000047 -0.988541 -0.150953
vn 0.000047 -0.988541 -0.150953
vn 0.000047 -0.988541 -0.150953
vn 0.000235 -0.363256 -0.931689
vn 0.000235 -0.363255 -0.931690
vn 0.000235 -0.363256 -0.931689
vn 0.000235 -0.363256 -0.931689
vn 0.000173 0.625527 -0.780203
vn 0.000173 0.625527 -0.780203
vn 0.000173 0.625527 -0.780203
vn 0.000173 0.625527 -0.780203
vn -0.000161 0.021822 0.999762
vn -0.000161 0.021822 0.999762
vn -0.000161 0.021822 0.999762
vn -0.000161 0.021823 0.999762
vn 0.000167 0.855068 -0.518516
vn 0.000167 0.855068 -0.518516
vn 0.000167 0.855068 -0.518516
vn 0.000167 0.855068 -0.518516
vn 0.000043 0.971277 0.237953
vn 0.000043 0.971277 0.237953
vn 0.000043 0.971277 0.237953
vn 0.000043 0.971277 0.237953
vn -0.000228 -0.323293 0.946299
vn -0.000228 -0.323293 0.946299
vn -0.000228 -0.323293 0.946299
vn -0.000228 -0.323293 0.946299
vn 0.000057 -0.931781 0.363022
vn 0.000057 -0.931781 0.363022
vn 0.000057 -0.931781 0.363022
vn 0.000057 -0.931781 0.363022
vn 0.000136 -0.780846 -0.624724
vn 0.000136 -0.780846 -0.624724
vn 0.000136 -0.780846 -0.624724
vn 0.000136 -0.780846 -0.624724
vn 0.000346 0.151044 -0.988527
vn 0.000346 0.151044 -0.988527
vn 0.000346 0.151044 -0.988527
vn 0.000346 0.151044 -0.988527
vn -0.000061 0.439715 0.898137
vn -0.000061 0.439715 0.898137
vn -0.000061 0.439715 0.898137
vn -0.000061 0.439715 0.898137
vn 0.999466 0.032044 -0.006413
vn 0.999472 0.031906 -0.006094
vn 0.999555 0.029664 -0.003043
vn 0.999516 0.027540 -0.014456
vn 0.999755 0.017376 0.013691
vn 0.999756 0.017064 0.014031
vn 0.999646 0.003323 0.026409
vn 0.999555 0.029664 -0.003043
vn 0.999577 -0.019605 0.021497
vn 0.999577 -0.019782 0.021301
vn 0.999643 -0.025551 0.007858
vn 0.999637 -0.007704 0.025802
vn 0.999540 -0.030195 -0.002964
vn 0.999539 -0.030176 -0.003250
vn 0.999644 -0.020950 -0.016545
vn 0.999643 -0.025551 0.007858
vn 0.999487 -0.011755 -0.029792
vn 0.999485 -0.011454 -0.029963
vn 0.999596 0.003060 -0.028244
vn 0.999644 -0.020950 -0.016545
vn 0.999443 0.020753 -0.026146
vn 0.999440 0.021075 -0.025998
vn 0.999516 0.027540 -0.014456
vn 0.999596 0.003060 -0.028244
vn 0.999588 0.000790 0.028693
vn 0.999585 0.000561 0.028793
vn 0.999637 -0.007704 0.025802
vn 0.999646 0.003323 0.026409
vn 0.999440 0.021075 -0.025998
vn 0.999466 0.032044 -0.006413
vn 0.999516 0.027540 -0.014456
vn 0.999472 0.031906 -0.006094
vn 0.999755 0.017376 0.013691
vn 0.999555 0.029664 -0.003043
vn 0.999585 0.000561 0.028793
vn 0.999577 -0.019605 0.021497
vn 0.999637 -0.007704 0.025802
vn 0.999577 -0.019782 0.021301
vn 0.999540 -0.030195 -0.002964
vn 0.999643 -0.025551 0.007858
vn 0.999539 -0.030176 -0.003250
vn 0.999487 -0.011755 -0.029792
vn 0.999644 -0.020950 -0.016545
vn 0.999485 -0.011454 -0.029963
vn 0.999443 0.020753 -0.026146
vn 0.999596 0.003060 -0.028244
vn 0.999756 0.017064 0.014031
vn 0.999588 0.000790 0.028693
vn 0.999646 0.003323 0.026409
vn -0.999220 0.024866 -0.030677
vn -0.999224 0.024497 -0.030847
vn -0.999438 0.003627 -0.033318
vn -0.999326 0.032491 -0.017056
vn -0.999265 0.037636 -0.007218
vn -0.999257 0.037793 -0.007583
vn -0.999326 0.032491 -0.017056
vn -0.999386 0.034875 -0.003483
vn -0.999418 0.000619 0.034116
vn -0.999422 0.000869 0.033991
vn -0.999503 0.003836 0.031292
vn -0.999488 -0.007496 0.031105
vn -0.999462 -0.019243 0.026577
vn -0.999459 -0.019048 0.026820
vn -0.999488 -0.007496 0.031105
vn -0.999598 -0.027148 0.008214
vn -0.999415 -0.033500 -0.006889
vn -0.999417 -0.033500 -0.006547
vn -0.999598 -0.027148 0.008214
vn -0.999498 -0.023651 -0.021062
vn -0.999284 -0.013513 -0.035343
vn -0.999285 -0.013842 -0.035169
vn -0.999498 -0.023651 -0.021062
vn -0.999438 0.003627 -0.033318
vn -0.999662 0.019950 0.016643
vn -0.999662 0.020297 0.016264
vn -0.999386 0.034875 -0.003483
vn -0.999503 0.003836 0.031292
vn -0.999257 0.037793 -0.007583
vn -0.999220 0.024866 -0.030677
vn -0.999326 0.032491 -0.017056
vn -0.999662 0.020297 0.016264
vn -0.999265 0.037636 -0.007218
vn -0.999386 0.034875 -0.003483
vn -0.999459 -0.019048 0.026820
vn -0.999418 0.000619 0.034116
vn -0.999488 -0.007496 0.031105
vn -0.999417 -0.033500 -0.006547
vn -0.999462 -0.019243 0.026577
vn -0.999598 -0.027148 0.008214
vn -0.999285 -0.013842 -0.035169
vn -0.999415 -0.033500 -0.006889
vn -0.999498 -0.023651 -0.021062
vn -0.999224 0.024497 -0.030847
vn -0.999284 -0.013513 -0.035343
vn -0.999438 0.003627 -0.033318
vn -0.999422 0.000869 0.033991
vn -0.999662 0.019950 0.016643
vn -0.999503 0.003836 0.031292
s off
g LowPoly_Manometer LowPoly_TestFBXASC032PointFBXASC032MinimessFBXASC032G
usemtl blinn1SG
f 720/1314/2621 721/1315/2622 722/1316/2623 723/1317/2624
f 721/1315/2625 724/1318/2626 725/1319/2627 722/1316/2628
f 723/1317/2629 722/1316/2630 726/1320/2631 727/1321/2632
f 722/1316/2633 725/1319/2634 728/1322/2635 726/1320/2636
f 727/1321/2637 726/1320/2638 729/1323/2639 730/1324/2640
f 726/1320/2641 728/1322/2642 731/1325/2643 729/1323/2644
f 730/1324/2645 729/1323/2646 732/1326/2647 733/1327/2648
f 729/1323/2649 731/1325/2650 734/1328/2651 732/1326/2652
f 733/1327/2653 732/1326/2654 735/1329/2655 736/1330/2656
f 732/1326/2657 734/1328/2658 737/1331/2659 735/1329/2660
f 736/1330/2661 735/1329/2662 738/1332/2663 739/1333/2664
f 735/1329/2665 737/1331/2666 740/1334/2667 738/1332/2668
f 739/1333/2669 738/1332/2670 741/1335/2671 742/1336/2672
f 738/1332/2673 740/1334/2674 743/1337/2675 741/1335/2676
f 742/1336/2677 741/1335/2678 744/1338/2679 745/1339/2680
f 741/1335/2681 743/1337/2682 746/1340/2683 744/1338/2684
f 745/1339/2685 744/1338/2686 747/1341/2687 748/1342/2688
f 744/1338/2689 746/1340/2690 749/1343/2691 747/1341/2692
f 748/1342/2693 747/1341/2694 750/1344/2695 751/1345/2696
f 747/1341/2697 749/1343/2698 752/1346/2699 750/1344/2700
f 751/1347/2701 750/1348/2702 753/1349/2703 754/1350/2704
f 750/1348/2705 752/1351/2706 755/1352/2707 753/1349/2708
f 754/1350/2709 753/1349/2710 756/1353/2711 757/1354/2712
f 753/1349/2713 755/1352/2714 758/1355/2715 756/1353/2716
f 757/1354/2717 756/1353/2718 759/1356/2719 760/1357/2720
f 756/1353/2721 758/1355/2722 761/1358/2723 759/1356/2724
f 760/1357/2725 759/1356/2726 762/1359/2727 763/1360/2728
f 759/1356/2729 761/1358/2730 764/1361/2731 762/1359/2732
f 763/1360/2733 762/1359/2734 765/1362/2735 766/1363/2736
f 762/1359/2737 764/1361/2738 767/1364/2739 765/1362/2740
f 766/1363/2741 765/1362/2742 768/1365/2743 769/1366/2744
f 765/1362/2745 767/1364/2746 770/1367/2747 768/1365/2748
f 769/1366/2749 768/1365/2750 771/1368/2751 772/1369/2752
f 768/1365/2753 770/1367/2754 773/1370/2755 771/1368/2756
f 772/1369/2757 771/1368/2758 774/1371/2759 775/1372/2760
f 771/1368/2761 773/1370/2762 776/1373/2763 774/1371/2764
f 775/1372/2765 774/1371/2766 777/1374/2767 778/1375/2768
f 774/1371/2769 776/1373/2770 779/1376/2771 777/1374/2772
f 724/1318/2773 721/1315/2774 777/1374/2775 779/1376/2776
f 721/1315/2777 720/1314/2778 778/1375/2779 777/1374/2780
f 720/1314/2781 780/1377/2782 781/1378/2783 778/1375/2784
f 780/1377/2785 782/1379/2786 783/1380/2787 781/1378/2788
f 782/1379/2789 780/1377/2790 784/1381/2791 785/1382/2792
f 780/1377/2793 720/1314/2794 723/1317/2795 784/1381/2796
f 785/1382/2797 784/1381/2798 786/1383/2799 787/1384/2800
f 784/1381/2801 723/1317/2802 727/1321/2803 786/1383/2804
f 787/1384/2805 786/1383/2806 788/1385/2807 789/1386/2808
f 786/1383/2809 727/1321/2810 730/1324/2811 788/1385/2812
f 789/1386/2813 788/1385/2814 790/1387/2815 791/1388/2816
f 788/1385/2817 730/1324/2818 733/1327/2819 790/1387/2820
f 791/1388/2821 790/1387/2822 792/1389/2823 793/1390/2824
f 790/1387/2825 733/1327/2826 736/1330/2827 792/1389/2828
f 793/1390/2829 792/1389/2830 794/1391/2831 795/1392/2832
f 792/1389/2833 736/1330/2834 739/1333/2835 794/1391/2836
f 795/1392/2837 794/1391/2838 796/1393/2839 797/1394/2840
f 794/1391/2841 739/1333/2842 742/1336/2843 796/1393/2844
f 797/1394/2845 796/1393/2846 798/1395/2847 799/1396/2848
f 796/1393/2849 742/1336/2850 745/1339/2851 798/1395/2852
f 799/1396/2853 798/1395/2854 800/1397/2855 801/1398/2856
f 798/1395/2857 745/1339/2858 748/1342/2859 800/1397/2860
f 801/1398/2861 800/1397/2862 802/1399/2863 803/1400/2864
f 800/1397/2865 748/1342/2866 751/1345/2867 802/1399/2868
f 803/1401/2869 802/1402/2870 804/1403/2871 805/1404/2872
f 802/1402/2873 751/1347/2874 754/1350/2875 804/1403/2876
f 805/1404/2877 804/1403/2878 806/1405/2879 807/1406/2880
f 804/1403/2881 754/1350/2882 757/1354/2883 806/1405/2884
f 807/1406/2885 806/1405/2886 808/1407/2887 809/1408/2888
f 806/1405/2889 757/1354/2890 760/1357/2891 808/1407/2892
f 809/1408/2893 808/1407/2894 810/1409/2895 811/1410/2896
f 808/1407/2897 760/1357/2898 763/1360/2899 810/1409/2900
f 811/1410/2901 810/1409/2902 812/1411/2903 813/1412/2904
f 810/1409/2905 763/1360/2906 766/1363/2907 812/1411/2908
f 813/1412/2909 812/1411/2910 814/1413/2911 815/1414/2912
f 812/1411/2913 766/1363/2914 769/1366/2915 814/1413/2916
f 815/1414/2917 814/1413/2918 816/1415/2919 817/1416/2920
f 814/1413/2921 769/1366/2922 772/1369/2923 816/1415/2924
f 817/1416/2925 816/1415/2926 818/1417/2927 819/1418/2928
f 816/1415/2929 772/1369/2930 775/1372/2931 818/1417/2932
f 819/1418/2933 818/1417/2934 781/1378/2935 783/1380/2936
f 818/1417/2937 775/1372/2938 778/1375/2939 781/1378/2940
f 820/1419/2941 821/1420/2942 822/1421/2943 823/1422/2944
f 824/1423/2945 825/1424/2946 826/1425/2947 827/1426/2948
f 828/1427/2949 829/1428/2950 830/1429/2951 831/1430/2952
f 832/1431/2953 833/1432/2954 834/1433/2955 835/1434/2956
f 836/1435/2957 837/1436/2958 838/1437/2959 839/1438/2960
f 840/1439/2961 841/1440/2962 842/1441/2963 843/1442/2964
f 844/1443/2965 845/1444/2966 846/1445/2967 847/1446/2968
f 848/1447/2969 849/1448/2970 850/1449/2971 851/1450/2972
f 852/1451/2973 853/1452/2974 854/1453/2975 855/1454/2976
f 856/1455/2977 857/1456/2978 858/1457/2979 859/1458/2980
f 860/1459/2981 861/1460/2982 862/1461/2983 863/1462/2984
f 864/1463/2985 865/1464/2986 866/1465/2987 867/1466/2988
f 837/1436/2989 848/1447/2990 851/1450/2991 838/1437/2992
f 849/1448/2993 840/1439/2994 843/1442/2995 850/1449/2996
f 841/1440/2997 844/1443/2998 847/1446/2999 842/1441/3000
f 845/1444/3001 820/1419/3002 823/1422/3003 846/1445/3004
f 821/1420/3005 852/1451/3006 855/1454/3007 822/1421/3008
f 853/1452/3009 824/1423/3010 827/1426/3011 854/1453/3012
f 825/1424/3013 856/1455/3014 859/1458/3015 826/1425/3016
f 857/1467/3017 828/1427/3018 831/1430/3019 858/1468/3020
f 829/1428/3021 860/1459/3022 863/1462/3023 830/1429/3024
f 861/1460/3025 832/1431/3026 835/1434/3027 862/1461/3028
f 833/1432/3029 864/1463/3030 867/1466/3031 834/1433/3032
f 865/1464/3033 836/1435/3034 839/1438/3035 866/1465/3036
f 823/1469/3037 822/1470/3038 868/1471/3039 869/1472/3040
f 827/1473/3041 826/1474/3042 870/1475/3043 871/1476/3044
f 831/1477/3045 830/1478/3046 872/1479/3047 873/1480/3048
f 835/1481/3049 834/1482/3050 874/1483/3051 875/1484/3052
f 839/1485/3053 838/1486/3054 876/1487/3055 877/1488/3056
f 843/1489/3057 842/1490/3058 878/1491/3059 879/1492/3060
f 847/1493/3061 846/1494/3062 880/1495/3063 881/1496/3064
f 851/1497/3065 850/1498/3066 882/1499/3067 883/1500/3068
f 855/1501/3069 854/1502/3070 884/1503/3071 885/1504/3072
f 859/1505/3073 858/1506/3074 886/1507/3075 887/1508/3076
f 863/1509/3077 862/1510/3078 888/1511/3079 889/1512/3080
f 867/1513/3081 866/1514/3082 890/1515/3083 891/1516/3084
f 838/1486/3085 851/1497/3086 883/1500/3087 876/1487/3088
f 850/1498/3089 843/1489/3090 879/1492/3091 882/1499/3092
f 842/1490/3093 847/1493/3094 881/1496/3095 878/1491/3096
f 846/1494/3097 823/1469/3098 869/1472/3099 880/1495/3100
f 822/1470/3101 855/1501/3102 885/1504/3103 868/1471/3104
f 854/1502/3105 827/1473/3106 871/1476/3107 884/1503/3108
f 826/1474/3109 859/1505/3110 887/1508/3111 870/1475/3112
f 858/1517/3113 831/1477/3114 873/1480/3115 886/1518/3116
f 830/1478/3117 863/1509/3118 889/1512/3119 872/1479/3120
f 862/1510/3121 835/1481/3122 875/1484/3123 888/1511/3124
f 834/1482/3125 867/1513/3126 891/1516/3127 874/1483/3128
f 866/1514/3129 839/1485/3130 877/1488/3131 890/1515/3132
f 869/1519/3133 868/1520/3134 892/1521/3135 893/1522/3136
f 871/1523/3137 870/1524/3138 894/1525/3139 895/1526/3140
f 873/1527/3141 872/1528/3142 896/1529/3143 897/1530/3144
f 875/1531/3145 874/1532/3146 898/1533/3147 899/1534/3148
f 877/1535/3149 876/1536/3150 900/1537/3151 901/1538/3152
f 879/1539/3153 878/1540/3154 902/1541/3155 903/1542/3156
f 881/1543/3157 880/1544/3158 904/1545/3159 905/1546/3160
f 883/1547/3161 882/1548/3162 906/1549/3163 907/1550/3164
f 885/1551/3165 884/1552/3166 908/1553/3167 909/1554/3168
f 887/1555/3169 886/1556/3170 910/1557/3171 911/1558/3172
f 889/1559/3173 888/1560/3174 912/1561/3175 913/1562/3176
f 891/1563/3177 890/1564/3178 914/1565/3179 915/1566/3180
f 876/1536/3181 883/1547/3182 907/1550/3183 900/1537/3184
f 882/1548/3185 879/1539/3186 903/1542/3187 906/1549/3188
f 878/1540/3189 881/1543/3190 905/1546/3191 902/1541/3192
f 880/1544/3193 869/1519/3194 893/1522/3195 904/1545/3196
f 868/1520/3197 885/1551/3198 909/1554/3199 892/1521/3200
f 884/1552/3201 871/1523/3202 895/1526/3203 908/1553/3204
f 870/1524/3205 887/1555/3206 911/1558/3207 894/1525/3208
f 886/1567/3209 873/1527/3210 897/1530/3211 910/1568/3212
f 872/1528/3213 889/1559/3214 913/1562/3215 896/1529/3216
f 888/1560/3217 875/1531/3218 899/1534/3219 912/1561/3220
f 874/1532/3221 891/1563/3222 915/1566/3223 898/1533/3224
f 890/1564/3225 877/1535/3226 901/1538/3227 914/1565/3228
f 893/1569/3229 892/1570/3230 916/1571/3231 917/1572/3232
f 895/1573/3233 894/1574/3234 918/1575/3235 919/1576/3236
f 897/1577/3237 896/1578/3238 920/1579/3239 921/1580/3240
f 899/1581/3241 898/1582/3242 922/1583/3243 923/1584/3244
f 901/1585/3245 900/1586/3246 924/1587/3247 925/1588/3248
f 903/1589/3249 902/1590/3250 926/1591/3251 927/1592/3252
f 905/1593/3253 904/1594/3254 928/1595/3255 929/1596/3256
f 907/1597/3257 906/1598/3258 930/1599/3259 931/1600/3260
f 909/1601/3261 908/1602/3262 932/1603/3263 933/1604/3264
f 911/1605/3265 910/1606/3266 934/1607/3267 935/1608/3268
f 913/1609/3269 912/1610/3270 936/1611/3271 937/1612/3272
f 915/1613/3273 914/1614/3274 938/1615/3275 939/1616/3276
f 900/1586/3277 907/1597/3278 931/1600/3279 924/1587/3280
f 906/1598/3281 903/1589/3282 927/1592/3283 930/1599/3284
f 902/1590/3285 905/1593/3286 929/1596/3287 926/1591/3288
f 904/1594/3289 893/1569/3290 917/1572/3291 928/1595/3292
f 892/1570/3293 909/1601/3294 933/1604/3295 916/1571/3296
f 908/1602/3297 895/1573/3298 919/1576/3299 932/1603/3300
f 894/1574/3301 911/1605/3302 935/1608/3303 918/1575/3304
f 910/1617/3305 897/1577/3306 921/1580/3307 934/1618/3308
f 896/1578/3309 913/1609/3310 937/1612/3311 920/1579/3312
f 912/1610/3313 899/1581/3314 923/1584/3315 936/1611/3316
f 898/1582/3317 915/1613/3318 939/1616/3319 922/1583/3320
f 914/1614/3321 901/1585/3322 925/1588/3323 938/1615/3324
f 917/1619/3325 916/1620/3326 940/1621/3327 941/1622/3328
f 919/1623/3329 918/1624/3330 942/1625/3331 943/1626/3332
f 921/1627/3333 920/1628/3334 944/1629/3335 945/1630/3336
f 923/1631/3337 922/1632/3338 946/1633/3339 947/1634/3340
f 925/1635/3341 924/1636/3342 948/1637/3343 949/1638/3344
f 927/1639/3345 926/1640/3346 950/1641/3347 951/1642/3348
f 929/1643/3349 928/1644/3350 952/1645/3351 953/1646/3352
f 931/1647/3353 930/1648/3354 954/1649/3355 955/1650/3356
f 933/1651/3357 932/1652/3358 956/1653/3359 957/1654/3360
f 935/1655/3361 934/1656/3362 958/1657/3363 959/1658/3364
f 937/1659/3365 936/1660/3366 960/1661/3367 961/1662/3368
f 939/1663/3369 938/1664/3370 962/1665/3371 963/1666/3372
f 924/1636/3373 931/1647/3374 955/1650/3375 948/1637/3376
f 930/1648/3377 927/1639/3378 951/1642/3379 954/1649/3380
f 926/1640/3381 929/1643/3382 953/1646/3383 950/1641/3384
f 928/1644/3385 917/1619/3386 941/1622/3387 952/1645/3388
f 916/1620/3389 933/1651/3390 957/1654/3391 940/1621/3392
f 932/1652/3393 919/1623/3394 943/1626/3395 956/1653/3396
f 918/1624/3397 935/1655/3398 959/1658/3399 942/1625/3400
f 934/1667/3401 921/1627/3402 945/1630/3403 958/1668/3404
f 920/1628/3405 937/1659/3406 961/1662/3407 944/1629/3408
f 936/1660/3409 923/1631/3410 947/1634/3411 960/1661/3412
f 922/1632/3413 939/1663/3414 963/1666/3415 946/1633/3416
f 938/1664/3417 925/1635/3418 949/1638/3419 962/1665/3420
f 941/1669/3421 940/1670/3422 964/1671/3423 965/1672/3424
f 943/1673/3425 942/1674/3426 966/1675/3427 967/1676/3428
f 945/1677/3429 944/1678/3430 968/1679/3431 969/1680/3432
f 947/1681/3433 946/1682/3434 970/1683/3435 971/1684/3436
f 949/1685/3437 948/1686/3438 972/1687/3439 973/1688/3440
f 951/1689/3441 950/1690/3442 974/1691/3443 975/1692/3444
f 953/1693/3445 952/1694/3446 976/1695/3447 977/1696/3448
f 955/1697/3449 954/1698/3450 978/1699/3451 979/1700/3452
f 957/1701/3453 956/1702/3454 980/1703/3455 981/1704/3456
f 959/1705/3457 958/1706/3458 982/1707/3459 983/1708/3460
f 961/1709/3461 960/1710/3462 984/1711/3463 985/1712/3464
f 963/1713/3465 962/1714/3466 986/1715/3467 987/1716/3468
f 948/1686/3469 955/1697/3470 979/1700/3471 972/1687/3472
f 954/1698/3473 951/1689/3474 975/1692/3475 978/1699/3476
f 950/1690/3477 953/1693/3478 977/1696/3479 974/1691/3480
f 952/1694/3481 941/1669/3482 965/1672/3483 976/1695/3484
f 940/1670/3485 957/1701/3486 981/1704/3487 964/1671/3488
f 956/1702/3489 943/1673/3490 967/1676/3491 980/1703/3492
f 942/1674/3493 959/1705/3494 983/1708/3495 966/1675/3496
f 958/1717/3497 945/1677/3498 969/1680/3499 982/1718/3500
f 944/1678/3501 961/1709/3502 985/1712/3503 968/1679/3504
f 960/1710/3505 947/1681/3506 971/1684/3507 984/1711/3508
f 946/1682/3509 963/1713/3510 987/1716/3511 970/1683/3512
f 962/1714/3513 949/1685/3514 973/1688/3515 986/1715/3516
f 988/1719/3517 989/1720/3518 990/1721/3519 991/1722/3520
f 992/1723/3521 993/1724/3522 994/1725/3523 995/1726/3524
f 996/1727/3525 997/1728/3526 998/1729/3527 999/1730/3528
f 1000/1731/3529 1001/1732/3530 1002/1733/3531 1003/1734/3532
f 1004/1735/3533 1005/1736/3534 1006/1737/3535 1007/1738/3536
f 1008/1739/3537 1009/1740/3538 1010/1741/3539 1011/1742/3540
f 1012/1743/3541 1005/1736/3542 1004/1735/3543
f 1013/1744/3544 1012/1745/3545 1014/1746/3546
f 1015/1747/3547 1009/1740/3548 1008/1739/3549
f 1016/1748/3550 1015/1749/3551 1017/1750/3552
f 1018/1751/3553 989/1720/3554 988/1719/3555
f 1019/1752/3556 1018/1753/3557 1020/1754/3558
f 1021/1755/3559 993/1724/3560 992/1723/3561
f 1022/1756/3562 1021/1757/3563 1023/1758/3564
f 1024/1759/3565 997/1728/3566 996/1727/3567
f 1025/1760/3568 1024/1761/3569 1026/1762/3570
f 1027/1763/3571 1001/1732/3572 1000/1731/3573
f 1028/1764/3574 1027/1765/3575 1029/1766/3576
f 1012/1767/3577 1004/1768/3578 1030/1769/3579 1031/1770/3580
f 1027/1771/3581 1000/1772/3582 1032/1773/3583 1033/1774/3584
f 1024/1775/3585 996/1776/3586 1034/1777/3587 1035/1778/3588
f 1021/1779/3589 992/1780/3590 1036/1781/3591 1037/1782/3592
f 1018/1783/3593 988/1784/3594 1038/1785/3595 1039/1786/3596
f 1015/1787/3597 1008/1788/3598 1040/1789/3599 1041/1790/3600
f 990/1791/3601 989/1792/3602 821/1793/3603 820/1794/3604
f 994/1795/3605 993/1796/3606 825/1797/3607 824/1798/3608
f 998/1799/3609 997/1800/3610 829/1801/3611 828/1802/3612
f 1002/1803/3613 1001/1804/3614 833/1805/3615 832/1806/3616
f 1006/1807/3617 1005/1808/3618 837/1809/3619 836/1810/3620
f 1010/1811/3621 1009/1812/3622 841/1813/3623 840/1814/3624
f 1015/1815/3625 1016/1816/3626 845/1817/3627 844/1818/3628
f 1012/1819/3629 1013/1820/3630 849/1821/3631 848/1822/3632
f 1018/1823/3633 1019/1824/3634 853/1825/3635 852/1826/3636
f 1021/1827/3637 1022/1828/3638 857/1829/3639 856/1830/3640
f 1024/1831/3641 1025/1832/3642 861/1833/3643 860/1834/3644
f 1027/1835/3645 1028/1836/3646 865/1837/3647 864/1838/3648
f 1005/1808/3649 1012/1819/3650 848/1822/3651 837/1809/3652
f 1013/1820/3653 1010/1811/3654 840/1814/3655 849/1821/3656
f 1009/1812/3657 1015/1815/3658 844/1818/3659 841/1813/3660
f 1016/1816/3661 990/1791/3662 820/1794/3663 845/1817/3664
f 989/1792/3665 1018/1823/3666 852/1826/3667 821/1793/3668
f 1019/1824/3669 994/1795/3670 824/1798/3671 853/1825/3672
f 993/1796/3673 1021/1827/3674 856/1830/3675 825/1797/3676
f 1022/1839/3677 998/1799/3678 828/1802/3679 857/1840/3680
f 997/1800/3681 1024/1831/3682 860/1834/3683 829/1801/3684
f 1025/1832/3685 1002/1803/3686 832/1806/3687 861/1833/3688
f 1001/1804/3689 1027/1835/3690 864/1838/3691 833/1805/3692
f 1028/1836/3693 1006/1807/3694 836/1810/3695 865/1837/3696
f 1038/1841/3697 1042/1842/3698 1043/1843/3699 1044/1844/3700
f 1036/1845/3701 1045/1846/3702 1046/1847/3703 1047/1848/3704
f 1034/1849/3705 1048/1850/3706 1049/1851/3707 1050/1852/3708
f 1032/1853/3709 1051/1854/3710 1052/1855/3711 1053/1856/3712
f 1030/1857/3713 1054/1858/3714 1055/1859/3715 1056/1860/3716
f 1040/1861/3717 1057/1862/3718 1058/1863/3719 1059/1864/3720
f 1031/1865/3721 1030/1857/3722 1056/1860/3723
f 1060/1866/3724 1061/1867/3725 1031/1868/3726
f 1041/1869/3727 1040/1861/3728 1059/1864/3729
f 1062/1870/3730 1063/1871/3731 1041/1872/3732
f 1039/1873/3733 1038/1841/3734 1044/1844/3735
f 1064/1874/3736 1065/1875/3737 1039/1876/3738
f 1037/1877/3739 1036/1845/3740 1047/1848/3741
f 1066/1878/3742 1067/1879/3743 1037/1880/3744
f 1035/1881/3745 1034/1849/3746 1050/1852/3747
f 1068/1882/3748 1069/1883/3749 1035/1884/3750
f 1033/1885/3751 1032/1853/3752 1053/1856/3753
f 1070/1886/3754 1071/1887/3755 1033/1888/3756
f 1043/1889/3757 1072/1890/3758 1073/1891/3759 1044/1892/3760
f 1046/1893/3761 1074/1894/3762 1075/1895/3763 1047/1896/3764
f 1049/1897/3765 1076/1898/3766 1077/1899/3767 1050/1900/3768
f 1052/1901/3769 1078/1902/3770 1079/1903/3771 1053/1904/3772
f 1055/1905/3773 1080/1906/3774 1081/1907/3775 1056/1908/3776
f 1058/1909/3777 1082/1910/3778 1083/1911/3779 1059/1912/3780
f 1041/1913/3781 1084/1914/3782 1085/1915/3783 1062/1916/3784
f 1031/1917/3785 1086/1918/3786 1087/1919/3787 1060/1920/3788
f 1039/1921/3789 1088/1922/3790 1089/1923/3791 1064/1924/3792
f 1037/1925/3793 1090/1926/3794 1091/1927/3795 1066/1928/3796
f 1035/1929/3797 1092/1930/3798 1093/1931/3799 1068/1932/3800
f 1033/1933/3801 1094/1934/3802 1095/1935/3803 1070/1936/3804
f 1056/1908/3805 1081/1907/3806 1086/1918/3807 1031/1917/3808
f 1060/1920/3809 1087/1919/3810 1082/1910/3811 1058/1909/3812
f 1059/1912/3813 1083/1911/3814 1084/1914/3815 1041/1913/3816
f 1062/1916/3817 1085/1915/3818 1072/1890/3819 1043/1889/3820
f 1044/1892/3821 1073/1891/3822 1088/1922/3823 1039/1921/3824
f 1064/1924/3825 1089/1923/3826 1074/1894/3827 1046/1893/3828
f 1047/1896/3829 1075/1895/3830 1090/1926/3831 1037/1925/3832
f 1066/1937/3833 1091/1938/3834 1076/1898/3835 1049/1897/3836
f 1050/1900/3837 1077/1899/3838 1092/1930/3839 1035/1929/3840
f 1068/1932/3841 1093/1931/3842 1078/1902/3843 1052/1901/3844
f 1053/1904/3845 1079/1903/3846 1094/1934/3847 1033/1933/3848
f 1070/1936/3849 1095/1935/3850 1080/1906/3851 1055/1905/3852
f 1011/1939/3853 1057/1940/3854 1040/1789/3855 1008/1788/3856
f 1014/1941/3857 1061/1942/3858 1096/1943/3859 1097/1944/3860
f 1012/1767/3861 1031/1770/3862 1061/1942/3863 1014/1941/3864
f 1007/1945/3865 1054/1946/3866 1030/1769/3867 1004/1768/3868
f 1029/1947/3869 1071/1948/3870 1098/1949/3871 1099/1950/3872
f 1027/1771/3873 1033/1774/3874 1071/1948/3875 1029/1947/3876
f 1003/1951/3877 1051/1952/3878 1032/1773/3879 1000/1772/3880
f 1026/1953/3881 1069/1954/3882 1100/1955/3883 1101/1956/3884
f 1024/1775/3885 1035/1778/3886 1069/1954/3887 1026/1953/3888
f 999/1957/3889 1048/1958/3890 1034/1777/3891 996/1776/3892
f 1023/1959/3893 1067/1960/3894 1102/1961/3895 1103/1962/3896
f 1021/1779/3897 1037/1782/3898 1067/1960/3899 1023/1959/3900
f 995/1963/3901 1045/1964/3902 1036/1781/3903 992/1780/3904
f 1020/1965/3905 1065/1966/3906 1104/1967/3907 1105/1968/3908
f 1018/1783/3909 1039/1786/3910 1065/1966/3911 1020/1965/3912
f 991/1969/3913 1042/1970/3914 1038/1785/3915 988/1784/3916
f 1017/1971/3917 1063/1972/3918 1106/1973/3919 1107/1974/3920
f 1015/1787/3921 1041/1790/3922 1063/1972/3923 1017/1971/3924
f 1097/1975/3925 1010/1741/3926 1013/1744/3927 1014/1746/3928
f 1058/1863/3929 1096/1976/3930 1061/1867/3931 1060/1866/3932
f 1099/1977/3933 1006/1737/3934 1028/1764/3935 1029/1766/3936
f 1055/1859/3937 1098/1978/3938 1071/1887/3939 1070/1886/3940
f 1101/1979/3941 1002/1733/3942 1025/1760/3943 1026/1762/3944
f 1052/1855/3945 1100/1980/3946 1069/1883/3947 1068/1882/3948
f 1103/1981/3949 998/1729/3950 1022/1756/3951 1023/1758/3952
f 1049/1851/3953 1102/1982/3954 1067/1879/3955 1066/1878/3956
f 1105/1983/3957 994/1725/3958 1019/1752/3959 1020/1754/3960
f 1046/1847/3961 1104/1984/3962 1065/1875/3963 1064/1874/3964
f 1107/1985/3965 990/1721/3966 1016/1748/3967 1017/1750/3968
f 1043/1843/3969 1106/1986/3970 1063/1871/3971 1062/1870/3972
f 1011/1987/3973 1097/1988/3974 1096/1989/3975 1057/1990/3976
f 1007/1991/3977 1099/1992/3978 1098/1993/3979 1054/1994/3980
f 1003/1995/3981 1101/1996/3982 1100/1997/3983 1051/1998/3984
f 999/1999/3985 1103/2000/3986 1102/2001/3987 1048/2002/3988
f 995/2003/3989 1105/2004/3990 1104/2005/3991 1045/2006/3992
f 991/2007/3993 1107/2008/3994 1106/2009/3995 1042/2010/3996
f 1011/1742/3997 1010/1741/3998 1097/1975/3999
f 1096/1976/4000 1058/1863/4001 1057/1862/4002
f 1007/1738/4003 1006/1737/4004 1099/1977/4005
f 1098/1978/4006 1055/1859/4007 1054/1858/4008
f 1003/1734/4009 1002/1733/4010 1101/1979/4011
f 1100/1980/4012 1052/1855/4013 1051/1854/4014
f 999/1730/4015 998/1729/4016 1103/1981/4017
f 1102/1982/4018 1049/1851/4019 1048/1850/4020
f 995/1726/4021 994/1725/4022 1105/1983/4023
f 1104/1984/4024 1046/1847/4025 1045/1846/4026
f 991/1722/4027 990/1721/4028 1107/1985/4029
f 1106/1986/4030 1043/1843/4031 1042/1842/4032
f 1108/2011/4033 1109/2012/4034 1110/2013/4035 1111/2014/4036
f 1112/2015/4037 1113/2016/4038 1114/2017/4039 1115/2018/4040
f 1116/2019/4041 1117/2020/4042 1118/2021/4043 1119/2022/4044
f 1120/2023/4045 1121/2024/4046 1122/2025/4047 1123/2026/4048
f 1124/2027/4049 1125/2028/4050 1126/2029/4051 1127/2030/4052
f 1128/2031/4053 1129/2032/4054 1130/2033/4055 1131/2034/4056
f 1132/2035/4057 1125/2028/4058 1124/2027/4059
f 1133/2036/4060 1132/2037/4061 1134/2038/4062
f 1135/2039/4063 1129/2032/4064 1128/2031/4065
f 1136/2040/4066 1135/2041/4067 1137/2042/4068
f 1138/2043/4069 1109/2012/4070 1108/2011/4071
f 1139/2044/4072 1138/2045/4073 1140/2046/4074
f 1141/2047/4075 1113/2016/4076 1112/2015/4077
f 1142/2048/4078 1141/2049/4079 1143/2050/4080
f 1144/2051/4081 1117/2020/4082 1116/2019/4083
f 1145/2052/4084 1144/2053/4085 1146/2054/4086
f 1147/2055/4087 1121/2024/4088 1120/2023/4089
f 1148/2056/4090 1147/2057/4091 1149/2058/4092
f 1132/2059/4093 1124/2060/4094 1150/2061/4095 1151/2062/4096
f 1147/2063/4097 1120/2064/4098 1152/2065/4099 1153/2066/4100
f 1144/2067/4101 1116/2068/4102 1154/2069/4103 1155/2070/4104
f 1141/2071/4105 1112/2072/4106 1156/2073/4107 1157/2074/4108
f 1138/2075/4109 1108/2076/4110 1158/2077/4111 1159/2078/4112
f 1135/2079/4113 1128/2080/4114 1160/2081/4115 1161/2082/4116
f 1158/2083/4117 1162/2084/4118 1163/2085/4119 1164/2086/4120
f 1156/2087/4121 1165/2088/4122 1166/2089/4123 1167/2090/4124
f 1154/2091/4125 1168/2092/4126 1169/2093/4127 1170/2094/4128
f 1152/2095/4129 1171/2096/4130 1172/2097/4131 1173/2098/4132
f 1150/2099/4133 1174/2100/4134 1175/2101/4135 1176/2102/4136
f 1160/2103/4137 1177/2104/4138 1178/2105/4139 1179/2106/4140
f 1151/2107/4141 1150/2099/4142 1176/2102/4143
f 1180/2108/4144 1181/2109/4145 1151/2110/4146
f 1161/2111/4147 1160/2103/4148 1179/2106/4149
f 1182/2112/4150 1183/2113/4151 1161/2114/4152
f 1159/2115/4153 1158/2083/4154 1164/2086/4155
f 1184/2116/4156 1185/2117/4157 1159/2118/4158
f 1157/2119/4159 1156/2087/4160 1167/2090/4161
f 1186/2120/4162 1187/2121/4163 1157/2122/4164
f 1155/2123/4165 1154/2091/4166 1170/2094/4167
f 1188/2124/4168 1189/2125/4169 1155/2126/4170
f 1153/2127/4171 1152/2095/4172 1173/2098/4173
f 1190/2128/4174 1191/2129/4175 1153/2130/4176
f 1163/2131/4177 1192/2132/4178 1193/2133/4179 1164/2134/4180
f 1166/2135/4181 1194/2136/4182 1195/2137/4183 1167/2138/4184
f 1169/2139/4185 1196/2140/4186 1197/2141/4187 1170/2142/4188
f 1172/2143/4189 1198/2144/4190 1199/2145/4191 1173/2146/4192
f 1175/2147/4193 1200/2148/4194 1201/2149/4195 1176/2150/4196
f 1178/2151/4197 1202/2152/4198 1203/2153/4199 1179/2154/4200
f 1161/2155/4201 1204/2156/4202 1205/2157/4203 1182/2158/4204
f 1151/2159/4205 1206/2160/4206 1207/2161/4207 1180/2162/4208
f 1159/2163/4209 1208/2164/4210 1209/2165/4211 1184/2166/4212
f 1157/2167/4213 1210/2168/4214 1211/2169/4215 1186/2170/4216
f 1155/2171/4217 1212/2172/4218 1213/2173/4219 1188/2174/4220
f 1153/2175/4221 1214/2176/4222 1215/2177/4223 1190/2178/4224
f 1176/2150/4225 1201/2149/4226 1206/2160/4227 1151/2159/4228
f 1180/2162/4229 1207/2161/4230 1202/2152/4231 1178/2151/4232
f 1179/2154/4233 1203/2153/4234 1204/2156/4235 1161/2155/4236
f 1182/2158/4237 1205/2157/4238 1192/2132/4239 1163/2131/4240
f 1164/2134/4241 1193/2133/4242 1208/2164/4243 1159/2163/4244
f 1184/2166/4245 1209/2165/4246 1194/2136/4247 1166/2135/4248
f 1167/2179/4249 1195/2180/4250 1210/2168/4251 1157/2167/4252
f 1186/2170/4253 1211/2169/4254 1196/2140/4255 1169/2139/4256
f 1170/2142/4257 1197/2141/4258 1212/2172/4259 1155/2171/4260
f 1188/2174/4261 1213/2173/4262 1198/2144/4263 1172/2143/4264
f 1173/2146/4265 1199/2145/4266 1214/2176/4267 1153/2175/4268
f 1190/2178/4269 1215/2177/4270 1200/2148/4271 1175/2147/4272
f 1131/2181/4273 1177/2182/4274 1160/2081/4275 1128/2080/4276
f 1134/2183/4277 1181/2184/4278 1216/2185/4279 1217/2186/4280
f 1132/2059/4281 1151/2062/4282 1181/2184/4283 1134/2183/4284
f 1127/2187/4285 1174/2188/4286 1150/2061/4287 1124/2060/4288
f 1149/2189/4289 1191/2190/4290 1218/2191/4291 1219/2192/4292
f 1147/2063/4293 1153/2066/4294 1191/2190/4295 1149/2189/4296
f 1123/2193/4297 1171/2194/4298 1152/2065/4299 1120/2064/4300
f 1146/2195/4301 1189/2196/4302 1220/2197/4303 1221/2198/4304
f 1144/2067/4305 1155/2070/4306 1189/2196/4307 1146/2195/4308
f 1119/2199/4309 1168/2200/4310 1154/2069/4311 1116/2068/4312
f 1143/2201/4313 1187/2202/4314 1222/2203/4315 1223/2204/4316
f 1141/2071/4317 1157/2074/4318 1187/2202/4319 1143/2201/4320
f 1115/2205/4321 1165/2206/4322 1156/2073/4323 1112/2072/4324
f 1140/2207/4325 1185/2208/4326 1224/2209/4327 1225/2210/4328
f 1138/2075/4329 1159/2078/4330 1185/2208/4331 1140/2207/4332
f 1111/2211/4333 1162/2212/4334 1158/2077/4335 1108/2076/4336
f 1137/2213/4337 1183/2214/4338 1226/2215/4339 1227/2216/4340
f 1135/2079/4341 1161/2082/4342 1183/2214/4343 1137/2213/4344
f 1217/2217/4345 1130/2033/4346 1133/2036/4347 1134/2038/4348
f 1178/2105/4349 1216/2218/4350 1181/2109/4351 1180/2108/4352
f 1219/2219/4353 1126/2029/4354 1148/2056/4355 1149/2058/4356
f 1175/2101/4357 1218/2220/4358 1191/2129/4359 1190/2128/4360
f 1221/2221/4361 1122/2025/4362 1145/2052/4363 1146/2054/4364
f 1172/2097/4365 1220/2222/4366 1189/2125/4367 1188/2124/4368
f 1223/2223/4369 1118/2021/4370 1142/2048/4371 1143/2050/4372
f 1169/2093/4373 1222/2224/4374 1187/2121/4375 1186/2120/4376
f 1225/2225/4377 1114/2017/4378 1139/2044/4379 1140/2046/4380
f 1166/2089/4381 1224/2226/4382 1185/2117/4383 1184/2116/4384
f 1227/2227/4385 1110/2013/4386 1136/2040/4387 1137/2042/4388
f 1163/2085/4389 1226/2228/4390 1183/2113/4391 1182/2112/4392
f 1131/2229/4393 1217/2230/4394 1216/2231/4395 1177/2232/4396
f 1127/2233/4397 1219/2234/4398 1218/2235/4399 1174/2236/4400
f 1123/2237/4401 1221/2238/4402 1220/2239/4403 1171/2240/4404
f 1119/2241/4405 1223/2242/4406 1222/2243/4407 1168/2244/4408
f 1115/2245/4409 1225/2246/4410 1224/2247/4411 1165/2248/4412
f 1111/2249/4413 1227/2250/4414 1226/2251/4415 1162/2252/4416
f 1131/2034/4417 1130/2033/4418 1217/2217/4419
f 1216/2218/4420 1178/2105/4421 1177/2104/4422
f 1127/2030/4423 1126/2029/4424 1219/2219/4425
f 1218/2220/4426 1175/2101/4427 1174/2100/4428
f 1123/2026/4429 1122/2025/4430 1221/2221/4431
f 1220/2222/4432 1172/2097/4433 1171/2096/4434
f 1119/2022/4435 1118/2021/4436 1223/2223/4437
f 1222/2224/4438 1169/2093/4439 1168/2092/4440
f 1115/2018/4441 1114/2017/4442 1225/2225/4443
f 1224/2226/4444 1166/2089/4445 1165/2088/4446
f 1111/2014/4447 1110/2013/4448 1227/2227/4449
f 1226/2228/4450 1163/2085/4451 1162/2084/4452
f 1110/2253/4453 1109/2254/4454 1228/2255/4455 1229/2256/4456
f 1114/2257/4457 1113/2258/4458 1230/2259/4459 1231/2260/4460
f 1118/2261/4461 1117/2262/4462 1232/2263/4463 1233/2264/4464
f 1122/2265/4465 1121/2266/4466 1234/2267/4467 1235/2268/4468
f 1126/2269/4469 1125/2270/4470 1236/2271/4471 1237/2272/4472
f 1130/2273/4473 1129/2274/4474 1238/2275/4475 1239/2276/4476
f 1135/2277/4477 1136/2278/4478 1240/2279/4479 1241/2280/4480
f 1132/2281/4481 1133/2282/4482 1242/2283/4483 1243/2284/4484
f 1138/2285/4485 1139/2286/4486 1244/2287/4487 1245/2288/4488
f 1141/2289/4489 1142/2290/4490 1246/2291/4491 1247/2292/4492
f 1144/2293/4493 1145/2294/4494 1248/2295/4495 1249/2296/4496
f 1147/2297/4497 1148/2298/4498 1250/2299/4499 1251/2300/4500
f 1125/2270/4501 1132/2281/4502 1243/2284/4503 1236/2271/4504
f 1133/2282/4505 1130/2273/4506 1239/2276/4507 1242/2283/4508
f 1129/2274/4509 1135/2277/4510 1241/2280/4511 1238/2275/4512
f 1136/2278/4513 1110/2253/4514 1229/2256/4515 1240/2279/4516
f 1109/2254/4517 1138/2285/4518 1245/2288/4519 1228/2255/4520
f 1139/2286/4521 1114/2257/4522 1231/2260/4523 1244/2287/4524
f 1113/2301/4525 1141/2289/4526 1247/2292/4527 1230/2302/4528
f 1142/2290/4529 1118/2261/4530 1233/2264/4531 1246/2291/4532
f 1117/2262/4533 1144/2293/4534 1249/2296/4535 1232/2263/4536
f 1145/2294/4537 1122/2265/4538 1235/2268/4539 1248/2295/4540
f 1121/2266/4541 1147/2297/4542 1251/2300/4543 1234/2267/4544
f 1148/2298/4545 1126/2269/4546 1237/2272/4547 1250/2299/4548
f 1229/2303/4549 1228/2304/4550 1252/2305/4551 1253/2306/4552
f 1231/2307/4553 1230/2308/4554 1254/2309/4555 1255/2310/4556
f 1233/2311/4557 1232/2312/4558 1256/2313/4559 1257/2314/4560
f 1235/2315/4561 1234/2316/4562 1258/2317/4563 1259/2318/4564
f 1237/2319/4565 1236/2320/4566 1260/2321/4567 1261/2322/4568
f 1239/2323/4569 1238/2324/4570 1262/2325/4571 1263/2326/4572
f 1241/2327/4573 1240/2328/4574 1264/2329/4575 1265/2330/4576
f 1243/2331/4577 1242/2332/4578 1266/2333/4579 1267/2334/4580
f 1245/2335/4581 1244/2336/4582 1268/2337/4583 1269/2338/4584
f 1247/2339/4585 1246/2340/4586 1270/2341/4587 1271/2342/4588
f 1249/2343/4589 1248/2344/4590 1272/2345/4591 1273/2346/4592
f 1251/2347/4593 1250/2348/4594 1274/2349/4595 1275/2350/4596
f 1236/2320/4597 1243/2331/4598 1267/2334/4599 1260/2321/4600
f 1242/2332/4601 1239/2323/4602 1263/2326/4603 1266/2333/4604
f 1238/2324/4605 1241/2327/4606 1265/2330/4607 1262/2325/4608
f 1240/2328/4609 1229/2303/4610 1253/2306/4611 1264/2329/4612
f 1228/2304/4613 1245/2335/4614 1269/2338/4615 1252/2305/4616
f 1244/2336/4617 1231/2307/4618 1255/2310/4619 1268/2337/4620
f 1230/2351/4621 1247/2339/4622 1271/2342/4623 1254/2352/4624
f 1246/2340/4625 1233/2311/4626 1257/2314/4627 1270/2341/4628
f 1232/2312/4629 1249/2343/4630 1273/2346/4631 1256/2313/4632
f 1248/2344/4633 1235/2315/4634 1259/2318/4635 1272/2345/4636
f 1234/2316/4637 1251/2347/4638 1275/2350/4639 1258/2317/4640
f 1250/2348/4641 1237/2319/4642 1261/2322/4643 1274/2349/4644
f 1253/2353/4645 1252/2354/4646 1276/2355/4647 1277/2356/4648
f 1255/2357/4649 1254/2358/4650 1278/2359/4651 1279/2360/4652
f 1257/2361/4653 1256/2362/4654 1280/2363/4655 1281/2364/4656
f 1259/2365/4657 1258/2366/4658 1282/2367/4659 1283/2368/4660
f 1261/2369/4661 1260/2370/4662 1284/2371/4663 1285/2372/4664
f 1263/2373/4665 1262/2374/4666 1286/2375/4667 1287/2376/4668
f 1265/2377/4669 1264/2378/4670 1288/2379/4671 1289/2380/4672
f 1267/2381/4673 1266/2382/4674 1290/2383/4675 1291/2384/4676
f 1269/2385/4677 1268/2386/4678 1292/2387/4679 1293/2388/4680
f 1271/2389/4681 1270/2390/4682 1294/2391/4683 1295/2392/4684
f 1273/2393/4685 1272/2394/4686 1296/2395/4687 1297/2396/4688
f 1275/2397/4689 1274/2398/4690 1298/2399/4691 1299/2400/4692
f 1260/2370/4693 1267/2381/4694 1291/2384/4695 1284/2371/4696
f 1266/2382/4697 1263/2373/4698 1287/2376/4699 1290/2383/4700
f 1262/2374/4701 1265/2377/4702 1289/2380/4703 1286/2375/4704
f 1264/2378/4705 1253/2353/4706 1277/2356/4707 1288/2379/4708
f 1252/2354/4709 1269/2385/4710 1293/2388/4711 1276/2355/4712
f 1268/2386/4713 1255/2357/4714 1279/2360/4715 1292/2387/4716
f 1254/2401/4717 1271/2389/4718 1295/2392/4719 1278/2402/4720
f 1270/2390/4721 1257/2361/4722 1281/2364/4723 1294/2391/4724
f 1256/2362/4725 1273/2393/4726 1297/2396/4727 1280/2363/4728
f 1272/2394/4729 1259/2365/4730 1283/2368/4731 1296/2395/4732
f 1258/2366/4733 1275/2397/4734 1299/2400/4735 1282/2367/4736
f 1274/2398/4737 1261/2369/4738 1285/2372/4739 1298/2399/4740
f 1277/2403/4741 1276/2404/4742 1300/2405/4743 1301/2406/4744
f 1279/2407/4745 1278/2408/4746 1302/2409/4747 1303/2410/4748
f 1281/2411/4749 1280/2412/4750 1304/2413/4751 1305/2414/4752
f 1283/2415/4753 1282/2416/4754 1306/2417/4755 1307/2418/4756
f 1285/2419/4757 1284/2420/4758 1308/2421/4759 1309/2422/4760
f 1287/2423/4761 1286/2424/4762 1310/2425/4763 1311/2426/4764
f 1289/2427/4765 1288/2428/4766 1312/2429/4767 1313/2430/4768
f 1291/2431/4769 1290/2432/4770 1314/2433/4771 1315/2434/4772
f 1293/2435/4773 1292/2436/4774 1316/2437/4775 1317/2438/4776
f 1295/2439/4777 1294/2440/4778 1318/2441/4779 1319/2442/4780
f 1297/2443/4781 1296/2444/4782 1320/2445/4783 1321/2446/4784
f 1299/2447/4785 1298/2448/4786 1322/2449/4787 1323/2450/4788
f 1284/2420/4789 1291/2431/4790 1315/2434/4791 1308/2421/4792
f 1290/2432/4793 1287/2423/4794 1311/2426/4795 1314/2433/4796
f 1286/2424/4797 1289/2427/4798 1313/2430/4799 1310/2425/4800
f 1288/2428/4801 1277/2403/4802 1301/2406/4803 1312/2429/4804
f 1276/2404/4805 1293/2435/4806 1317/2438/4807 1300/2405/4808
f 1292/2436/4809 1279/2407/4810 1303/2410/4811 1316/2437/4812
f 1278/2451/4813 1295/2439/4814 1319/2442/4815 1302/2452/4816
f 1294/2440/4817 1281/2411/4818 1305/2414/4819 1318/2441/4820
f 1280/2412/4821 1297/2443/4822 1321/2446/4823 1304/2413/4824
f 1296/2444/4825 1283/2415/4826 1307/2418/4827 1320/2445/4828
f 1282/2416/4829 1299/2447/4830 1323/2450/4831 1306/2417/4832
f 1298/2448/4833 1285/2419/4834 1309/2422/4835 1322/2449/4836
f 1301/2453/4837 1300/2454/4838 1324/2455/4839 1325/2456/4840
f 1303/2457/4841 1302/2458/4842 1326/2459/4843 1327/2460/4844
f 1305/2461/4845 1304/2462/4846 1328/2463/4847 1329/2464/4848
f 1307/2465/4849 1306/2466/4850 1330/2467/4851 1331/2468/4852
f 1309/2469/4853 1308/2470/4854 1332/2471/4855 1333/2472/4856
f 1311/2473/4857 1310/2474/4858 1334/2475/4859 1335/2476/4860
f 1313/2477/4861 1312/2478/4862 1336/2479/4863 1337/2480/4864
f 1315/2481/4865 1314/2482/4866 1338/2483/4867 1339/2484/4868
f 1317/2485/4869 1316/2486/4870 1340/2487/4871 1341/2488/4872
f 1319/2489/4873 1318/2490/4874 1342/2491/4875 1343/2492/4876
f 1321/2493/4877 1320/2494/4878 1344/2495/4879 1345/2496/4880
f 1323/2497/4881 1322/2498/4882 1346/2499/4883 1347/2500/4884
f 1308/2470/4885 1315/2481/4886 1339/2484/4887 1332/2471/4888
f 1314/2482/4889 1311/2473/4890 1335/2476/4891 1338/2483/4892
f 1310/2474/4893 1313/2477/4894 1337/2480/4895 1334/2475/4896
f 1312/2478/4897 1301/2453/4898 1325/2456/4899 1336/2479/4900
f 1300/2454/4901 1317/2485/4902 1341/2488/4903 1324/2455/4904
f 1316/2486/4905 1303/2457/4906 1327/2460/4907 1340/2487/4908
f 1302/2501/4909 1319/2489/4910 1343/2492/4911 1326/2502/4912
f 1318/2490/4913 1305/2461/4914 1329/2464/4915 1342/2491/4916
f 1304/2462/4917 1321/2493/4918 1345/2496/4919 1328/2463/4920
f 1320/2494/4921 1307/2465/4922 1331/2468/4923 1344/2495/4924
f 1306/2466/4925 1323/2497/4926 1347/2500/4927 1330/2467/4928
f 1322/2498/4929 1309/2469/4930 1333/2472/4931 1346/2499/4932
f 1325/2503/4933 1324/2504/4934 1348/2505/4935 1349/2506/4936
f 1327/2507/4937 1326/2508/4938 1350/2509/4939 1351/2510/4940
f 1329/2511/4941 1328/2512/4942 1352/2513/4943 1353/2514/4944
f 1331/2515/4945 1330/2516/4946 1354/2517/4947 1355/2518/4948
f 1333/2519/4949 1332/2520/4950 1356/2521/4951 1357/2522/4952
f 1335/2523/4953 1334/2524/4954 1358/2525/4955 1359/2526/4956
f 1337/2527/4957 1336/2528/4958 1360/2529/4959 1361/2530/4960
f 1339/2531/4961 1338/2532/4962 1362/2533/4963 1363/2534/4964
f 1341/2535/4965 1340/2536/4966 1364/2537/4967 1365/2538/4968
f 1343/2539/4969 1342/2540/4970 1366/2541/4971 1367/2542/4972
f 1345/2543/4973 1344/2544/4974 1368/2545/4975 1369/2546/4976
f 1347/2547/4977 1346/2548/4978 1370/2549/4979 1371/2550/4980
f 1332/2520/4981 1339/2531/4982 1363/2534/4983 1356/2521/4984
f 1338/2532/4985 1335/2523/4986 1359/2526/4987 1362/2533/4988
f 1334/2524/4989 1337/2527/4990 1361/2530/4991 1358/2525/4992
f 1336/2528/4993 1325/2503/4994 1349/2506/4995 1360/2529/4996
f 1324/2504/4997 1341/2535/4998 1365/2538/4999 1348/2505/5000
f 1340/2536/5001 1327/2507/5002 1351/2510/5003 1364/2537/5004
f 1326/2551/5005 1343/2539/5006 1367/2542/5007 1350/2552/5008
f 1342/2540/5009 1329/2511/5010 1353/2514/5011 1366/2541/5012
f 1328/2512/5013 1345/2543/5014 1369/2546/5015 1352/2513/5016
f 1344/2544/5017 1331/2515/5018 1355/2518/5019 1368/2545/5020
f 1330/2516/5021 1347/2547/5022 1371/2550/5023 1354/2517/5024
f 1346/2548/5025 1333/2519/5026 1357/2522/5027 1370/2549/5028
f 1349/2553/5029 1348/2554/5030 1372/2555/5031 1373/2556/5032
f 1351/2557/5033 1350/2558/5034 1374/2559/5035 1375/2560/5036
f 1353/2561/5037 1352/2562/5038 1376/2563/5039 1377/2564/5040
f 1355/2565/5041 1354/2566/5042 1378/2567/5043 1379/2568/5044
f 1357/2569/5045 1356/2570/5046 1380/2571/5047 1381/2572/5048
f 1359/2573/5049 1358/2574/5050 1382/2575/5051 1383/2576/5052
f 1361/2577/5053 1360/2578/5054 1384/2579/5055 1385/2580/5056
f 1363/2581/5057 1362/2582/5058 1386/2583/5059 1387/2584/5060
f 1365/2585/5061 1364/2586/5062 1388/2587/5063 1389/2588/5064
f 1367/2589/5065 1366/2590/5066 1390/2591/5067 1391/2592/5068
f 1369/2593/5069 1368/2594/5070 1392/2595/5071 1393/2596/5072
f 1371/2597/5073 1370/2598/5074 1394/2599/5075 1395/2600/5076
f 1356/2570/5077 1363/2581/5078 1387/2584/5079 1380/2571/5080
f 1362/2582/5081 1359/2573/5082 1383/2576/5083 1386/2583/5084
f 1358/2574/5085 1361/2577/5086 1385/2580/5087 1382/2575/5088
f 1360/2578/5089 1349/2553/5090 1373/2556/5091 1384/2579/5092
f 1348/2554/5093 1365/2585/5094 1389/2588/5095 1372/2555/5096
f 1364/2586/5097 1351/2557/5098 1375/2560/5099 1388/2587/5100
f 1350/2601/5101 1367/2589/5102 1391/2592/5103 1374/2602/5104
f 1366/2590/5105 1353/2561/5106 1377/2564/5107 1390/2591/5108
f 1352/2562/5109 1369/2593/5110 1393/2596/5111 1376/2563/5112
f 1368/2594/5113 1355/2565/5114 1379/2568/5115 1392/2595/5116
f 1354/2566/5117 1371/2597/5118 1395/2600/5119 1378/2567/5120
f 1370/2598/5121 1357/2569/5122 1381/2572/5123 1394/2599/5124
f 1373/2603/5125 1372/2604/5126 1396/2605/5127 1397/2606/5128
f 1375/2607/5129 1374/2608/5130 1398/2609/5131 1399/2610/5132
f 1377/2611/5133 1376/2612/5134 1400/2613/5135 1401/2614/5136
f 1379/2615/5137 1378/2616/5138 1402/2617/5139 1403/2618/5140
f 1381/2619/5141 1380/2620/5142 1404/2621/5143 1405/2622/5144
f 1383/2623/5145 1382/2624/5146 1406/2625/5147 1407/2626/5148
f 1385/2627/5149 1384/2628/5150 1408/2629/5151 1409/2630/5152
f 1387/2631/5153 1386/2632/5154 1410/2633/5155 1411/2634/5156
f 1389/2635/5157 1388/2636/5158 1412/2637/5159 1413/2638/5160
f 1391/2639/5161 1390/2640/5162 1414/2641/5163 1415/2642/5164
f 1393/2643/5165 1392/2644/5166 1416/2645/5167 1417/2646/5168
f 1395/2647/5169 1394/2648/5170 1418/2649/5171 1419/2650/5172
f 1380/2620/5173 1387/2631/5174 1411/2634/5175 1404/2621/5176
f 1386/2632/5177 1383/2623/5178 1407/2626/5179 1410/2633/5180
f 1382/2624/5181 1385/2627/5182 1409/2630/5183 1406/2625/5184
f 1384/2628/5185 1373/2603/5186 1397/2606/5187 1408/2629/5188
f 1372/2604/5189 1389/2635/5190 1413/2638/5191 1396/2605/5192
f 1388/2636/5193 1375/2607/5194 1399/2610/5195 1412/2637/5196
f 1374/2651/5197 1391/2639/5198 1415/2642/5199 1398/2652/5200
f 1390/2640/5201 1377/2611/5202 1401/2614/5203 1414/2641/5204
f 1376/2612/5205 1393/2643/5206 1417/2646/5207 1400/2613/5208
f 1392/2644/5209 1379/2615/5210 1403/2618/5211 1416/2645/5212
f 1378/2616/5213 1395/2647/5214 1419/2650/5215 1402/2617/5216
f 1394/2648/5217 1381/2619/5218 1405/2622/5219 1418/2649/5220
f 1397/2653/5221 1396/2654/5222 984/2655/5223 971/2656/5224
f 1399/2657/5225 1398/2658/5226 982/2659/5227 969/2660/5228
f 1401/2661/5229 1400/2662/5230 980/2663/5231 967/2664/5232
f 1403/2665/5233 1402/2666/5234 976/2667/5235 965/2668/5236
f 1405/2669/5237 1404/2670/5238 978/2671/5239 975/2672/5240
f 1407/2673/5241 1406/2674/5242 986/2675/5243 973/2676/5244
f 1409/2677/5245 1408/2678/5246 970/2679/5247 987/2680/5248
f 1411/2681/5249 1410/2682/5250 972/2683/5251 979/2684/5252
f 1413/2685/5253 1412/2686/5254 968/2687/5255 985/2688/5256
f 1415/2689/5257 1414/2690/5258 966/2691/5259 983/2692/5260
f 1417/2693/5261 1416/2694/5262 964/2695/5263 981/2696/5264
f 1419/2697/5265 1418/2698/5266 974/2699/5267 977/2700/5268
f 1404/2670/5269 1411/2681/5270 979/2684/5271 978/2671/5272
f 1410/2682/5273 1407/2673/5274 973/2676/5275 972/2683/5276
f 1406/2674/5277 1409/2677/5278 987/2680/5279 986/2675/5280
f 1408/2678/5281 1397/2653/5282 971/2656/5283 970/2679/5284
f 1396/2654/5285 1413/2685/5286 985/2688/5287 984/2655/5288
f 1412/2686/5289 1399/2657/5290 969/2660/5291 968/2687/5292
f 1398/2701/5293 1415/2689/5294 983/2692/5295 982/2702/5296
f 1414/2690/5297 1401/2661/5298 967/2664/5299 966/2691/5300
f 1400/2662/5301 1417/2693/5302 981/2696/5303 980/2663/5304
f 1416/2694/5305 1403/2665/5306 965/2668/5307 964/2695/5308
f 1402/2666/5309 1419/2697/5310 977/2700/5311 976/2667/5312
f 1418/2698/5313 1405/2669/5314 975/2672/5315 974/2699/5316
f 1420/2703/5317 1421/2704/5318 1422/2705/5319 1423/2706/5320
f 1424/2707/5321 1425/2708/5322 1426/2709/5323 1427/2710/5324
f 1428/2711/5325 1429/2712/5326 1430/2713/5327 1431/2714/5328
f 1432/2715/5329 1433/2716/5330 1434/2717/5331 1435/2718/5332
f 1436/2719/5333 1437/2720/5334 1438/2721/5335 1439/2722/5336
f 1440/2723/5337 1441/2724/5338 1442/2725/5339 1443/2726/5340
f 1444/2727/5341 1445/2728/5342 1446/2729/5343 1447/2730/5344
f 1442/2731/5345 1421/2732/5346 1420/2733/5347 1443/2734/5348
f 1422/2735/5349 1425/2736/5350 1424/2737/5351 1423/2738/5352
f 1446/2739/5353 1429/2740/5354 1428/2741/5355 1447/2742/5356
f 1430/2743/5357 1433/2744/5358 1432/2745/5359 1431/2746/5360
f 1434/2747/5361 1437/2748/5362 1436/2749/5363 1435/2750/5364
f 1438/2751/5365 1441/2752/5366 1440/2753/5367 1439/2754/5368
f 1426/2755/5369 1445/2756/5370 1444/2757/5371 1427/2758/5372
f 1420/2759/5373 1423/2760/5374 1448/2761/5375 1449/2762/5376
f 1424/2763/5377 1427/2764/5378 1450/2765/5379 1448/2761/5380
f 1428/2766/5381 1431/2767/5382 1451/2768/5383 1452/2769/5384
f 1432/2770/5385 1435/2771/5386 1453/2772/5387 1451/2768/5388
f 1436/2773/5389 1439/2774/5390 1454/2775/5391 1453/2772/5392
f 1440/2776/5393 1443/2777/5394 1449/2762/5395 1454/2775/5396
f 1444/2778/5397 1447/2779/5398 1452/2769/5399 1450/2765/5400
f 1443/2777/5401 1420/2759/5402 1449/2762/5403
f 1423/2760/5404 1424/2763/5405 1448/2761/5406
f 1447/2779/5407 1428/2766/5408 1452/2769/5409
f 1431/2767/5410 1432/2770/5411 1451/2768/5412
f 1435/2771/5413 1436/2773/5414 1453/2772/5415
f 1439/2774/5416 1440/2776/5417 1454/2775/5418
f 1427/2764/5419 1444/2778/5420 1450/2765/5421
f 1442/2780/5422 1441/2781/5423 1455/2782/5424 1456/2783/5425
f 1422/2784/5426 1421/2785/5427 1456/2783/5428 1457/2786/5429
f 1446/2787/5430 1445/2788/5431 1458/2789/5432 1459/2790/5433
f 1430/2791/5434 1429/2792/5435 1459/2790/5436 1460/2793/5437
f 1434/2794/5438 1433/2795/5439 1460/2793/5440 1461/2796/5441
f 1438/2797/5442 1437/2798/5443 1461/2796/5444 1455/2782/5445
f 1426/2799/5446 1425/2800/5447 1457/2786/5448 1458/2789/5449
f 1421/2785/5450 1442/2780/5451 1456/2783/5452
f 1425/2800/5453 1422/2784/5454 1457/2786/5455
f 1429/2792/5456 1446/2787/5457 1459/2790/5458
f 1433/2795/5459 1430/2791/5460 1460/2793/5461
f 1437/2798/5462 1434/2794/5463 1461/2796/5464
f 1441/2781/5465 1438/2797/5466 1455/2782/5467
f 1445/2788/5468 1426/2799/5469 1458/2789/5470
g default
v 1.908047 0.560610 -0.869091
v 1.908047 0.291078 -0.869091
v -0.092054 0.291078 -0.869091
v -0.092054 0.560610 -0.869091
v 1.908047 -0.517514 -0.869091
v 1.908047 -0.652281 -0.635670
v -0.092054 -0.652281 -0.635670
v -0.092054 -0.517514 -0.869091
v 1.908047 -1.056576 0.064590
v 1.908047 -0.921811 0.298012
v -0.092054 -0.921811 0.298012
v -0.092054 -1.056576 0.064590
v 1.908047 -0.517514 0.998276
v 1.908047 -0.247982 0.998276
v -0.092054 -0.247982 0.998276
v -0.092054 -0.517514 0.998276
v 1.908047 0.560610 0.998276
v 1.908047 0.695376 0.764858
v -0.092054 0.695376 0.764858
v -0.092054 0.560610 0.998276
v 1.908047 1.099672 0.064590
v 1.908047 0.964906 -0.168831
v -0.092054 0.964906 -0.168831
v -0.092054 1.099672 0.064590
v -0.092055 0.163230 -0.464161
v -0.092055 0.295259 -0.409481
v -0.092055 -0.365542 -0.322449
v -0.092055 -0.252167 -0.409473
v -0.092055 -0.507221 0.206299
v -0.092055 -0.525876 0.064617
v -0.092055 -0.120130 0.593380
v -0.092055 -0.252160 0.538689
v -0.092055 0.408640 0.451721
v -0.092055 0.295264 0.538689
v -0.092055 0.550319 -0.077034
v -0.092055 0.568973 0.064602
v 1.908047 0.695376 -0.635670
v -0.092054 0.695376 -0.635670
v -0.092055 0.408634 -0.322456
v 1.908047 0.964906 0.298012
v -0.092054 0.964906 0.298012
v -0.092055 0.550322 0.206299
v 1.908047 -0.247982 -0.869091
v -0.092054 -0.247982 -0.869091
v -0.092055 -0.120137 -0.464161
v 1.908047 -0.921811 -0.168831
v -0.092054 -0.921811 -0.168831
v -0.092055 -0.507224 -0.077034
v 1.908047 -0.652281 0.764858
v -0.092054 -0.652281 0.764858
v -0.092055 -0.365536 0.451721
v 1.908047 0.291078 0.998276
v -0.092054 0.291078 0.998276
v -0.092055 0.163235 0.593380
v 1.908047 0.655740 -1.033863
v 1.908047 0.338643 -1.033863
v 1.908047 -0.612644 -1.033863
v 1.908047 -0.771192 -0.759228
v 1.908047 -1.246836 0.064590
v 1.908047 -1.088289 0.339199
v 1.908047 -0.612644 1.163048
v 1.908047 -0.295549 1.163048
v 1.908047 0.655740 1.163048
v 1.908047 0.814289 0.888458
v 1.908047 1.289932 0.064590
v 1.908047 1.131385 -0.209999
v 1.908047 0.814289 -0.759228
v 1.908047 1.131385 0.339199
v 1.908047 -0.295549 -1.033863
v 1.908047 -1.088289 -0.209999
v 1.908047 -0.771192 0.888458
v 1.908047 0.338643 1.163048
v 4.208476 0.655740 -1.033863
v 4.208476 0.338643 -1.033863
v 4.208476 -0.612644 -1.033863
v 4.208476 -0.771192 -0.759228
v 4.208476 -1.246836 0.064590
v 4.208476 -1.088289 0.339199
v 4.208476 -0.612644 1.163048
v 4.208476 -0.295549 1.163048
v 4.208476 0.655740 1.163048
v 4.208476 0.814289 0.888458
v 4.208476 1.289932 0.064590
v 4.208476 1.131385 -0.209999
v 4.208476 0.814289 -0.759228
v 4.208476 1.131385 0.339199
v 4.208476 -0.295549 -1.033863
v 4.208476 -1.088289 -0.209999
v 4.208476 -0.771192 0.888458
v 4.208476 0.338643 1.163048
v 4.208476 0.420501 -0.626408
v 4.208476 0.228059 -0.706120
v 4.208476 -0.377412 -0.626400
v 4.208476 -0.542662 -0.499599
v 4.208476 -0.776364 0.064610
v 4.208476 -0.749171 0.271149
v 4.208476 -0.377402 0.755627
v 4.208476 -0.184960 0.835331
v 4.208476 0.420511 0.755611
v 4.208476 0.585764 0.628822
v 4.208476 0.819462 0.064590
v 4.208476 0.792272 -0.141891
v 4.208476 0.585755 -0.499607
v 4.208476 0.792276 0.271126
v 4.208476 -0.184970 -0.706120
v 4.208476 -0.749176 -0.141891
v 4.208476 -0.542656 0.628822
v 4.208476 0.228070 0.835323
v 4.208476 0.972838 0.613804
v 4.208476 0.712566 0.463558
v 1.908047 0.972838 0.613804
v 1.908047 0.830141 0.531433
v -0.092054 0.830141 0.531433
v -0.092055 0.495634 0.338333
v 4.208476 0.972838 -0.484585
v 4.208476 0.712559 -0.334358
v 1.908047 0.972838 -0.484585
v 1.908047 0.830141 -0.402248
v -0.092054 0.830141 -0.402248
v -0.092055 0.495631 -0.209110
v 4.208476 0.021548 -1.033863
v 4.208476 0.021544 -0.733288
v 1.908047 0.021548 -1.033863
v 1.908047 0.021548 -0.869091
v -0.092054 0.021548 -0.869091
v -0.092055 0.021546 -0.482800
v 4.208476 -0.929741 -0.484585
v 4.208476 -0.669465 -0.334351
v 1.908047 -0.929741 -0.484585
v 1.908047 -0.787045 -0.402248
v -0.092054 -0.787045 -0.402248
v -0.092055 -0.452534 -0.209103
v 4.208476 -0.929741 0.613804
v 4.208476 -0.669460 0.463566
v 1.908047 -0.929741 0.613804
v 1.908047 -0.787045 0.531433
v -0.092054 -0.787045 0.531433
v -0.092055 -0.452533 0.338333
v 4.208476 0.021548 1.163048
v 4.208476 0.021556 0.862534
v 1.908047 0.021548 1.163048
v 1.908047 0.021548 0.998276
v -0.092054 0.021548 0.998276
v -0.092055 0.021552 0.612068
v 1.770171 0.163230 -0.464161
v 1.770171 0.295259 -0.409481
v 1.770171 -0.365542 -0.322449
v 1.770171 -0.252167 -0.409473
v 1.770171 -0.507221 0.206299
v 1.770171 -0.525876 0.064617
v 1.770171 -0.120130 0.593380
v 1.770171 -0.252160 0.538689
v 1.770171 0.408640 0.451721
v 1.770171 0.295264 0.538689
v 1.770171 0.550319 -0.077034
v 1.770171 0.568973 0.064602
v 1.770171 0.408634 -0.322456
v 1.770171 0.495631 -0.209110
v 1.770171 0.550322 0.206299
v 1.770171 0.495634 0.338333
v 1.770171 -0.120137 -0.464161
v 1.770171 0.021546 -0.482800
v 1.770171 -0.507224 -0.077034
v 1.770171 -0.452534 -0.209103
v 1.770171 -0.365536 0.451721
v 1.770171 -0.452533 0.338333
v 1.770171 0.163235 0.593380
v 1.770171 0.021552 0.612068
v 1.770172 0.021549 0.064625
v 2.034805 0.420501 -0.626408
v 2.034805 0.228059 -0.706120
v 2.034805 -0.377412 -0.626400
v 2.034805 -0.542662 -0.499599
v 2.034806 -0.776364 0.064610
v 2.034806 -0.749171 0.271149
v 2.034806 -0.377402 0.755627
v 2.034806 -0.184960 0.835331
v 2.034806 0.420511 0.755611
v 2.034806 0.585764 0.628822
v 2.034806 0.819462 0.064590
v 2.034805 0.792272 -0.141891
v 2.034805 0.712559 -0.334358
v 2.034805 0.585755 -0.499607
v 2.034806 0.712566 0.463558
v 2.034806 0.792276 0.271126
v 2.034805 0.021544 -0.733288
v 2.034805 -0.184970 -0.706120
v 2.034805 -0.669465 -0.334351
v 2.034805 -0.749176 -0.141891
v 2.034806 -0.669460 0.463566
v 2.034806 -0.542656 0.628822
v 2.034806 0.021556 0.862534
v 2.034806 0.228070 0.835323
v 2.034806 0.021549 0.064613
vt 0.035725 0.574220
vt 0.041651 0.574220
vt 0.041651 0.618196
vt 0.035725 0.618196
vt 0.065447 0.686095
vt 0.071373 0.686095
vt 0.071373 0.730070
vt 0.065447 0.730070
vt 0.035725 0.684673
vt 0.041651 0.684673
vt 0.041651 0.728650
vt 0.035725 0.728650
vt 0.034891 0.520393
vt 0.040817 0.520393
vt 0.040817 0.564370
vt 0.034891 0.564370
vt 0.035725 0.625719
vt 0.041652 0.625719
vt 0.041652 0.669695
vt 0.035725 0.669695
vt 0.064196 0.575641
vt 0.070122 0.575641
vt 0.070122 0.619618
vt 0.064196 0.619618
vt 0.092573 0.603817
vt 0.092573 0.599710
vt 0.102357 0.599222
vt 0.102579 0.603505
vt 0.092573 0.586556
vt 0.092573 0.582461
vt 0.102357 0.582156
vt 0.102357 0.586444
vt 0.092573 0.569366
vt 0.092573 0.565293
vt 0.102357 0.565046
vt 0.102357 0.569341
vt 0.092573 0.552220
vt 0.092573 0.548151
vt 0.102357 0.547919
vt 0.102357 0.552217
vt 0.092573 0.535087
vt 0.092573 0.531019
vt 0.102357 0.530789
vt 0.102357 0.535086
vt 0.092573 0.620731
vt 0.092573 0.616738
vt 0.102579 0.616393
vt 0.102579 0.620731
vt 0.081975 0.575641
vt 0.087901 0.575641
vt 0.087901 0.619618
vt 0.081975 0.619618
vt 0.092573 0.607836
vt 0.102579 0.607816
vt 0.053505 0.625719
vt 0.059431 0.625719
vt 0.059431 0.669695
vt 0.053505 0.669695
vt 0.092573 0.522022
vt 0.092573 0.517955
vt 0.102357 0.517955
vt 0.102357 0.522253
vt 0.053504 0.574220
vt 0.059430 0.574221
vt 0.059430 0.618196
vt 0.053504 0.618196
vt 0.092573 0.590622
vt 0.102357 0.590736
vt 0.083224 0.686095
vt 0.089153 0.686095
vt 0.089153 0.730070
vt 0.083224 0.730070
vt 0.092573 0.573435
vt 0.102357 0.573637
vt 0.053503 0.684673
vt 0.059430 0.684673
vt 0.059430 0.728650
vt 0.053503 0.728650
vt 0.092573 0.556288
vt 0.102357 0.556515
vt 0.052670 0.520393
vt 0.058596 0.520393
vt 0.058596 0.564370
vt 0.052670 0.564370
vt 0.092573 0.539153
vt 0.102357 0.539384
vt 0.187427 0.555126
vt 0.187427 0.548701
vt 0.191137 0.549024
vt 0.191026 0.554494
vt 0.187427 0.428789
vt 0.187427 0.422272
vt 0.191137 0.422272
vt 0.191137 0.427832
vt 0.187427 0.454093
vt 0.187427 0.447576
vt 0.191137 0.447576
vt 0.191137 0.453135
vt 0.187427 0.479398
vt 0.187427 0.472880
vt 0.191137 0.472879
vt 0.191137 0.478438
vt 0.187427 0.504701
vt 0.187427 0.498184
vt 0.191137 0.498184
vt 0.191137 0.503742
vt 0.187427 0.530003
vt 0.187427 0.523487
vt 0.191137 0.523487
vt 0.191137 0.529045
vt 0.187427 0.542251
vt 0.191137 0.543262
vt 0.187427 0.516970
vt 0.191137 0.517929
vt 0.187427 0.574061
vt 0.187427 0.567524
vt 0.191026 0.568508
vt 0.191026 0.574061
vt 0.187427 0.441059
vt 0.191137 0.442018
vt 0.187427 0.466362
vt 0.191137 0.467321
vt 0.187427 0.491666
vt 0.191137 0.492625
vt 0.023937 0.573877
vt 0.030909 0.573877
vt 0.030909 0.624457
vt 0.023937 0.624457
vt 0.023937 0.683948
vt 0.030909 0.683948
vt 0.030909 0.734528
vt 0.023937 0.734528
vt 0.023938 0.518409
vt 0.030910 0.518409
vt 0.030910 0.568989
vt 0.023938 0.568989
vt 0.023937 0.628118
vt 0.030909 0.628118
vt 0.030909 0.678698
vt 0.023937 0.678698
vt 0.084272 0.626963
vt 0.091244 0.626963
vt 0.091244 0.677543
vt 0.084272 0.677543
vt 0.083021 0.517935
vt 0.089993 0.517935
vt 0.089993 0.568515
vt 0.083021 0.568515
vt 0.062104 0.517935
vt 0.069078 0.517935
vt 0.069078 0.568515
vt 0.062104 0.568515
vt 0.063356 0.626963
vt 0.070327 0.626963
vt 0.070327 0.677543
vt 0.063356 0.677543
vt 0.003021 0.573877
vt 0.009993 0.573877
vt 0.009993 0.624457
vt 0.003021 0.624457
vt 0.003021 0.683948
vt 0.009993 0.683948
vt 0.009993 0.734528
vt 0.003021 0.734528
vt 0.003021 0.518409
vt 0.009992 0.518409
vt 0.009992 0.568989
vt 0.003021 0.568989
vt 0.003021 0.628118
vt 0.009992 0.628118
vt 0.009992 0.678698
vt 0.003021 0.678698
vt 0.278070 0.432736
vt 0.278070 0.427385
vt 0.286224 0.427096
vt 0.286224 0.432665
vt 0.278414 0.455017
vt 0.278414 0.449875
vt 0.286224 0.449533
vt 0.286224 0.455310
vt 0.278414 0.477427
vt 0.278414 0.472163
vt 0.286224 0.472155
vt 0.286224 0.477868
vt 0.278414 0.499930
vt 0.278414 0.494660
vt 0.286224 0.494660
vt 0.286224 0.500372
vt 0.278414 0.522433
vt 0.278414 0.517164
vt 0.286224 0.517164
vt 0.286224 0.522875
vt 0.278070 0.409958
vt 0.278070 0.404707
vt 0.286224 0.404707
vt 0.286224 0.410419
vt 0.278070 0.421979
vt 0.286224 0.421466
vt 0.278414 0.539666
vt 0.278414 0.534398
vt 0.286224 0.533955
vt 0.286224 0.539666
vt 0.278414 0.444594
vt 0.286224 0.443801
vt 0.278414 0.466897
vt 0.286224 0.466441
vt 0.278414 0.489392
vt 0.286224 0.488950
vt 0.278414 0.511893
vt 0.286224 0.511452
vt 0.278414 0.528415
vt 0.286224 0.528415
vt 0.077299 0.626963
vt 0.077299 0.677543
vt 0.187427 0.510835
vt 0.191137 0.510835
vt 0.047579 0.625719
vt 0.047579 0.669695
vt 0.092573 0.526520
vt 0.102357 0.526521
vt 0.278070 0.415947
vt 0.286224 0.415951
vt 0.076050 0.517935
vt 0.076050 0.568515
vt 0.187427 0.536134
vt 0.191137 0.536143
vt 0.076048 0.575641
vt 0.076048 0.619618
vt 0.092573 0.612285
vt 0.102579 0.612106
vt 0.278414 0.438633
vt 0.286224 0.438255
vt 0.016966 0.573877
vt 0.016966 0.624457
vt 0.187427 0.561358
vt 0.191026 0.561452
vt 0.047577 0.574220
vt 0.047577 0.618196
vt 0.092573 0.595140
vt 0.102357 0.594990
vt 0.278414 0.460932
vt 0.286224 0.460888
vt 0.016964 0.683948
vt 0.016964 0.734528
vt 0.187427 0.434924
vt 0.191137 0.434926
vt 0.077299 0.686095
vt 0.077299 0.730070
vt 0.092573 0.577940
vt 0.102357 0.577900
vt 0.278414 0.483410
vt 0.286224 0.483410
vt 0.016967 0.518409
vt 0.016967 0.568989
vt 0.187427 0.460228
vt 0.191137 0.460228
vt 0.047577 0.684673
vt 0.047577 0.728650
vt 0.092573 0.560789
vt 0.102357 0.560780
vt 0.278414 0.505912
vt 0.286224 0.505913
vt 0.016965 0.628118
vt 0.016965 0.678698
vt 0.187427 0.485532
vt 0.191137 0.485532
vt 0.046743 0.520393
vt 0.046743 0.564370
vt 0.092573 0.543652
vt 0.102357 0.543651
vt 0.147709 0.643838
vt 0.147709 0.646979
vt 0.106764 0.646979
vt 0.106764 0.643838
vt 0.147709 0.656406
vt 0.147709 0.659549
vt 0.106764 0.659549
vt 0.106764 0.656406
vt 0.147709 0.668974
vt 0.147709 0.672117
vt 0.106764 0.672117
vt 0.106764 0.668974
vt 0.147709 0.681543
vt 0.147709 0.684685
vt 0.106764 0.684685
vt 0.106764 0.681543
vt 0.147709 0.694112
vt 0.147709 0.697253
vt 0.106764 0.697253
vt 0.106764 0.694112
vt 0.147709 0.631270
vt 0.147709 0.634411
vt 0.106764 0.634411
vt 0.106764 0.631270
vt 0.147709 0.637554
vt 0.147709 0.640695
vt 0.106764 0.640695
vt 0.106764 0.637554
vt 0.147709 0.700397
vt 0.147709 0.703537
vt 0.106764 0.703537
vt 0.106764 0.700397
vt 0.147709 0.650122
vt 0.147709 0.653264
vt 0.106764 0.653264
vt 0.106764 0.650122
vt 0.147709 0.662690
vt 0.147709 0.665833
vt 0.106764 0.665833
vt 0.106764 0.662690
vt 0.147709 0.675258
vt 0.147709 0.678401
vt 0.106764 0.678401
vt 0.106764 0.675258
vt 0.147709 0.687828
vt 0.147709 0.690969
vt 0.106764 0.690969
vt 0.106764 0.687828
vt 0.147709 0.706680
vt 0.106764 0.706680
vt 0.255807 0.808613
vt 0.258028 0.806391
vt 0.265355 0.815941
vt 0.266926 0.804006
vt 0.269961 0.804821
vt 0.276476 0.811334
vt 0.277288 0.814370
vt 0.274905 0.823268
vt 0.272682 0.825489
vt 0.263784 0.827873
vt 0.260750 0.827061
vt 0.254235 0.820547
vt 0.253422 0.817512
vt 0.253422 0.814370
vt 0.254235 0.811335
vt 0.258029 0.825490
vt 0.255807 0.823268
vt 0.260750 0.804821
vt 0.263784 0.804006
vt 0.272682 0.806391
vt 0.274905 0.808613
vt 0.277288 0.817512
vt 0.276476 0.820547
vt 0.269963 0.827061
vt 0.266926 0.827873
vt 0.152152 0.604800
vt 0.152152 0.609379
vt 0.104359 0.609379
vt 0.104359 0.604800
vt 0.152152 0.586481
vt 0.152152 0.591060
vt 0.104359 0.591060
vt 0.104359 0.586481
vt 0.152152 0.568160
vt 0.152152 0.572740
vt 0.104359 0.572740
vt 0.104359 0.568160
vt 0.152152 0.549841
vt 0.152152 0.554420
vt 0.104359 0.554420
vt 0.104359 0.549841
vt 0.152152 0.531522
vt 0.152152 0.536101
vt 0.104359 0.536101
vt 0.104359 0.531522
vt 0.152152 0.623119
vt 0.152152 0.627699
vt 0.104359 0.627699
vt 0.104359 0.623119
vt 0.152152 0.613958
vt 0.152152 0.618539
vt 0.104359 0.618539
vt 0.104359 0.613958
vt 0.152152 0.522363
vt 0.152152 0.526942
vt 0.104359 0.526942
vt 0.104359 0.522363
vt 0.152152 0.595640
vt 0.152152 0.600220
vt 0.104359 0.600220
vt 0.104359 0.595640
vt 0.152152 0.577319
vt 0.152152 0.581900
vt 0.104359 0.581900
vt 0.104359 0.577319
vt 0.152152 0.559002
vt 0.152152 0.563581
vt 0.104359 0.563581
vt 0.104359 0.559002
vt 0.152152 0.540681
vt 0.152152 0.545261
vt 0.104359 0.545261
vt 0.104359 0.540681
vt 0.152152 0.517781
vt 0.104359 0.517781
vt 0.775346 0.610768
vt 0.775346 0.615347
vt 0.757952 0.613057
vt 0.764667 0.596848
vt 0.768633 0.599139
vt 0.747273 0.599139
vt 0.751240 0.596848
vt 0.740558 0.615347
vt 0.740558 0.610767
vt 0.751237 0.629265
vt 0.747271 0.626976
vt 0.768631 0.626976
vt 0.764666 0.629265
vt 0.774160 0.619772
vt 0.771870 0.623739
vt 0.760241 0.630452
vt 0.755662 0.630452
vt 0.771871 0.602377
vt 0.774160 0.606344
vt 0.755662 0.595663
vt 0.760243 0.595663
vt 0.741744 0.606343
vt 0.744035 0.602376
vt 0.744032 0.623736
vt 0.741743 0.619770
vn 0.000000 0.000000 -1.000000
vn 0.000000 0.000000 -1.000000
vn 0.000000 0.000000 -1.000000
vn 0.000000 0.000000 -1.000000
vn 0.000000 -0.866026 -0.499999
vn 0.000000 -0.866026 -0.499999
vn 0.000000 -0.866026 -0.499999
vn 0.000000 -0.866026 -0.499999
vn 0.000000 -0.866026 0.499999
vn 0.000000 -0.866026 0.499999
vn 0.000000 -0.866026 0.499999
vn 0.000000 -0.866026 0.499999
vn 0.000000 0.000000 1.000000
vn 0.000000 0.000000 1.000000
vn 0.000000 0.000000 1.000000
vn 0.000000 0.000000 1.000000
vn 0.000000 0.866025 0.500000
vn 0.000000 0.866025 0.500000
vn 0.000000 0.866025 0.500000
vn 0.000000 0.866025 0.500000
vn 0.000000 0.866027 -0.499997
vn 0.000000 0.866027 -0.499997
vn 0.000000 0.866027 -0.499997
vn 0.000000 0.866027 -0.499997
vn -1.000000 0.000000 0.000000
vn -1.000000 0.000000 0.000000
vn -1.000000 0.000000 0.000000
vn -1.000000 0.000000 0.000000
vn -1.000000 0.000000 0.000000
vn -1.000000 0.000000 0.000000
vn -1.000000 0.000000 0.000000
vn -1.000000 0.000000 0.000000
vn -1.000000 0.000000 0.000001
vn -1.000000 0.000000 0.000000
vn -1.000000 0.000000 0.000000
vn -1.000000 0.000000 0.000000
vn -1.000000 0.000000 0.000000
vn -1.000000 0.000000 0.000000
vn -1.000000 0.000000 0.000000
vn -1.000000 0.000000 0.000000
vn -1.000000 0.000000 0.000000
vn -1.000000 0.000000 0.000000
vn -1.000000 0.000000 0.000000
vn -1.000000 0.000000 0.000000
vn -1.000000 0.000000 -0.000001
vn -1.000000 0.000000 0.000000
vn -1.000000 0.000000 0.000000
vn -1.000000 0.000000 0.000000
vn 0.000000 0.866025 -0.500000
vn 0.000000 0.866025 -0.500000
vn 0.000000 0.866025 -0.500000
vn 0.000000 0.866025 -0.500000
vn -1.000000 0.000000 0.000000
vn -1.000000 0.000000 0.000000
vn -1.000000 0.000000 -0.000001
vn -1.000000 0.000000 -0.000001
vn 0.000000 0.866027 0.499997
vn 0.000000 0.866027 0.499997
vn 0.000000 0.866027 0.499997
vn 0.000000 0.866027 0.499997
vn -1.000000 0.000000 0.000001
vn -1.000000 0.000000 0.000001
vn -1.000000 0.000000 0.000000
vn -1.000000 0.000000 0.000000
vn 0.000000 0.000000 -1.000000
vn 0.000000 0.000000 -1.000000
vn 0.000000 0.000000 -1.000000
vn 0.000000 0.000000 -1.000000
vn -1.000000 0.000000 0.000000
vn -1.000000 0.000000 0.000000
vn -1.000000 0.000000 0.000000
vn -1.000000 0.000000 0.000000
vn 0.000000 -0.866026 -0.499999
vn 0.000000 -0.866026 -0.499999
vn 0.000000 -0.866026 -0.499999
vn 0.000000 -0.866026 -0.499999
vn -1.000000 0.000000 -0.000001
vn -1.000000 0.000000 -0.000001
vn -1.000000 0.000000 0.000000
vn -1.000000 0.000000 0.000000
vn 0.000000 -0.866026 0.499999
vn 0.000000 -0.866026 0.499999
vn 0.000000 -0.866026 0.499999
vn 0.000000 -0.866026 0.499999
vn -1.000000 0.000000 0.000000
vn -1.000000 0.000000 0.000000
vn -1.000000 0.000000 0.000001
vn -1.000000 0.000000 0.000001
vn 0.000000 0.000000 1.000000
vn 0.000000 0.000000 1.000000
vn 0.000000 0.000000 1.000000
vn 0.000000 0.000000 1.000000
vn -1.000000 0.000000 0.000000
vn -1.000000 0.000000 0.000000
vn -1.000000 0.000000 0.000000
vn -1.000000 0.000000 0.000000
vn -1.000000 0.000000 0.000000
vn -1.000000 0.000000 0.000000
vn -1.000000 0.000000 0.000000
vn -1.000000 0.000000 0.000000
vn -1.000000 0.000000 0.000000
vn -1.000000 0.000000 0.000000
vn -1.000000 0.000000 0.000000
vn -1.000000 0.000000 0.000000
vn -1.000000 0.000000 0.000000
vn -1.000000 0.000000 0.000000
vn -1.000000 0.000000 0.000000
vn -1.000000 0.000000 0.000000
vn -1.000000 0.000000 0.000000
vn -1.000000 0.000000 0.000000
vn -1.000000 0.000000 0.000000
vn -1.000000 0.000000 0.000000
vn -1.000000 0.000000 0.000000
vn -1.000000 0.000000 0.000000
vn -1.000000 0.000000 0.000000
vn -1.000000 0.000000 0.000000
vn -1.000000 0.000000 0.000000
vn -1.000000 0.000000 0.000000
vn -1.000000 0.000000 0.000000
vn -1.000000 0.000000 0.000000
vn -1.000000 0.000000 0.000000
vn -1.000000 0.000000 0.000000
vn -1.000000 0.000000 0.000000
vn -1.000000 0.000000 0.000000
vn -1.000000 0.000000 0.000000
vn -1.000000 0.000000 0.000000
vn -1.000000 0.000000 0.000000
vn -1.000000 0.000000 0.000000
vn -1.000000 0.000000 0.000000
vn -1.000000 0.000000 0.000000
vn -1.000000 0.000000 0.000000
vn -1.000000 0.000000 0.000000
vn -1.000000 0.000000 0.000000
vn -1.000000 0.000000 0.000000
vn -1.000000 0.000000 0.000000
vn -1.000000 0.000000 0.000000
vn -1.000000 0.000000 0.000000
vn -1.000000 0.000000 0.000000
vn -1.000000 0.000000 0.000000
vn -1.000000 0.000000 0.000000
vn -1.000000 0.000000 0.000000
vn -1.000000 0.000000 0.000000
vn -1.000000 0.000000 0.000000
vn -1.000000 0.000000 0.000000
vn 0.000000 0.000000 -1.000000
vn 0.000000 0.000000 -1.000000
vn 0.000000 0.000000 -1.000000
vn 0.000000 0.000000 -1.000000
vn 0.000000 -0.866046 -0.499965
vn 0.000000 -0.866046 -0.499964
vn 0.000000 -0.866046 -0.499964
vn 0.000000 -0.866046 -0.499965
vn 0.000000 -0.866020 0.500010
vn 0.000000 -0.866020 0.500009
vn 0.000000 -0.866020 0.500009
vn 0.000000 -0.866020 0.500010
vn 0.000000 0.000000 1.000000
vn 0.000000 0.000000 1.000000
vn 0.000000 0.000000 1.000000
vn 0.000000 0.000000 1.000000
vn 0.000000 0.866032 0.499989
vn 0.000000 0.866006 0.500034
vn 0.000000 0.866006 0.500034
vn 0.000000 0.866032 0.499989
vn 0.000000 0.866008 -0.500030
vn 0.000000 0.866009 -0.500029
vn 0.000000 0.866009 -0.500029
vn 0.000000 0.866008 -0.500030
vn 0.000000 0.866045 -0.499967
vn 0.000000 0.866045 -0.499966
vn 0.000000 0.866045 -0.499966
vn 0.000000 0.866045 -0.499967
vn 0.000000 0.866022 0.500007
vn 0.000000 0.866021 0.500007
vn 0.000000 0.866021 0.500007
vn 0.000000 0.866022 0.500007
vn 0.000000 0.000000 -1.000000
vn 0.000000 0.000000 -1.000000
vn 0.000000 0.000000 -1.000000
vn 0.000000 0.000000 -1.000000
vn 0.000000 -0.866007 -0.500032
vn 0.000000 -0.866007 -0.500032
vn 0.000000 -0.866007 -0.500032
vn 0.000000 -0.866007 -0.500032
vn 0.000000 -0.866007 0.500032
vn 0.000000 -0.866033 0.499987
vn 0.000000 -0.866033 0.499987
vn 0.000000 -0.866007 0.500032
vn 0.000000 0.000000 1.000000
vn 0.000000 0.000000 1.000000
vn 0.000000 0.000000 1.000000
vn 0.000000 0.000000 1.000000
vn 1.000000 0.000000 0.000001
vn 1.000000 0.000000 0.000001
vn 1.000000 0.000000 -0.000002
vn 1.000000 0.000000 -0.000002
vn 1.000000 0.000000 0.000000
vn 1.000000 0.000000 0.000000
vn 1.000000 0.000000 -0.000002
vn 1.000000 0.000000 -0.000002
vn 1.000000 0.000000 -0.000001
vn 1.000000 0.000000 -0.000001
vn 1.000000 0.000000 0.000002
vn 1.000000 0.000000 0.000002
vn 1.000000 0.000000 -0.000001
vn 1.000000 0.000000 -0.000001
vn 1.000000 0.000000 0.000001
vn 1.000000 0.000000 0.000001
vn 1.000000 0.000000 0.000000
vn 1.000000 0.000000 0.000001
vn 1.000000 0.000000 -0.000001
vn 1.000000 0.000000 -0.000001
vn 1.000000 0.000000 0.000000
vn 1.000000 0.000000 0.000001
vn 1.000000 0.000000 -0.000002
vn 1.000000 0.000000 -0.000002
vn 1.000000 0.000000 -0.000001
vn 1.000000 0.000000 0.000000
vn 1.000000 0.000000 0.000000
vn 1.000000 0.000000 0.000000
vn 1.000000 0.000000 -0.000003
vn 1.000000 0.000000 -0.000001
vn 1.000000 0.000000 0.000000
vn 1.000000 0.000000 0.000000
vn 1.000000 0.000000 0.000000
vn 1.000000 0.000000 0.000000
vn 1.000000 0.000000 0.000000
vn 1.000000 0.000000 0.000000
vn 1.000000 0.000000 0.000000
vn 1.000000 0.000000 0.000000
vn 1.000000 0.000000 -0.000002
vn 1.000000 0.000000 -0.000002
vn 1.000000 0.000000 0.000000
vn 1.000000 0.000000 0.000000
vn 1.000000 0.000000 0.000001
vn 1.000000 0.000000 0.000001
vn 1.000000 0.000000 0.000000
vn 1.000000 0.000000 -0.000001
vn 1.000000 0.000000 0.000000
vn 1.000000 0.000000 0.000000
vn 1.000000 0.000000 0.000000
vn 1.000000 0.000000 0.000000
vn 1.000000 0.000000 0.000001
vn 1.000000 0.000000 0.000001
vn 0.000000 0.866058 0.499943
vn 0.000000 0.866032 0.499989
vn 0.000000 0.866032 0.499989
vn 0.000000 0.866058 0.499943
vn -1.000000 0.000000 0.000000
vn -1.000000 0.000000 0.000000
vn -1.000000 0.000000 0.000000
vn -1.000000 0.000000 0.000000
vn 0.000000 0.866025 0.500000
vn 0.000000 0.866025 0.500000
vn 0.000000 0.866026 0.499999
vn 0.000000 0.866026 0.499999
vn -1.000000 0.000000 0.000000
vn -1.000000 0.000000 0.000000
vn -1.000000 0.000000 0.000000
vn -1.000000 0.000000 0.000000
vn -1.000000 0.000000 0.000000
vn -1.000000 0.000000 0.000001
vn -1.000000 0.000000 0.000000
vn -1.000000 0.000000 0.000000
vn 0.000000 0.866026 0.499999
vn 0.000000 0.866027 0.499997
vn 0.000000 0.866027 0.499997
vn 0.000000 0.866026 0.499999
vn -1.000000 0.000000 0.000000
vn -1.000000 0.000000 0.000000
vn -1.000000 0.000000 0.000000
vn -1.000000 0.000000 0.000000
vn 0.000000 0.866021 0.500007
vn 0.000000 0.866021 0.500007
vn 0.000000 0.866021 0.500008
vn 0.000000 0.866021 0.500008
vn 1.000000 0.000000 -0.000001
vn 1.000000 0.000000 0.000001
vn 1.000000 0.000000 0.000000
vn 1.000000 0.000000 0.000000
vn 1.000000 0.000000 -0.000001
vn 1.000000 0.000000 0.000000
vn 1.000000 0.000000 0.000001
vn 1.000000 0.000000 0.000001
vn 0.000000 0.866008 -0.500030
vn 0.000000 0.866008 -0.500030
vn 0.000000 0.866008 -0.500030
vn 0.000000 0.866008 -0.500030
vn -1.000000 0.000000 0.000000
vn -1.000000 0.000000 0.000000
vn -1.000000 0.000000 0.000000
vn -1.000000 0.000000 0.000000
vn 0.000000 0.866027 -0.499997
vn 0.000000 0.866027 -0.499997
vn 0.000000 0.866026 -0.499999
vn 0.000000 0.866026 -0.499999
vn -1.000000 0.000000 0.000000
vn -1.000000 0.000000 0.000000
vn -1.000000 0.000000 0.000000
vn -1.000000 0.000000 0.000000
vn -1.000000 0.000000 0.000000
vn -1.000000 0.000000 0.000000
vn -1.000000 0.000000 0.000000
vn -1.000000 0.000000 0.000000
vn 0.000000 0.866026 -0.499999
vn 0.000000 0.866025 -0.500000
vn 0.000000 0.866025 -0.500000
vn 0.000000 0.866026 -0.499999
vn -1.000000 0.000000 0.000000
vn -1.000000 0.000000 0.000000
vn -1.000000 0.000000 0.000000
vn -1.000000 0.000000 0.000000
vn 0.000000 0.866045 -0.499966
vn 0.000000 0.866045 -0.499966
vn 0.000000 0.866045 -0.499965
vn 0.000000 0.866045 -0.499965
vn 1.000000 0.000000 0.000000
vn 1.000000 0.000000 0.000000
vn 1.000000 0.000000 0.000001
vn 1.000000 0.000000 0.000001
vn 1.000000 0.000000 0.000001
vn 1.000000 0.000000 0.000001
vn 1.000000 0.000000 -0.000002
vn 1.000000 0.000000 -0.000002
vn 0.000000 0.000000 -1.000000
vn 0.000000 0.000000 -1.000000
vn 0.000000 0.000000 -1.000000
vn 0.000000 0.000000 -1.000000
vn -1.000000 0.000000 0.000000
vn -1.000000 0.000000 0.000000
vn -1.000000 0.000000 0.000000
vn -1.000000 0.000000 0.000000
vn 0.000000 0.000000 -1.000000
vn 0.000000 0.000000 -1.000000
vn 0.000000 0.000000 -1.000000
vn 0.000000 0.000000 -1.000000
vn -1.000000 0.000000 0.000000
vn -1.000000 0.000000 0.000000
vn -1.000000 0.000000 0.000000
vn -1.000000 0.000000 0.000000
vn -1.000000 0.000000 0.000000
vn -1.000000 0.000000 0.000000
vn -1.000000 0.000000 0.000000
vn -1.000000 0.000000 0.000000
vn 0.000000 0.000000 -1.000000
vn 0.000000 0.000000 -1.000000
vn 0.000000 0.000000 -1.000000
vn 0.000000 0.000000 -1.000000
vn -1.000000 0.000000 0.000000
vn -1.000000 0.000000 0.000000
vn -1.000000 0.000000 0.000000
vn -1.000000 0.000000 0.000000
vn 0.000000 0.000000 -1.000000
vn 0.000000 0.000000 -1.000000
vn 0.000000 0.000000 -1.000000
vn 0.000000 0.000000 -1.000000
vn 1.000000 0.000000 0.000000
vn 1.000000 0.000000 0.000000
vn 1.000000 0.000000 0.000002
vn 1.000000 0.000000 0.000002
vn 1.000000 0.000000 0.000001
vn 1.000000 0.000000 0.000000
vn 1.000000 0.000000 0.000000
vn 1.000000 0.000000 0.000000
vn 0.000000 -0.866045 -0.499965
vn 0.000000 -0.866046 -0.499965
vn 0.000000 -0.866046 -0.499965
vn 0.000000 -0.866045 -0.499965
vn -1.000000 0.000000 0.000000
vn -1.000000 0.000000 0.000000
vn -1.000000 0.000000 0.000000
vn -1.000000 0.000000 0.000000
vn 0.000000 -0.866026 -0.499999
vn 0.000000 -0.866026 -0.499999
vn 0.000000 -0.866026 -0.499999
vn 0.000000 -0.866026 -0.499999
vn -1.000000 0.000000 0.000000
vn -1.000000 0.000000 0.000000
vn -1.000000 0.000000 0.000000
vn -1.000000 0.000000 0.000000
vn -1.000000 0.000000 0.000000
vn -1.000000 0.000000 -0.000001
vn -1.000000 0.000000 0.000000
vn -1.000000 0.000000 0.000000
vn 0.000000 -0.866026 -0.499999
vn 0.000000 -0.866026 -0.499999
vn 0.000000 -0.866026 -0.499999
vn 0.000000 -0.866026 -0.499999
vn -1.000000 0.000000 0.000000
vn -1.000000 0.000000 0.000000
vn -1.000000 0.000000 0.000000
vn -1.000000 0.000000 0.000000
vn 0.000000 -0.866007 -0.500032
vn 0.000000 -0.866007 -0.500032
vn 0.000000 -0.866006 -0.500033
vn 0.000000 -0.866006 -0.500033
vn 1.000000 0.000000 0.000000
vn 1.000000 0.000000 0.000001
vn 1.000000 0.000000 0.000000
vn 1.000000 0.000000 0.000000
vn 1.000000 0.000000 -0.000001
vn 1.000000 0.000000 -0.000001
vn 1.000000 0.000000 0.000000
vn 1.000000 0.000000 0.000000
vn 0.000000 -0.866019 0.500010
vn 0.000000 -0.866020 0.500010
vn 0.000000 -0.866020 0.500010
vn 0.000000 -0.866019 0.500010
vn -1.000000 0.000000 0.000000
vn -1.000000 0.000000 0.000000
vn -1.000000 0.000000 0.000000
vn -1.000000 0.000000 0.000000
vn 0.000000 -0.866026 0.499999
vn 0.000000 -0.866026 0.499999
vn 0.000000 -0.866026 0.499999
vn 0.000000 -0.866026 0.499999
vn -1.000000 0.000000 0.000000
vn -1.000000 0.000000 0.000000
vn -1.000000 0.000000 0.000000
vn -1.000000 0.000000 0.000000
vn -1.000000 0.000000 0.000000
vn -1.000000 0.000000 0.000000
vn -1.000000 0.000000 0.000000
vn -1.000000 0.000000 0.000000
vn 0.000000 -0.866026 0.499999
vn 0.000000 -0.866026 0.499999
vn 0.000000 -0.866026 0.499999
vn 0.000000 -0.866026 0.499999
vn -1.000000 0.000000 0.000000
vn -1.000000 0.000000 0.000000
vn -1.000000 0.000000 0.000000
vn -1.000000 0.000000 0.000000
vn 0.000000 -0.866033 0.499987
vn 0.000000 -0.866033 0.499987
vn 0.000000 -0.866058 0.499943
vn 0.000000 -0.866058 0.499943
vn 1.000000 0.000000 0.000000
vn 1.000000 0.000000 -0.000001
vn 1.000000 0.000000 0.000000
vn 1.000000 0.000000 0.000000
vn 1.000000 0.000000 0.000000
vn 1.000000 0.000000 -0.000001
vn 1.000000 0.000000 -0.000001
vn 1.000000 0.000000 -0.000001
vn 0.000000 0.000000 1.000000
vn 0.000000 0.000000 1.000000
vn 0.000000 0.000000 1.000000
vn 0.000000 0.000000 1.000000
vn -1.000000 0.000000 0.000000
vn -1.000000 0.000000 0.000000
vn -1.000000 0.000000 0.000000
vn -1.000000 0.000000 0.000000
vn 0.000000 0.000000 1.000000
vn 0.000000 0.000000 1.000000
vn 0.000000 0.000000 1.000000
vn 0.000000 0.000000 1.000000
vn -1.000000 0.000000 0.000000
vn -1.000000 0.000000 0.000000
vn -1.000000 0.000000 0.000000
vn -1.000000 0.000000 0.000000
vn -1.000000 0.000000 0.000000
vn -1.000000 0.000000 0.000000
vn -1.000000 0.000000 0.000000
vn -1.000000 0.000000 0.000000
vn 0.000000 0.000000 1.000000
vn 0.000000 0.000000 1.000000
vn 0.000000 0.000000 1.000000
vn 0.000000 0.000000 1.000000
vn -1.000000 0.000000 0.000000
vn -1.000000 0.000000 0.000000
vn -1.000000 0.000000 0.000000
vn -1.000000 0.000000 0.000000
vn 0.000000 0.000000 1.000000
vn 0.000000 0.000000 1.000000
vn 0.000000 0.000000 1.000000
vn 0.000000 0.000000 1.000000
vn 1.000000 0.000000 -0.000001
vn 1.000000 0.000000 -0.000001
vn 1.000000 0.000000 0.000000
vn 1.000000 0.000000 0.000000
vn 0.000000 -0.500061 0.865990
vn 0.000000 -0.258754 0.965943
vn 0.000000 -0.258754 0.965943
vn 0.000000 -0.500061 0.865990
vn 0.000000 0.500085 0.865976
vn 0.000000 0.707114 0.707100
vn 0.000000 0.707114 0.707100
vn 0.000000 0.500085 0.865976
vn 0.000000 1.000000 -0.000011
vn 0.000000 0.965926 -0.258819
vn 0.000000 0.965926 -0.258819
vn 0.000000 1.000000 -0.000011
vn 0.000000 0.499929 -0.866066
vn 0.000000 0.258944 -0.965892
vn 0.000000 0.258944 -0.965892
vn 0.000000 0.499929 -0.866066
vn 0.000000 -0.499933 -0.866064
vn 0.000000 -0.707081 -0.707132
vn 0.000000 -0.707081 -0.707132
vn 0.000000 -0.499933 -0.866064
vn 0.000000 -1.000000 0.000009
vn 0.000000 -0.965924 0.258827
vn 0.000000 -0.965924 0.258827
vn 0.000000 -1.000000 0.000009
vn 0.000000 -0.866040 0.499975
vn 0.000000 -0.707106 0.707108
vn 0.000000 -0.707106 0.707108
vn 0.000000 -0.866040 0.499975
vn 0.000000 -0.866043 -0.499970
vn 0.000000 -0.965933 -0.258793
vn 0.000000 -0.965933 -0.258793
vn 0.000000 -0.866043 -0.499970
vn 0.000000 0.000000 1.000000
vn 0.000000 0.258782 0.965936
vn 0.000000 0.258782 0.965936
vn 0.000000 0.000000 1.000000
vn 0.000000 0.866036 0.499982
vn 0.000000 0.965927 0.258816
vn 0.000000 0.965927 0.258816
vn 0.000000 0.866036 0.499982
vn 0.000000 0.866041 -0.499974
vn 0.000000 0.707076 -0.707138
vn 0.000000 0.707076 -0.707138
vn 0.000000 0.866041 -0.499974
vn 0.000000 0.000000 -1.000000
vn 0.000000 -0.258944 -0.965892
vn 0.000000 -0.258944 -0.965892
vn 0.000000 0.000000 -1.000000
vn 0.000000 -0.707081 -0.707132
vn 0.000000 -0.866043 -0.499970
vn 0.000000 -0.866043 -0.499970
vn 0.000000 -0.707081 -0.707132
vn 0.000000 -0.965933 -0.258793
vn 0.000000 -1.000000 0.000009
vn 0.000000 -1.000000 0.000009
vn 0.000000 -0.965933 -0.258793
vn 0.000000 -0.965924 0.258827
vn 0.000000 -0.866040 0.499975
vn 0.000000 -0.866040 0.499975
vn 0.000000 -0.965924 0.258827
vn 0.000000 -0.707106 0.707108
vn 0.000000 -0.500061 0.865990
vn 0.000000 -0.500061 0.865990
vn 0.000000 -0.707106 0.707108
vn 0.000000 -0.258754 0.965943
vn 0.000000 0.000000 1.000000
vn 0.000000 0.000000 1.000000
vn 0.000000 -0.258754 0.965943
vn 0.000000 0.258782 0.965936
vn 0.000000 0.500085 0.865976
vn 0.000000 0.500085 0.865976
vn 0.000000 0.258782 0.965936
vn 0.000000 0.707114 0.707100
vn 0.000000 0.866036 0.499982
vn 0.000000 0.866036 0.499982
vn 0.000000 0.707114 0.707100
vn 0.000000 0.965927 0.258816
vn 0.000000 1.000000 -0.000011
vn 0.000000 1.000000 -0.000011
vn 0.000000 0.965927 0.258816
vn 0.000000 0.965926 -0.258819
vn 0.000000 0.866041 -0.499974
vn 0.000000 0.866041 -0.499974
vn 0.000000 0.965926 -0.258819
vn 0.000000 0.707076 -0.707138
vn 0.000000 0.499929 -0.866066
vn 0.000000 0.499929 -0.866066
vn 0.000000 0.707076 -0.707138
vn 0.000000 0.258944 -0.965892
vn 0.000000 0.000000 -1.000000
vn 0.000000 0.000000 -1.000000
vn 0.000000 0.258944 -0.965892
vn 0.000000 -0.258944 -0.965892
vn 0.000000 -0.499933 -0.866064
vn 0.000000 -0.499933 -0.866064
vn 0.000000 -0.258944 -0.965892
vn -1.000000 0.000000 0.000001
vn -1.000000 0.000000 0.000001
vn -1.000000 0.000000 0.000001
vn -1.000000 0.000000 0.000001
vn -1.000000 0.000000 0.000001
vn -1.000000 0.000000 0.000001
vn -1.000000 0.000001 0.000000
vn -1.000000 0.000001 0.000000
vn -1.000000 0.000001 0.000000
vn -1.000000 0.000000 -0.000001
vn -1.000000 0.000000 -0.000001
vn -1.000000 0.000000 -0.000001
vn -1.000000 0.000000 -0.000001
vn -1.000000 0.000000 -0.000001
vn -1.000000 0.000000 -0.000001
vn -1.000000 -0.000001 0.000000
vn -1.000000 -0.000001 0.000000
vn -1.000000 -0.000001 0.000000
vn -1.000000 -0.000001 0.000001
vn -1.000000 -0.000001 0.000001
vn -1.000000 -0.000001 0.000001
vn -1.000000 -0.000001 -0.000001
vn -1.000000 -0.000001 -0.000001
vn -1.000000 -0.000001 -0.000001
vn -1.000000 0.000000 0.000001
vn -1.000000 0.000000 0.000001
vn -1.000000 0.000000 0.000001
vn -1.000000 0.000001 0.000000
vn -1.000000 0.000001 0.000000
vn -1.000000 0.000001 0.000000
vn -1.000000 0.000001 0.000000
vn -1.000000 0.000001 0.000000
vn -1.000000 0.000001 0.000000
vn -1.000000 0.000000 -0.000001
vn -1.000000 0.000000 -0.000001
vn -1.000000 0.000000 -0.000001
vn -1.000000 -0.000001 -0.000001
vn -1.000000 -0.000001 -0.000001
vn -1.000000 -0.000001 -0.000001
vn -1.000000 -0.000001 0.000000
vn -1.000000 -0.000001 0.000000
vn -1.000000 -0.000001 0.000000
vn -1.000000 -0.000001 0.000000
vn -1.000000 -0.000001 0.000000
vn -1.000000 -0.000001 0.000000
vn -1.000000 0.000000 0.000001
vn -1.000000 0.000000 0.000001
vn -1.000000 0.000000 0.000001
vn -1.000000 0.000000 0.000000
vn -1.000000 0.000000 0.000000
vn -1.000000 0.000000 0.000000
vn -1.000000 0.000000 0.000001
vn -1.000000 0.000000 0.000001
vn -1.000000 0.000000 0.000001
vn -1.000000 0.000001 0.000001
vn -1.000000 0.000001 0.000001
vn -1.000000 0.000001 0.000001
vn -1.000000 0.000001 0.000000
vn -1.000000 0.000001 0.000000
vn -1.000000 0.000001 0.000000
vn -1.000000 0.000001 0.000000
vn -1.000000 0.000001 0.000000
vn -1.000000 0.000001 0.000000
vn -1.000000 0.000000 -0.000001
vn -1.000000 0.000000 -0.000001
vn -1.000000 0.000000 -0.000001
vn -1.000000 0.000000 -0.000001
vn -1.000000 0.000000 -0.000001
vn -1.000000 0.000000 -0.000001
vn -1.000000 0.000000 0.000000
vn -1.000000 0.000000 0.000000
vn -1.000000 0.000000 0.000000
vn 0.000000 -0.258776 0.965937
vn 0.000000 -0.500001 0.866025
vn 0.000000 -0.500001 0.866025
vn 0.000000 -0.258776 0.965937
vn 0.000000 0.707105 0.707109
vn 0.000000 0.500018 0.866015
vn 0.000000 0.500018 0.866015
vn 0.000000 0.707105 0.707109
vn 0.000000 0.965924 -0.258827
vn 0.000000 1.000000 -0.000013
vn 0.000000 1.000000 -0.000012
vn 0.000000 0.965924 -0.258827
vn 0.000000 0.258832 -0.965922
vn 0.000000 0.499985 -0.866034
vn 0.000000 0.499985 -0.866034
vn 0.000000 0.258832 -0.965922
vn 0.000000 -0.707104 -0.707109
vn 0.000000 -0.499972 -0.866042
vn 0.000000 -0.499972 -0.866042
vn 0.000000 -0.707104 -0.707109
vn 0.000000 -0.965923 0.258828
vn 0.000000 -1.000000 0.000009
vn 0.000000 -1.000000 0.000009
vn 0.000000 -0.965923 0.258828
vn 0.000000 -0.707101 0.707113
vn 0.000000 -0.866035 0.499983
vn 0.000000 -0.866035 0.499983
vn 0.000000 -0.707101 0.707113
vn 0.000000 -0.965930 -0.258804
vn 0.000000 -0.866032 -0.499989
vn 0.000000 -0.866032 -0.499989
vn 0.000000 -0.965930 -0.258804
vn 0.000000 0.258796 0.965932
vn 0.000000 0.000000 1.000000
vn 0.000000 0.000000 1.000000
vn 0.000000 0.258796 0.965932
vn 0.000000 0.965927 0.258814
vn 0.000000 0.866035 0.499983
vn 0.000000 0.866035 0.499983
vn 0.000000 0.965927 0.258814
vn 0.000000 0.707110 -0.707104
vn 0.000000 0.866013 -0.500021
vn 0.000000 0.866013 -0.500021
vn 0.000000 0.707110 -0.707104
vn 0.000000 -0.258870 -0.965912
vn 0.000000 -0.000020 -1.000000
vn 0.000000 -0.000020 -1.000000
vn 0.000000 -0.258870 -0.965912
vn 0.000000 -0.866032 -0.499989
vn 0.000000 -0.707104 -0.707109
vn 0.000000 -0.707104 -0.707109
vn 0.000000 -0.866032 -0.499989
vn 0.000000 -1.000000 0.000009
vn 0.000000 -0.965930 -0.258804
vn 0.000000 -0.965930 -0.258804
vn 0.000000 -1.000000 0.000009
vn 0.000000 -0.866035 0.499983
vn 0.000000 -0.965923 0.258828
vn 0.000000 -0.965923 0.258828
vn 0.000000 -0.866035 0.499983
vn 0.000000 -0.500001 0.866025
vn 0.000000 -0.707101 0.707113
vn 0.000000 -0.707101 0.707113
vn 0.000000 -0.500001 0.866025
vn 0.000000 0.000000 1.000000
vn 0.000000 -0.258776 0.965937
vn 0.000000 -0.258776 0.965937
vn 0.000000 0.000000 1.000000
vn 0.000000 0.500018 0.866015
vn 0.000000 0.258796 0.965932
vn 0.000000 0.258796 0.965932
vn 0.000000 0.500018 0.866015
vn 0.000000 0.866035 0.499983
vn 0.000000 0.707105 0.707109
vn 0.000000 0.707105 0.707109
vn 0.000000 0.866035 0.499983
vn 0.000000 1.000000 -0.000013
vn 0.000000 0.965927 0.258814
vn 0.000000 0.965927 0.258814
vn 0.000000 1.000000 -0.000012
vn 0.000000 0.866013 -0.500021
vn 0.000000 0.965924 -0.258827
vn 0.000000 0.965924 -0.258827
vn 0.000000 0.866013 -0.500021
vn 0.000000 0.499985 -0.866034
vn 0.000000 0.707110 -0.707104
vn 0.000000 0.707110 -0.707104
vn 0.000000 0.499985 -0.866034
vn 0.000000 -0.000020 -1.000000
vn 0.000000 0.258832 -0.965922
vn 0.000000 0.258832 -0.965922
vn 0.000000 -0.000020 -1.000000
vn 0.000000 -0.499972 -0.866042
vn 0.000000 -0.258870 -0.965912
vn 0.000000 -0.258870 -0.965912
vn 0.000000 -0.499972 -0.866042
vn 1.000000 0.000000 0.000000
vn 1.000000 0.000000 0.000000
vn 1.000000 0.000000 0.000000
vn 1.000000 0.000000 -0.000001
vn 1.000000 0.000000 -0.000001
vn 1.000000 0.000000 -0.000001
vn 1.000000 0.000000 0.000000
vn 1.000000 0.000000 0.000000
vn 1.000000 0.000000 0.000000
vn 1.000000 0.000000 0.000000
vn 1.000000 0.000000 0.000000
vn 1.000000 0.000000 0.000000
vn 1.000000 0.000000 0.000000
vn 1.000000 0.000000 0.000000
vn 1.000000 0.000000 0.000000
vn 1.000000 0.000000 -0.000001
vn 1.000000 0.000000 -0.000001
vn 1.000000 0.000000 -0.000001
vn 1.000000 0.000000 0.000000
vn 1.000000 0.000000 0.000000
vn 1.000000 0.000000 0.000000
vn 1.000000 0.000000 0.000000
vn 1.000000 0.000000 0.000000
vn 1.000000 0.000000 0.000000
vn 1.000000 0.000000 0.000000
vn 1.000000 0.000000 0.000000
vn 1.000000 0.000000 0.000000
vn 1.000000 0.000000 0.000000
vn 1.000000 0.000000 0.000000
vn 1.000000 0.000000 0.000000
vn 1.000000 0.000000 0.000000
vn 1.000000 0.000000 0.000000
vn 1.000000 0.000000 0.000000
vn 1.000000 0.000000 0.000000
vn 1.000000 0.000000 0.000000
vn 1.000000 0.000000 0.000000
vn 1.000000 0.000000 0.000000
vn 1.000000 0.000000 0.000000
vn 1.000000 0.000000 0.000000
vn 1.000000 0.000000 0.000000
vn 1.000000 0.000000 0.000000
vn 1.000000 0.000000 0.000000
vn 1.000000 0.000000 0.000000
vn 1.000000 0.000000 0.000000
vn 1.000000 0.000000 0.000000
vn 1.000000 0.000000 0.000000
vn 1.000000 0.000000 0.000000
vn 1.000000 0.000000 0.000000
vn 1.000000 0.000000 0.000000
vn 1.000000 0.000000 0.000000
vn 1.000000 0.000000 0.000000
vn 1.000000 0.000000 0.000000
vn 1.000000 0.000000 0.000000
vn 1.000000 0.000000 0.000000
vn 1.000000 0.000000 0.000000
vn 1.000000 0.000000 0.000000
vn 1.000000 0.000000 0.000000
vn 1.000000 0.000000 -0.000001
vn 1.000000 0.000000 -0.000001
vn 1.000000 0.000000 -0.000001
vn 1.000000 0.000000 0.000000
vn 1.000000 0.000000 0.000000
vn 1.000000 0.000000 0.000000
vn 1.000000 0.000000 0.000000
vn 1.000000 0.000000 0.000000
vn 1.000000 0.000000 0.000000
vn 1.000000 0.000000 0.000000
vn 1.000000 0.000000 0.000000
vn 1.000000 0.000000 0.000000
vn 1.000000 0.000000 0.000000
vn 1.000000 0.000000 0.000000
vn 1.000000 0.000000 0.000000
s off
g LowPoly_Manometer LowPoly_GAUGEFBXASC032ADAPTOR
usemtl blinn1SG
f 1462/2801/5471 1463/2802/5472 1464/2803/5473 1465/2804/5474
f 1466/2805/5475 1467/2806/5476 1468/2807/5477 1469/2808/5478
f 1470/2809/5479 1471/2810/5480 1472/2811/5481 1473/2812/5482
f 1474/2813/5483 1475/2814/5484 1476/2815/5485 1477/2816/5486
f 1478/2817/5487 1479/2818/5488 1480/2819/5489 1481/2820/5490
f 1482/2821/5491 1483/2822/5492 1484/2823/5493 1485/2824/5494
f 1465/2825/5495 1464/2826/5496 1486/2827/5497 1487/2828/5498
f 1469/2829/5499 1468/2830/5500 1488/2831/5501 1489/2832/5502
f 1473/2833/5503 1472/2834/5504 1490/2835/5505 1491/2836/5506
f 1477/2837/5507 1476/2838/5508 1492/2839/5509 1493/2840/5510
f 1481/2841/5511 1480/2842/5512 1494/2843/5513 1495/2844/5514
f 1485/2845/5515 1484/2846/5516 1496/2847/5517 1497/2848/5518
f 1498/2849/5519 1462/2850/5520 1465/2851/5521 1499/2852/5522
f 1499/2853/5523 1465/2825/5524 1487/2828/5525 1500/2854/5526
f 1501/2855/5527 1482/2856/5528 1485/2857/5529 1502/2858/5530
f 1502/2859/5531 1485/2860/5532 1497/2861/5533 1503/2862/5534
f 1504/2863/5535 1466/2864/5536 1469/2865/5537 1505/2866/5538
f 1505/2867/5539 1469/2829/5540 1489/2832/5541 1506/2868/5542
f 1507/2869/5543 1470/2870/5544 1473/2871/5545 1508/2872/5546
f 1508/2873/5547 1473/2833/5548 1491/2836/5549 1509/2874/5550
f 1510/2875/5551 1474/2876/5552 1477/2877/5553 1511/2878/5554
f 1511/2879/5555 1477/2837/5556 1493/2840/5557 1512/2880/5558
f 1513/2881/5559 1478/2882/5560 1481/2883/5561 1514/2884/5562
f 1514/2885/5563 1481/2841/5564 1495/2844/5565 1515/2886/5566
f 1463/2887/5567 1462/2888/5568 1516/2889/5569 1517/2890/5570
f 1467/2891/5571 1466/2892/5572 1518/2893/5573 1519/2894/5574
f 1471/2895/5575 1470/2896/5576 1520/2897/5577 1521/2898/5578
f 1475/2899/5579 1474/2900/5580 1522/2901/5581 1523/2902/5582
f 1479/2903/5583 1478/2904/5584 1524/2905/5585 1525/2906/5586
f 1483/2907/5587 1482/2908/5588 1526/2909/5589 1527/2910/5590
f 1462/2888/5591 1498/2911/5592 1528/2912/5593 1516/2889/5594
f 1482/2908/5595 1501/2913/5596 1529/2914/5597 1526/2909/5598
f 1466/2915/5599 1504/2916/5600 1530/2917/5601 1518/2918/5602
f 1470/2896/5603 1507/2919/5604 1531/2920/5605 1520/2897/5606
f 1474/2900/5607 1510/2921/5608 1532/2922/5609 1522/2901/5610
f 1478/2904/5611 1513/2923/5612 1533/2924/5613 1524/2905/5614
f 1517/2925/5615 1516/2926/5616 1534/2927/5617 1535/2928/5618
f 1519/2929/5619 1518/2930/5620 1536/2931/5621 1537/2932/5622
f 1521/2933/5623 1520/2934/5624 1538/2935/5625 1539/2936/5626
f 1523/2937/5627 1522/2938/5628 1540/2939/5629 1541/2940/5630
f 1525/2941/5631 1524/2942/5632 1542/2943/5633 1543/2944/5634
f 1527/2945/5635 1526/2946/5636 1544/2947/5637 1545/2948/5638
f 1516/2949/5639 1528/2950/5640 1546/2951/5641 1534/2952/5642
f 1526/2953/5643 1529/2954/5644 1547/2955/5645 1544/2956/5646
f 1518/2957/5647 1530/2958/5648 1548/2959/5649 1536/2960/5650
f 1520/2961/5651 1531/2962/5652 1549/2963/5653 1538/2964/5654
f 1522/2965/5655 1532/2966/5656 1550/2967/5657 1540/2968/5658
f 1524/2969/5659 1533/2970/5660 1551/2971/5661 1542/2972/5662
f 1535/2973/5663 1534/2974/5664 1552/2975/5665 1553/2976/5666
f 1537/2977/5667 1536/2978/5668 1554/2979/5669 1555/2980/5670
f 1539/2981/5671 1538/2982/5672 1556/2983/5673 1557/2984/5674
f 1541/2985/5675 1540/2986/5676 1558/2987/5677 1559/2988/5678
f 1543/2989/5679 1542/2990/5680 1560/2991/5681 1561/2992/5682
f 1545/2993/5683 1544/2994/5684 1562/2995/5685 1563/2996/5686
f 1534/2974/5687 1546/2997/5688 1564/2998/5689 1552/2975/5690
f 1544/2999/5691 1547/3000/5692 1565/3001/5693 1562/3002/5694
f 1536/2978/5695 1548/3003/5696 1566/3004/5697 1554/2979/5698
f 1538/2982/5699 1549/3005/5700 1567/3006/5701 1556/2983/5702
f 1540/2986/5703 1550/3007/5704 1568/3008/5705 1558/2987/5706
f 1542/2990/5707 1551/3009/5708 1569/3010/5709 1560/2991/5710
f 1570/3011/5711 1543/2989/5712 1561/2992/5713 1571/3012/5714
f 1572/3013/5715 1525/2941/5716 1543/2944/5717 1570/3014/5718
f 1573/3015/5719 1479/2903/5720 1525/2906/5721 1572/3016/5722
f 1480/2819/5723 1479/2818/5724 1573/3017/5725 1574/3018/5726
f 1480/2842/5727 1574/3019/5728 1575/3020/5729 1494/2843/5730
f 1574/3019/5731 1502/2859/5732 1503/2862/5733 1575/3020/5734
f 1573/3017/5735 1501/2855/5736 1502/2858/5737 1574/3018/5738
f 1529/2914/5739 1501/2913/5740 1573/3015/5741 1572/3016/5742
f 1547/2955/5743 1529/2954/5744 1572/3013/5745 1570/3014/5746
f 1547/3000/5747 1570/3011/5748 1571/3012/5749 1565/3001/5750
f 1576/3021/5751 1545/2993/5752 1563/2996/5753 1577/3022/5754
f 1578/3023/5755 1527/2945/5756 1545/2948/5757 1576/3024/5758
f 1579/3025/5759 1483/2907/5760 1527/2910/5761 1578/3026/5762
f 1484/2823/5763 1483/2822/5764 1579/3027/5765 1580/3028/5766
f 1484/2846/5767 1580/3029/5768 1581/3030/5769 1496/2847/5770
f 1580/3029/5771 1499/2853/5772 1500/2854/5773 1581/3030/5774
f 1579/3027/5775 1498/2849/5776 1499/2852/5777 1580/3028/5778
f 1528/2912/5779 1498/2911/5780 1579/3025/5781 1578/3026/5782
f 1546/2951/5783 1528/2950/5784 1578/3023/5785 1576/3024/5786
f 1546/2997/5787 1576/3021/5788 1577/3022/5789 1564/2998/5790
f 1582/3031/5791 1535/2973/5792 1553/2976/5793 1583/3032/5794
f 1584/3033/5795 1517/2925/5796 1535/2928/5797 1582/3034/5798
f 1585/3035/5799 1463/2887/5800 1517/2890/5801 1584/3036/5802
f 1464/2803/5803 1463/2802/5804 1585/3037/5805 1586/3038/5806
f 1464/2826/5807 1586/3039/5808 1587/3040/5809 1486/2827/5810
f 1586/3039/5811 1505/2867/5812 1506/2868/5813 1587/3040/5814
f 1585/3037/5815 1504/2863/5816 1505/2866/5817 1586/3038/5818
f 1530/2917/5819 1504/2916/5820 1585/3035/5821 1584/3036/5822
f 1548/2959/5823 1530/2958/5824 1584/3033/5825 1582/3034/5826
f 1548/3003/5827 1582/3031/5828 1583/3032/5829 1566/3004/5830
f 1588/3041/5831 1537/2977/5832 1555/2980/5833 1589/3042/5834
f 1590/3043/5835 1519/2929/5836 1537/2932/5837 1588/3044/5838
f 1591/3045/5839 1467/2891/5840 1519/2894/5841 1590/3046/5842
f 1468/2807/5843 1467/2806/5844 1591/3047/5845 1592/3048/5846
f 1468/2830/5847 1592/3049/5848 1593/3050/5849 1488/2831/5850
f 1592/3049/5851 1508/2873/5852 1509/2874/5853 1593/3050/5854
f 1591/3047/5855 1507/2869/5856 1508/2872/5857 1592/3048/5858
f 1531/2920/5859 1507/2919/5860 1591/3045/5861 1590/3046/5862
f 1549/2963/5863 1531/2962/5864 1590/3043/5865 1588/3044/5866
f 1549/3005/5867 1588/3041/5868 1589/3042/5869 1567/3006/5870
f 1594/3051/5871 1539/2981/5872 1557/2984/5873 1595/3052/5874
f 1596/3053/5875 1521/2933/5876 1539/2936/5877 1594/3054/5878
f 1597/3055/5879 1471/2895/5880 1521/2898/5881 1596/3056/5882
f 1472/2811/5883 1471/2810/5884 1597/3057/5885 1598/3058/5886
f 1472/2834/5887 1598/3059/5888 1599/3060/5889 1490/2835/5890
f 1598/3059/5891 1511/2879/5892 1512/2880/5893 1599/3060/5894
f 1597/3057/5895 1510/2875/5896 1511/2878/5897 1598/3058/5898
f 1532/2922/5899 1510/2921/5900 1597/3055/5901 1596/3056/5902
f 1550/2967/5903 1532/2966/5904 1596/3053/5905 1594/3054/5906
f 1550/3007/5907 1594/3051/5908 1595/3052/5909 1568/3008/5910
f 1600/3061/5911 1541/2985/5912 1559/2988/5913 1601/3062/5914
f 1602/3063/5915 1523/2937/5916 1541/2940/5917 1600/3064/5918
f 1603/3065/5919 1475/2899/5920 1523/2902/5921 1602/3066/5922
f 1476/2815/5923 1475/2814/5924 1603/3067/5925 1604/3068/5926
f 1476/2838/5927 1604/3069/5928 1605/3070/5929 1492/2839/5930
f 1604/3069/5931 1514/2885/5932 1515/2886/5933 1605/3070/5934
f 1603/3067/5935 1513/2881/5936 1514/2884/5937 1604/3068/5938
f 1533/2924/5939 1513/2923/5940 1603/3065/5941 1602/3066/5942
f 1551/2971/5943 1533/2970/5944 1602/3063/5945 1600/3064/5946
f 1551/3009/5947 1600/3061/5948 1601/3062/5949 1569/3010/5950
f 1487/3071/5951 1486/3072/5952 1606/3073/5953 1607/3074/5954
f 1489/3075/5955 1488/3076/5956 1608/3077/5957 1609/3078/5958
f 1491/3079/5959 1490/3080/5960 1610/3081/5961 1611/3082/5962
f 1493/3083/5963 1492/3084/5964 1612/3085/5965 1613/3086/5966
f 1495/3087/5967 1494/3088/5968 1614/3089/5969 1615/3090/5970
f 1497/3091/5971 1496/3092/5972 1616/3093/5973 1617/3094/5974
f 1581/3095/5975 1500/3096/5976 1618/3097/5977 1619/3098/5978
f 1575/3099/5979 1503/3100/5980 1620/3101/5981 1621/3102/5982
f 1587/3103/5983 1506/3104/5984 1622/3105/5985 1623/3106/5986
f 1593/3107/5987 1509/3108/5988 1624/3109/5989 1625/3110/5990
f 1599/3111/5991 1512/3112/5992 1626/3113/5993 1627/3114/5994
f 1605/3115/5995 1515/3116/5996 1628/3117/5997 1629/3118/5998
f 1494/3088/5999 1575/3099/6000 1621/3102/6001 1614/3089/6002
f 1503/3100/6003 1497/3119/6004 1617/3120/6005 1620/3101/6006
f 1496/3092/6007 1581/3095/6008 1619/3098/6009 1616/3093/6010
f 1500/3096/6011 1487/3071/6012 1607/3074/6013 1618/3097/6014
f 1486/3072/6015 1587/3103/6016 1623/3106/6017 1606/3073/6018
f 1506/3104/6019 1489/3075/6020 1609/3078/6021 1622/3105/6022
f 1488/3076/6023 1593/3107/6024 1625/3110/6025 1608/3077/6026
f 1509/3108/6027 1491/3079/6028 1611/3082/6029 1624/3109/6030
f 1490/3080/6031 1599/3111/6032 1627/3114/6033 1610/3081/6034
f 1512/3112/6035 1493/3083/6036 1613/3086/6037 1626/3113/6038
f 1492/3084/6039 1605/3115/6040 1629/3118/6041 1612/3085/6042
f 1515/3116/6043 1495/3087/6044 1615/3090/6045 1628/3117/6046
f 1607/3121/6047 1606/3122/6048 1630/3123/6049
f 1609/3124/6050 1608/3125/6051 1630/3123/6052
f 1611/3126/6053 1610/3127/6054 1630/3123/6055
f 1613/3128/6056 1612/3129/6057 1630/3123/6058
f 1615/3130/6059 1614/3131/6060 1630/3123/6061
f 1617/3132/6062 1616/3133/6063 1630/3123/6064
f 1619/3134/6065 1618/3135/6066 1630/3123/6067
f 1621/3136/6068 1620/3137/6069 1630/3123/6070
f 1623/3138/6071 1622/3139/6072 1630/3123/6073
f 1625/3140/6074 1624/3141/6075 1630/3123/6076
f 1627/3142/6077 1626/3143/6078 1630/3123/6079
f 1629/3144/6080 1628/3145/6081 1630/3123/6082
f 1614/3131/6083 1621/3136/6084 1630/3123/6085
f 1620/3137/6086 1617/3132/6087 1630/3123/6088
f 1616/3133/6089 1619/3134/6090 1630/3123/6091
f 1618/3135/6092 1607/3121/6093 1630/3123/6094
f 1606/3122/6095 1623/3138/6096 1630/3123/6097
f 1622/3139/6098 1609/3124/6099 1630/3123/6100
f 1608/3125/6101 1625/3140/6102 1630/3123/6103
f 1624/3141/6104 1611/3126/6105 1630/3123/6106
f 1610/3127/6107 1627/3142/6108 1630/3123/6109
f 1626/3143/6110 1613/3128/6111 1630/3123/6112
f 1612/3129/6113 1629/3144/6114 1630/3123/6115
f 1628/3145/6116 1615/3130/6117 1630/3123/6118
f 1553/3146/6119 1552/3147/6120 1631/3148/6121 1632/3149/6122
f 1555/3150/6123 1554/3151/6124 1633/3152/6125 1634/3153/6126
f 1557/3154/6127 1556/3155/6128 1635/3156/6129 1636/3157/6130
f 1559/3158/6131 1558/3159/6132 1637/3160/6133 1638/3161/6134
f 1561/3162/6135 1560/3163/6136 1639/3164/6137 1640/3165/6138
f 1563/3166/6139 1562/3167/6140 1641/3168/6141 1642/3169/6142
f 1564/3170/6143 1577/3171/6144 1643/3172/6145 1644/3173/6146
f 1565/3174/6147 1571/3175/6148 1645/3176/6149 1646/3177/6150
f 1566/3178/6151 1583/3179/6152 1647/3180/6153 1648/3181/6154
f 1567/3182/6155 1589/3183/6156 1649/3184/6157 1650/3185/6158
f 1568/3186/6159 1595/3187/6160 1651/3188/6161 1652/3189/6162
f 1569/3190/6163 1601/3191/6164 1653/3192/6165 1654/3193/6166
f 1571/3175/6167 1561/3162/6168 1640/3165/6169 1645/3176/6170
f 1562/3194/6171 1565/3174/6172 1646/3177/6173 1641/3195/6174
f 1577/3171/6175 1563/3166/6176 1642/3169/6177 1643/3172/6178
f 1552/3147/6179 1564/3170/6180 1644/3173/6181 1631/3148/6182
f 1583/3179/6183 1553/3146/6184 1632/3149/6185 1647/3180/6186
f 1554/3151/6187 1566/3178/6188 1648/3181/6189 1633/3152/6190
f 1589/3183/6191 1555/3150/6192 1634/3153/6193 1649/3184/6194
f 1556/3155/6195 1567/3182/6196 1650/3185/6197 1635/3156/6198
f 1595/3187/6199 1557/3154/6200 1636/3157/6201 1651/3188/6202
f 1558/3159/6203 1568/3186/6204 1652/3189/6205 1637/3160/6206
f 1601/3191/6207 1559/3158/6208 1638/3161/6209 1653/3192/6210
f 1560/3163/6211 1569/3190/6212 1654/3193/6213 1639/3164/6214
f 1632/3196/6215 1631/3197/6216 1655/3198/6217
f 1634/3199/6218 1633/3200/6219 1655/3198/6220
f 1636/3201/6221 1635/3202/6222 1655/3198/6223
f 1638/3203/6224 1637/3204/6225 1655/3198/6226
f 1640/3205/6227 1639/3206/6228 1655/3198/6229
f 1642/3207/6230 1641/3208/6231 1655/3198/6232
f 1644/3209/6233 1643/3210/6234 1655/3198/6235
f 1646/3211/6236 1645/3212/6237 1655/3198/6238
f 1648/3213/6239 1647/3214/6240 1655/3198/6241
f 1650/3215/6242 1649/3216/6243 1655/3198/6244
f 1652/3217/6245 1651/3218/6246 1655/3198/6247
f 1654/3219/6248 1653/3220/6249 1655/3198/6250
f 1645/3212/6251 1640/3205/6252 1655/3198/6253
f 1641/3208/6254 1646/3211/6255 1655/3198/6256
f 1643/3210/6257 1642/3207/6258 1655/3198/6259
f 1631/3197/6260 1644/3209/6261 1655/3198/6262
f 1647/3214/6263 1632/3196/6264 1655/3198/6265
f 1633/3200/6266 1648/3213/6267 1655/3198/6268
f 1649/3216/6269 1634/3199/6270 1655/3198/6271
f 1635/3202/6272 1650/3215/6273 1655/3198/6274
f 1651/3218/6275 1636/3201/6276 1655/3198/6277
f 1637/3204/6278 1652/3217/6279 1655/3198/6280
f 1653/3220/6281 1638/3203/6282 1655/3198/6283
f 1639/3206/6284 1654/3219/6285 1655/3198/6286
